date,home_team,away_team,neutral,tournament,t_weight,elo_home,elo_away,elo_diff,elo_win_prob_h,elo_win_prob_a,diff_pts5,diff_pts10,diff_wpts5,diff_gf5,diff_ga5,h2h_wwin_rate_a,h2h_wwin_rate_b,h2h_wdraw_rate,h2h_gf_a,h2h_ga_a,h2h_n_matches,h_world_ranking,h_participations,h_elo_rating,h_elo_rank_wc,h_ea_overall,h_ea_attack,h_ea_midfield,h_ea_defense,h_ea_atk_def_ratio,h_ea_balance,h_squad_value_m,h_log_squad_value,h_rank_score,h_wc_exp,a_world_ranking,a_participations,a_elo_rating,a_elo_rank_wc,a_ea_overall,a_ea_attack,a_ea_midfield,a_ea_defense,a_ea_atk_def_ratio,a_ea_balance,a_squad_value_m,a_log_squad_value,a_rank_score,a_wc_exp,diff_ea_overall,diff_ea_attack,diff_ea_midfield,diff_ea_defense,diff_squad_value_m,diff_rank_score,diff_wc_exp,a_gf5,a_ga5,a_pts5,a_wpts5,a_gf10,a_ga10,a_pts10,a_wpts10,h_gf5,h_ga5,h_pts5,h_wpts5,h_gf10,h_ga10,h_pts10,h_wpts10,outcome,home_goals,away_goals,goal_diff,total_goals
2018-01-28,United States,Bosnia and Herzegovina,False,Friendly,0.3,1756.0,1680.0,76.0,0.7336337024138074,0.26636629758619257,0.0,0.0,0.0,0.0,0.0,0.5270686807998297,0.44843667890900374,0.24871297974566842,0.7624799976717979,0.0,2,16,11,1675.7,15,,,,,,,250,5.5254529391317835,0.0625,2.4849066497880004,65,1,1385.0,43,,,,,,,70,4.2626798770413155,0.015384615384615385,0.6931471805599453,,,,,180,0.047115384615384615,1.791759469228055,,,,,,,,,,,,,,,,,D,0,0,0,0
2018-01-31,Mexico,Bosnia and Herzegovina,True,Friendly,0.3,1838.0,1684.7,153.29999999999995,0.7073329216572214,0.2926670783427786,,,,,,0.5133244592555753,0.4866755407444246,0.2433377703722123,1.0,0.0,1,15,17,1684.13,14,77.71,79.23,77.3,75.4,1.0507957559681698,1.9150195821453098,230,5.442417710521793,0.06666666666666667,2.8903717578961645,65,1,1385.0,43,,,,,,,70,4.2626798770413155,0.015384615384615385,0.6931471805599453,,,,,160,0.05128205128205128,2.197224577336219,,,,,,,,,,,,,,,,,H,1,0,1,1
2018-02-28,Iraq,Saudi Arabia,False,Friendly,0.3,1618.0,1604.0,14.0,0.6584145209169125,0.34158547908308745,0.0,0.0,0.0,0.0,0.0,0.3869935561553704,0.42815157283261523,0.33404386541561293,0.8942963805296045,1.0569711603749496,5,57,1,1447.0,39,70.2,71.16,69.09,70.18,1.013964092333998,1.0354870029765348,15,2.772588722239781,0.017543859649122806,0.6931471805599453,61,6,1421.0,41,75.74,75.38,76.06,74.85,1.0070808283233132,0.6065476073648342,55,4.02535169073515,0.01639344262295082,1.9459101490553132,-5.539999999999992,-4.219999999999999,-6.969999999999999,-4.6699999999999875,-40,0.0011504170261719855,-1.252762968495368,,,,,,,,,,,,,,,,,H,4,1,3,5
2018-03-21,Iraq,Qatar,False,Friendly,0.3,1630.0,1590.0,40.0,0.691236152414763,0.308763847585237,,,,,,0.45418658522561883,0.4430318744394863,0.272657315036854,0.8349711713472883,1.168283251010976,6,57,1,1447.0,39,70.2,71.16,69.09,70.18,1.013964092333998,1.0354870029765348,15,2.772588722239781,0.017543859649122806,0.6931471805599453,55,1,1454.0,38,72.65,75.52,71.59,70.64,1.0690826727066818,2.587205699849418,18,2.9444389791664403,0.01818181818181818,0.6931471805599453,-2.450000000000003,-4.359999999999999,-2.5,-0.45999999999999375,-3,-0.0006379585326953749,0.0,,,,,,,,,,,,,,,,,A,2,3,-1,5
2018-03-23,Uruguay,Czech Republic,True,Friendly,0.3,1862.0,1726.0,136.0,0.6863002576833125,0.3136997423166875,0.0,0.0,0.0,0.0,0.0,0.5138786424543811,0.48612135754561897,0.24306067877280949,2.0,0.0,1,17,14,1673.07,16,82.26,82.38,83.75,80.54,1.0228457909113482,1.6107244746800498,270,5.602118820879701,0.058823529411764705,2.70805020110221,41,9,1503.04,33,,,,,,,95,4.564348191467836,0.024390243902439025,2.302585092994046,,,,,175,0.03443328550932568,0.40546510810816416,,,,,,,,,,,,,,,,,H,2,0,2,2
2018-03-23,Tunisia,Iran,False,Friendly,0.3,1696.0,1756.0,-60.0,0.5573116337622928,0.44268836623770724,0.0,0.0,0.0,0.0,0.0,0.5628617325619895,0.43713826743801043,0.21856913371900522,1.8014660581748194,0.0,2,44,6,1483.05,35,72.99,70.78,75.39,71.78,0.9860685427695737,2.42501546386822,80,4.394449154672439,0.022727272727272728,1.9459101490553132,21,6,1616.04,19,75.74,78.83,74.88,72.88,1.0816410537870473,3.0277879714405382,75,4.330733340286331,0.047619047619047616,1.9459101490553132,-2.75,-8.049999999999997,0.5100000000000051,-1.0999999999999943,5,-0.02489177489177489,0.0,,,,,,,,,,,,,,,,,H,1,0,1,1
2018-03-23,Portugal,Egypt,True,Friendly,0.3,1969.0,1686.0,283.0,0.836043425542047,0.16395657445795297,0.0,0.0,0.0,0.0,0.0,0.5138786424543811,0.48612135754561897,0.24306067877280949,2.0,1.0,1,5,8,1763.83,5,83.74,82.45,86.12,82.24,1.0025535019455254,2.182025053323941,850,6.7464121285733745,0.2,2.1972245773362196,29,3,1565.56,25,80.93,86.04,70.5,73.27,1.174286884127201,8.288922326414538,115,4.7535901911063645,0.034482758620689655,1.3862943611198906,2.809999999999988,-3.5900000000000034,15.620000000000005,8.969999999999999,735,0.16551724137931034,0.810930216216329,,,,,,,,,,,,,,,,,H,2,1,1,3
2018-03-23,Senegal,Uzbekistan,True,Friendly,0.3,1735.0,1490.0,245.0,0.8038185194246843,0.1961814805753157,0.0,0.0,0.0,0.0,0.0,0.48612135754561897,0.48612135754561897,0.2708179636815716,1.0,1.0,1,14,3,1686.41,13,79.32,80.15,76.69,79.3,1.0107187894073142,1.8030622100563654,260,5.564520407322694,0.07142857142857142,1.3862943611198906,50,0,1465.34,37,72.62,72.67,74.08,70.68,1.02815506508206,1.7082251998297293,40,3.713572066704308,0.02,0.0,6.699999999999989,7.480000000000004,2.6099999999999994,8.61999999999999,220,0.05142857142857142,1.3862943611198906,,,,,,,,,,,,,,,,,D,1,1,0,2
2018-03-23,Netherlands,England,False,Friendly,0.3,1883.0,1935.0,-52.0,0.5686413918836677,0.4313586081163323,0.0,0.0,0.0,0.0,0.0,0.4298604071648821,0.5701395928351178,0.19864953434886284,1.2066052346699911,1.7310301149373322,3,7,10,1757.87,7,83.2,80.93,83.63,84.01,0.963337697893108,1.6793252613276926,720,6.580639137284949,0.14285714285714285,2.3978952727983707,4,16,1825.97,4,84.06,85.32,85.54,81.18,1.0509977827050996,2.456203031781639,1300,7.170888478512505,0.25,2.833213344056216,-0.8599999999999994,-4.389999999999986,-1.9100000000000108,2.8299999999999983,-580,-0.10714285714285715,-0.4353180712578455,,,,,,,,,,,,,,,,,A,0,1,-1,1
2018-03-23,Germany,Spain,False,Friendly,0.3,2000.0,2048.0,-48.0,0.5742802036545245,0.4257197963454755,0.0,0.0,0.0,0.0,0.0,0.34342522268262676,0.5161855759343266,0.31210181272435994,0.8610938684703567,2.1073109350397194,5,10,20,1731.3,10,83.78,84.42,84.51,82.18,1.0272572402044293,1.3200126262022376,850,6.7464121285733745,0.1,3.044522437723423,2,16,1876.4,2,84.31,84.06,85.96,81.55,1.030778663396689,2.2120201927951126,920,6.825460036255307,0.5,2.833213344056216,-0.5300000000000011,0.35999999999999943,-1.4499999999999886,0.6300000000000097,-70,-0.4,0.21130909366720685,,,,,,,,,,,,,,,,,D,1,1,0,2
2018-03-23,France,Colombia,False,Friendly,0.3,1985.0,1882.0,103.0,0.7628849803052542,0.2371150196947458,0.0,0.0,0.0,0.0,0.0,0.6069716866905611,0.393028313309439,0.1858993947552611,2.917202327037859,1.1655953459242818,2,1,16,1877.32,1,84.99,86.44,82.82,84.39,1.024291977722479,1.815296119094625,1280,7.155396301896734,1.0,2.833213344056216,13,6,1693.09,12,79.68,82.37,79.35,78.43,1.0502358791278847,2.0611647192788847,380,5.942799375126701,0.07692307692307693,1.9459101490553132,5.309999999999988,4.069999999999993,3.469999999999999,5.959999999999994,900,0.9230769230769231,0.8873031950009029,,,,,,,,,,,,,,,,,A,2,3,-1,5
2018-03-23,Norway,Australia,False,Friendly,0.3,1742.0,1740.0,2.0,0.6427130688326204,0.35728693116737964,0.0,0.0,0.0,0.0,0.0,0.5138786424543811,0.48612135754561897,0.24306067877280949,4.0,1.0,1,31,3,1550.94,28,82.05,84.71,81.34,77.67,1.0906398867001414,3.521065179743194,320,5.771441123130016,0.03225806451612903,1.3862943611198906,27,6,1578.66,24,73.3,73.31,72.57,72.76,1.0075590984057174,0.3843175770115159,120,4.795790545596741,0.037037037037037035,1.9459101490553132,8.75,11.399999999999991,8.77000000000001,4.909999999999997,200,-0.004778972520908004,-0.5596157879354227,,,,,,,,,,,,,,,,,H,4,1,3,5
2018-03-24,Canada,New Zealand,True,Friendly,0.3,1620.0,1440.0,180.0,0.7381090325404187,0.2618909674595813,0.0,0.0,0.0,0.0,0.0,0.5138897296363965,0.48611027036360355,0.24305513518180177,1.0,0.0,1,30,2,1556.48,27,78.82,80.96,76.66,78.52,1.031074885379521,2.1565095254446076,200,5.303304908059076,0.03333333333333333,1.0986122886681098,85,2,1281.0,48,71.79,75.19,70.01,71.34,1.0539669189795347,2.690223039080585,9,2.302585092994046,0.011764705882352941,1.0986122886681098,7.029999999999987,5.769999999999996,6.6499999999999915,7.179999999999993,191,0.021568627450980392,0.0,,,,,,,,,,,,,,,,,H,1,0,1,1
2018-03-26,Portugal,Netherlands,True,Friendly,0.3,1972.3,1871.6,100.70000000000005,0.6409928038546276,0.35900719614537235,,,,,,0.505823731342999,0.4941762686570011,0.23371046167959156,0.589378397785876,1.2318648066423723,2,5,8,1763.83,5,83.74,82.45,86.12,82.24,1.0025535019455254,2.182025053323941,850,6.7464121285733745,0.2,2.1972245773362196,7,10,1757.87,7,83.2,80.93,83.63,84.01,0.963337697893108,1.6793252613276926,720,6.580639137284949,0.14285714285714285,2.3978952727983707,0.539999999999992,1.519999999999996,2.490000000000009,-1.7700000000000102,130,0.05714285714285716,-0.2006706954621511,,,,,,,,,,,,,,,,,A,0,3,-3,3
2018-03-27,Morocco,Uzbekistan,False,Friendly,0.3,1706.0,1496.1,209.9000000000001,0.8561811924506489,0.14381880754935106,,,,,,0.5139230428309556,0.4860769571690445,0.24303847858452224,2.0,0.0,1,8,6,1756.21,8,80.56,78.97,78.23,82.18,0.9609394013141883,2.0997698286558326,310,5.739792912179234,0.125,1.9459101490553132,50,0,1465.34,37,72.62,72.67,74.08,70.68,1.02815506508206,1.7082251998297293,40,3.713572066704308,0.02,0.0,7.939999999999998,6.299999999999997,4.150000000000006,11.5,270,0.105,1.9459101490553132,,,,,,,,,,,,,,,,,H,2,0,2,2
2018-03-27,United States,Paraguay,False,Friendly,0.3,1751.3,1700.0,51.299999999999955,0.7049439195514889,0.29505608044851106,,,,,,0.6188867636825932,0.3811132363174068,0.1905566181587034,1.9081773857862327,0.9081773857862325,2,16,11,1675.7,15,,,,,,,250,5.5254529391317835,0.0625,2.4849066497880004,40,8,1503.5,32,74.7,74.93,75.23,74.05,1.011883862255233,0.6132971003790402,100,4.61512051684126,0.025,2.1972245773362196,,,,,150,0.0375,0.2876820724517808,,,,,,,,,,,,,,,,,H,1,0,1,1
2018-03-27,Switzerland,Panama,False,Friendly,0.3,1873.0,1622.0,251.0,0.8829346041256821,0.11706539587431786,0.0,0.0,0.0,0.0,0.0,0.5139230428309556,0.4860769571690445,0.24303847858452224,6.000000000000001,0.0,1,19,12,1650.75,18,79.03,79.12,77.93,79.65,0.9933458882611425,0.8808518604169482,280,5.638354669333745,0.05263157894736842,2.5649493574615367,33,1,1540.64,29,71.68,71.04,71.68,72.16,0.984478935698448,0.5619015334854749,55,4.02535169073515,0.030303030303030304,0.6931471805599453,7.349999999999994,8.079999999999998,6.25,7.490000000000009,225,0.022328548644338114,1.8718021769015913,,,,,,,,,,,,,,,,,H,6,0,6,6
2018-03-27,Spain,Argentina,False,Friendly,0.3,2049.5,1978.0,71.5,0.7285411126534062,0.27145888734659385,,,,,,0.5139230428309556,0.4860769571690445,0.24303847858452224,6.000000000000001,1.0,1,2,16,1876.4,2,84.31,84.06,85.96,81.55,1.030778663396689,2.2120201927951126,920,6.825460036255307,0.5,2.833213344056216,3,18,1874.81,3,84.24,84.97,83.57,83.76,1.0144460362941738,0.7594076639065482,570,6.3473892096560105,0.3333333333333333,2.9444389791664403,0.07000000000000739,-0.9099999999999966,2.3900000000000006,-2.210000000000008,350,0.16666666666666669,-0.1112256351102241,,,,,,,,,,,,,,,,,H,6,1,5,7
2018-03-27,Mexico,Croatia,True,Friendly,0.3,1843.9,1848.0,-4.099999999999909,0.4940998995747349,0.5059001004252651,,,,,,0.4860769571690445,0.5139230428309556,0.24303847858452224,0.0,1.0,1,15,17,1684.13,14,77.71,79.23,77.3,75.4,1.0507957559681698,1.9150195821453098,230,5.442417710521793,0.06666666666666667,2.8903717578961645,11,6,1717.07,11,80.81,78.83,81.31,81.29,0.9697379751506949,1.4260902262246042,340,5.831882477283517,0.09090909090909091,1.9459101490553132,-3.1000000000000085,0.4000000000000057,-4.010000000000005,-5.890000000000001,-110,-0.024242424242424246,0.9444616088408513,,,,,,,,,,,,,,,,,A,0,1,-1,1
2018-03-27,Australia,Colombia,True,Friendly,0.3,1727.5,1897.3,-169.79999999999995,0.27339857437731,0.72660142562269,,,,,,0.3809103071991184,0.5972683312091969,0.2122765151912438,0.0,2.725147982015077,2,27,6,1578.66,24,73.3,73.31,72.57,72.76,1.0075590984057174,0.3843175770115159,120,4.795790545596741,0.037037037037037035,1.9459101490553132,13,6,1693.09,12,79.68,82.37,79.35,78.43,1.0502358791278847,2.0611647192788847,380,5.942799375126701,0.07692307692307693,1.9459101490553132,-6.38000000000001,-9.060000000000002,-6.780000000000001,-5.670000000000002,-260,-0.03988603988603989,0.0,,,,,,,,,,,,,,,,,D,0,0,0,0
2018-03-27,Bosnia and Herzegovina,Senegal,True,Friendly,0.3,1678.8,1728.9,-50.100000000000136,0.42839591663854637,0.5716040833614536,,,,,,0.4860769571690445,0.4860769571690445,0.2708845642464333,0.0,0.0,1,65,1,1385.0,43,,,,,,,70,4.2626798770413155,0.015384615384615385,0.6931471805599453,14,3,1686.41,13,79.32,80.15,76.69,79.3,1.0107187894073142,1.8030622100563654,260,5.564520407322694,0.07142857142857142,1.3862943611198906,,,,,-190,-0.05604395604395604,-0.6931471805599453,,,,,,,,,0.0,0.0,0.5,0.5,0.0,0.0,0.5,0.5,D,0,0,0,0
2018-03-27,Belgium,Saudi Arabia,False,Friendly,0.3,1899.0,1592.0,307.0,0.9123666522054631,0.08763334779453691,,,,,,0.5139230428309556,0.4860769571690445,0.24303847858452224,4.0,0.0,1,9,13,1734.71,9,82.71,82.46,84.06,79.53,1.0368414434804476,2.2973100211624318,600,6.398594934535208,0.1111111111111111,2.6390573296152584,61,6,1421.0,41,75.74,75.38,76.06,74.85,1.0070808283233132,0.6065476073648342,55,4.02535169073515,0.01639344262295082,1.9459101490553132,6.969999999999999,7.079999999999998,8.0,4.680000000000007,545,0.09471766848816028,0.6931471805599452,,,,,,,,,,,,,,,,,H,4,0,4,4
2018-03-27,Algeria,Iran,True,Friendly,0.3,1720.0,1747.1,-27.09999999999991,0.4610788651941038,0.5389211348058962,,,,,,0.5321542442196331,0.46784575578036686,0.22124814655272634,1.7795840994963938,1.2204159005036064,2,28,4,1564.26,26,77.52,79.27,75.35,77.16,1.02734577501296,1.9619123323940861,160,5.081404364984463,0.03571428571428571,1.6094379124341003,21,6,1616.04,19,75.74,78.83,74.88,72.88,1.0816410537870473,3.0277879714405382,75,4.330733340286331,0.047619047619047616,1.9459101490553132,1.7800000000000011,0.4399999999999977,0.46999999999999886,4.280000000000001,85,-0.011904761904761904,-0.33647223662121295,,,,,,,,,,,,,,,,,A,1,2,-1,3
2018-03-27,Germany,Brazil,False,Friendly,0.3,1998.5,2078.0,-79.5,0.5294676827651853,0.4705323172348147,,,,,,0.4860769571690445,0.5139230428309556,0.24303847858452224,0.0,1.0,1,10,20,1731.3,10,83.78,84.42,84.51,82.18,1.0272572402044293,1.3200126262022376,850,6.7464121285733745,0.1,3.044522437723423,6,22,1761.16,6,85.24,85.72,84.39,84.78,1.0110875206416607,0.6836909633257792,1000,6.90875477931522,0.16666666666666666,3.1354942159291497,-1.4599999999999937,-1.2999999999999972,0.12000000000000455,-2.5999999999999943,-150,-0.06666666666666665,-0.09097177820572666,,,,,,,,,,,,,,,,,A,0,1,-1,1
2018-05-09,Algeria,Saudi Arabia,True,Friendly,0.3,1710.8,1588.8,122.0,0.6686949563073317,0.33130504369266833,,,,,,0.596800162803141,0.40319983719685903,0.19030586544710462,1.810801291686084,0.18919870831391583,2,28,4,1564.26,26,77.52,79.27,75.35,77.16,1.02734577501296,1.9619123323940861,160,5.081404364984463,0.03571428571428571,1.6094379124341003,61,6,1421.0,41,75.74,75.38,76.06,74.85,1.0070808283233132,0.6065476073648342,55,4.02535169073515,0.01639344262295082,1.9459101490553132,1.7800000000000011,3.8900000000000006,-0.710000000000008,2.3100000000000023,105,0.019320843091334892,-0.33647223662121295,1.0,4.0,0.0,0.0,1.0,4.0,0.0,0.0,,,,,,,,,A,0,2,-2,2
2018-05-19,Iran,Uzbekistan,False,Friendly,0.3,1756.4,1491.8,264.60000000000014,0.8907871045288998,0.10921289547110025,-0.5,-0.5,-0.5,-1.0,0.0,0.32778741952653156,0.2151655324313998,0.5646298142577685,0.8328399648429395,0.6351428812412022,9,21,6,1616.04,19,75.74,78.83,74.88,72.88,1.0816410537870473,3.0277879714405382,75,4.330733340286331,0.047619047619047616,1.9459101490553132,50,0,1465.34,37,72.62,72.67,74.08,70.68,1.02815506508206,1.7082251998297293,40,3.713572066704308,0.02,0.0,3.1199999999999903,6.159999999999997,0.7999999999999972,2.1999999999999886,35,0.027619047619047616,1.9459101490553132,1.0,1.0,0.5,0.5,1.0,1.0,0.5,0.5,0.0,1.0,0.0,0.0,0.0,1.0,0.0,0.0,H,1,0,1,1
2018-05-28,Portugal,Tunisia,False,Friendly,0.3,1949.8,1704.9,244.89999999999986,0.8792560533969688,0.12074394660303123,,,,,,0.48537085831101856,0.48537085831101856,0.27194371253347205,2.0,2.0,1,5,8,1763.83,5,83.74,82.45,86.12,82.24,1.0025535019455254,2.182025053323941,850,6.7464121285733745,0.2,2.1972245773362196,44,6,1483.05,35,72.99,70.78,75.39,71.78,0.9860685427695737,2.42501546386822,80,4.394449154672439,0.022727272727272728,1.9459101490553132,10.75,11.670000000000002,10.730000000000004,10.459999999999994,770,0.17727272727272728,0.25131442828090633,,,,,,,,,2.0,1.0,1.0,1.0,2.0,1.0,1.0,1.0,D,2,2,0,4
2018-05-28,Turkey,Iran,False,Friendly,0.3,1795.0,1758.6,36.40000000000009,0.6867957735444187,0.3132042264555813,-0.5,-0.5,-0.5,-1.0,-1.0,0.5146291416889813,0.48537085831101856,0.24268542915550928,2.0,1.0,1,22,2,1599.04,20,80.6,73.08,82.57,79.88,0.9148723084626941,4.891083724492965,460,6.133398042996649,0.045454545454545456,1.0986122886681098,21,6,1616.04,19,75.74,78.83,74.88,72.88,1.0816410537870473,3.0277879714405382,75,4.330733340286331,0.047619047619047616,1.9459101490553132,4.859999999999999,-5.75,7.689999999999998,7.0,385,-0.0021645021645021606,-0.8472978603872034,1.0,1.0,0.5,0.5,1.0,1.0,0.5,0.5,,,,,,,,,H,2,1,1,3
2018-05-29,Argentina,Haiti,False,Friendly,0.3,1967.1,1530.0,437.0999999999999,0.9565530723286372,0.04344692767136282,,,,,,0.5146408103626969,0.48535918963730307,0.24267959481865153,4.0,0.0,1,3,18,1874.81,3,84.24,84.97,83.57,83.76,1.0144460362941738,0.7594076639065482,570,6.3473892096560105,0.3333333333333333,2.9444389791664403,83,1,1291.0,47,69.56,70.06,68.5,69.54,1.0074777106701178,0.7943131204590139,10,2.3978952727983707,0.012048192771084338,0.6931471805599453,14.679999999999993,14.909999999999997,15.069999999999993,14.219999999999999,560,0.321285140562249,2.251291798606495,,,,,,,,,,,,,,,,,H,4,0,4,4
2018-05-30,Japan,Ghana,False,Friendly,0.3,1771.0,1673.0,98.0,0.7576391748622517,0.24236082513774826,0.0,0.0,0.0,0.0,0.0,0.6251493340921916,0.3748506659078083,0.17675309287943555,2.3424367115662545,0.38977174924386604,3,18,7,1661.58,17,76.86,73.58,78.41,76.46,0.9623332461417735,2.4298765400735887,290,5.673323267171493,0.05555555555555555,2.0794415416798357,74,4,1346.0,45,75.83,76.81,77.55,73.19,1.0494603087853533,2.3331523739353166,130,4.875197323201151,0.013513513513513514,1.6094379124341003,1.0300000000000011,-3.230000000000004,0.8599999999999994,3.269999999999996,160,0.04204204204204204,0.47000362924573547,,,,,,,,,,,,,,,,,A,0,2,-2,2
2018-06-01,Colombia,Egypt,True,Friendly,0.3,1892.7,1682.7,210.0,0.770096676660982,0.22990332333901797,,,,,,0.48532412943198805,0.48532412943198805,0.27201380585201795,0.0,0.0,1,13,6,1693.09,12,79.68,82.37,79.35,78.43,1.0502358791278847,2.0611647192788847,380,5.942799375126701,0.07692307692307693,1.9459101490553132,29,3,1565.56,25,80.93,86.04,70.5,73.27,1.174286884127201,8.288922326414538,115,4.7535901911063645,0.034482758620689655,1.3862943611198906,-1.25,-3.6700000000000017,8.849999999999994,5.160000000000011,265,0.04244031830238727,0.5596157879354227,,,,,,,,,3.0,2.0,1.0,1.0,3.0,2.0,1.0,1.0,D,0,0,0,0
2018-06-01,Czech Republic,Australia,True,Friendly,0.3,1716.6,1732.0,-15.400000000000091,0.47785212111282666,0.5221478788871734,,,,,,0.48532412943198805,0.514675870568012,0.24266206471599402,0.0,4.0,1,41,9,1503.04,33,,,,,,,95,4.564348191467836,0.024390243902439025,2.302585092994046,27,6,1578.66,24,73.3,73.31,72.57,72.76,1.0075590984057174,0.3843175770115159,120,4.795790545596741,0.037037037037037035,1.9459101490553132,,,,,-25,-0.01264679313459801,0.35667494393873267,1.0,4.0,0.0,0.0,1.0,4.0,0.0,0.0,,,,,,,,,A,0,4,-4,4
2018-06-01,Algeria,Cape Verde,False,Friendly,0.3,1690.7,1540.0,150.70000000000005,0.8089412323041505,0.1910587676958495,0.0,0.0,0.0,1.0,2.0,0.551167644403991,0.44883235559600904,0.21161782074622876,4.499832058759994,1.3334452941600041,2,28,4,1564.26,26,77.52,79.27,75.35,77.16,1.02734577501296,1.9619123323940861,160,5.081404364984463,0.03571428571428571,1.6094379124341003,69,0,1366.0,44,71.83,71.91,72.04,71.65,1.0036287508722959,0.19857828011475231,30,3.4339872044851463,0.014492753623188406,0.0,5.689999999999998,7.359999999999999,3.309999999999988,5.509999999999991,130,0.021221532091097305,1.6094379124341003,,,,,,,,,1.0,2.0,0.0,0.0,1.0,2.0,0.0,0.0,A,2,3,-1,5
2018-06-01,Turkey,Tunisia,True,Friendly,0.3,1801.3,1712.4,88.89999999999986,0.6252165171242056,0.37478348287579444,,,,,,0.48532412943198805,0.48532412943198805,0.27201380585201795,2.0,2.0,1,22,2,1599.04,20,80.6,73.08,82.57,79.88,0.9148723084626941,4.891083724492965,460,6.133398042996649,0.045454545454545456,1.0986122886681098,44,6,1483.05,35,72.99,70.78,75.39,71.78,0.9860685427695737,2.42501546386822,80,4.394449154672439,0.022727272727272728,1.9459101490553132,7.609999999999999,2.299999999999997,7.179999999999993,8.099999999999994,380,0.022727272727272728,-0.8472978603872034,1.0,0.0,1.0,1.0,1.0,0.0,1.0,1.0,,,,,,,,,D,2,2,0,4
2018-06-01,South Korea,Bosnia and Herzegovina,False,Friendly,0.3,1750.0,1680.3,69.70000000000005,0.7264870575425807,0.2735129424574193,-0.25,-0.25,-0.25,0.0,-0.5,0.48532412943198805,0.514675870568012,0.24266206471599402,1.0,3.0,1,25,10,1589.65,23,80.06,83.51,76.56,79.68,1.048067269076305,3.481039116892159,210,5.351858133476067,0.04,2.3978952727983707,65,1,1385.0,43,,,,,,,70,4.2626798770413155,0.015384615384615385,0.6931471805599453,,,,,140,0.024615384615384615,1.7047480922384253,0.0,0.5,0.25,0.25,0.0,0.5,0.25,0.25,,,,,,,,,A,1,3,-2,4
2018-06-02,Mexico,Scotland,False,Friendly,0.3,1834.0,1624.0,210.0,0.8562520600981506,0.14374793990184942,1.0,1.0,1.0,1.0,0.0,0.5146875753862997,0.4853124246137003,0.24265621230685014,1.0,0.0,1,15,17,1684.13,14,77.71,79.23,77.3,75.4,1.0507957559681698,1.9150195821453098,230,5.442417710521793,0.06666666666666667,2.8903717578961645,43,7,1499.92,34,77.5,73.76,79.29,77.16,0.9559357179885952,2.7891994072373767,135,4.912654885736052,0.023255813953488372,2.0794415416798357,0.20999999999999375,5.469999999999999,-1.990000000000009,-1.759999999999991,95,0.043410852713178294,0.8109302162163288,,,,,,,,,1.0,0.0,1.0,1.0,1.0,0.0,1.0,1.0,H,1,0,1,1
2018-06-02,Belgium,Portugal,False,Friendly,0.3,1902.3,1942.3,-40.0,0.5854986786718095,0.4145013213281905,,,,,,0.5206703185963388,0.4519725382854374,0.2533434122609425,0.7151927028664027,0.0,2,9,13,1734.71,9,82.71,82.46,84.06,79.53,1.0368414434804476,2.2973100211624318,600,6.398594934535208,0.1111111111111111,2.6390573296152584,5,8,1763.83,5,83.74,82.45,86.12,82.24,1.0025535019455254,2.182025053323941,850,6.7464121285733745,0.2,2.1972245773362196,-1.0300000000000011,0.009999999999990905,-2.0600000000000023,-2.7099999999999937,-250,-0.0888888888888889,0.44183275227903884,1.0,2.0,0.5,0.5,1.0,2.0,0.5,0.5,,,,,,,,,D,0,0,0,0
2018-06-02,Austria,Germany,False,Friendly,0.3,1720.0,1987.9,-267.9000000000001,0.2755766609730818,0.7244233390269181,-0.5,-0.5,-0.5,-1.0,-1.0,0.5785739387025557,0.42142606129744425,0.21071303064872213,2.0,0.16231982441298784,2,24,7,1593.45,22,78.91,78.39,79.48,78.32,1.0008937691521962,0.6504613747179809,195,5.278114659230517,0.041666666666666664,2.0794415416798357,10,20,1731.3,10,83.78,84.42,84.51,82.18,1.0272572402044293,1.3200126262022376,850,6.7464121285733745,0.1,3.044522437723423,-4.8700000000000045,-6.030000000000001,-5.030000000000001,-3.8600000000000136,-655,-0.05833333333333334,-0.9650808960435873,1.0,1.0,0.5,0.5,1.0,1.0,0.5,0.5,,,,,,,,,H,2,1,1,3
2018-06-03,Spain,Switzerland,False,Friendly,0.3,2060.3,1878.0,182.30000000000018,0.835490331098491,0.16450966890150898,,,,,,0.5786596313455927,0.32964572577711,0.22671930076496968,2.193662499498587,1.1859465471253519,8,2,16,1876.4,2,84.31,84.06,85.96,81.55,1.030778663396689,2.2120201927951126,920,6.825460036255307,0.5,2.833213344056216,19,12,1650.75,18,79.03,79.12,77.93,79.65,0.9933458882611425,0.8808518604169482,280,5.638354669333745,0.05263157894736842,2.5649493574615367,5.280000000000001,4.939999999999998,8.029999999999987,1.8999999999999915,640,0.4473684210526316,0.2682639865946794,,,,,,,,,1.0,1.0,0.5,0.5,1.0,1.0,0.5,0.5,D,1,1,0,2
2018-06-03,Croatia,Brazil,True,Friendly,0.3,1857.9,2088.6,-230.69999999999982,0.20948773932979606,0.790512260670204,,,,,,0.34140791993710234,0.5783946275254666,0.2509014125059823,0.9347955095896678,2.4291116664518215,3,11,6,1717.07,11,80.81,78.83,81.31,81.29,0.9697379751506949,1.4260902262246042,340,5.831882477283517,0.09090909090909091,1.9459101490553132,6,22,1761.16,6,85.24,85.72,84.39,84.78,1.0110875206416607,0.6836909633257792,1000,6.90875477931522,0.16666666666666666,3.1354942159291497,-4.429999999999993,-6.890000000000001,-3.0799999999999983,-3.489999999999995,-660,-0.07575757575757575,-1.1895840668738364,,,,,,,,,,,,,,,,,A,0,2,-2,2
2018-06-06,Norway,Panama,False,Friendly,0.3,1754.5,1617.0,137.5,0.7969209049515267,0.20307909504847332,,,,,,0.5147344852499519,0.4852655147500481,0.24263275737502404,1.0,0.0,1,31,3,1550.94,28,82.05,84.71,81.34,77.67,1.0906398867001414,3.521065179743194,320,5.771441123130016,0.03225806451612903,1.3862943611198906,33,1,1540.64,29,71.68,71.04,71.68,72.16,0.984478935698448,0.5619015334854749,55,4.02535169073515,0.030303030303030304,0.6931471805599453,10.36999999999999,13.669999999999987,9.659999999999997,5.510000000000005,265,0.0019550342130987275,0.6931471805599453,,,,,,,,,,,,,,,,,H,1,0,1,1
2018-06-06,Belgium,Egypt,False,Friendly,0.3,1900.6,1688.1,212.5,0.8580143226828287,0.14198567731717127,1.0,1.0,1.0,3.0,-2.0,0.46287381629716967,0.5371261837028304,0.21818695576680933,1.416494324926999,1.583505675073001,2,9,13,1734.71,9,82.71,82.46,84.06,79.53,1.0368414434804476,2.2973100211624318,600,6.398594934535208,0.1111111111111111,2.6390573296152584,29,3,1565.56,25,80.93,86.04,70.5,73.27,1.174286884127201,8.288922326414538,115,4.7535901911063645,0.034482758620689655,1.3862943611198906,1.779999999999987,-3.5800000000000125,13.560000000000002,6.260000000000005,485,0.07662835249042145,1.2527629684953678,1.0,2.0,0.0,0.0,1.0,2.0,0.0,0.0,4.0,0.0,1.0,1.0,4.0,0.0,1.0,1.0,H,3,0,3,3
2018-06-07,Uruguay,Uzbekistan,False,Friendly,0.3,1871.4,1489.6,381.8000000000002,0.941224896030626,0.05877510396937402,,,,,,0.6171854182644476,0.38281458173555233,0.19140729086777616,2.0992720857270095,0.9007279142729903,2,17,14,1673.07,16,82.26,82.38,83.75,80.54,1.0228457909113482,1.6107244746800498,270,5.602118820879701,0.058823529411764705,2.70805020110221,50,0,1465.34,37,72.62,72.67,74.08,70.68,1.02815506508206,1.7082251998297293,40,3.713572066704308,0.02,0.0,9.64,9.709999999999994,9.670000000000002,9.86,230,0.0388235294117647,2.70805020110221,0.5,1.5,0.25,0.25,0.5,1.5,0.25,0.25,,,,,,,,,H,3,0,3,3
2018-06-07,Portugal,Algeria,False,Friendly,0.3,1944.0,1674.5,269.5,0.8935011066989081,0.10649889330109186,0.5,0.5,0.5,0.8333333333333333,0.0,0.5147462353962706,0.48525376460372943,0.24262688230186472,3.0,0.0,1,5,8,1763.83,5,83.74,82.45,86.12,82.24,1.0025535019455254,2.182025053323941,850,6.7464121285733745,0.2,2.1972245773362196,28,4,1564.26,26,77.52,79.27,75.35,77.16,1.02734577501296,1.9619123323940861,160,5.081404364984463,0.03571428571428571,1.6094379124341003,6.219999999999999,3.180000000000007,10.77000000000001,5.079999999999998,690,0.1642857142857143,0.5877866649021193,0.5,2.0,0.0,0.0,0.5,2.0,0.0,0.0,1.3333333333333333,2.0,0.5,0.5,1.3333333333333333,2.0,0.5,0.5,H,3,0,3,3
2018-06-08,Germany,Saudi Arabia,False,Friendly,0.3,1973.4,1608.8,364.60000000000014,0.9355022122371452,0.06449778776285475,0.25,0.25,0.25,0.0,-3.0,0.5147579946278777,0.4852420053721223,0.24262100268606115,2.0,1.0,1,10,20,1731.3,10,83.78,84.42,84.51,82.18,1.0272572402044293,1.3200126262022376,850,6.7464121285733745,0.1,3.044522437723423,61,6,1421.0,41,75.74,75.38,76.06,74.85,1.0070808283233132,0.6065476073648342,55,4.02535169073515,0.01639344262295082,1.9459101490553132,8.040000000000006,9.040000000000006,8.450000000000003,7.3300000000000125,795,0.08360655737704918,1.0986122886681098,0.5,4.0,0.0,0.0,0.5,4.0,0.0,0.0,0.5,1.0,0.25,0.25,0.5,1.0,0.25,0.25,H,2,1,1,3
2018-06-08,Croatia,Senegal,False,Friendly,0.3,1851.6,1727.5,124.09999999999991,0.7841511326388194,0.21584886736118059,0.5,0.5,0.5,0.0,-1.0,0.5147579946278777,0.4852420053721223,0.24262100268606115,2.0,1.0,1,11,6,1717.07,11,80.81,78.83,81.31,81.29,0.9697379751506949,1.4260902262246042,340,5.831882477283517,0.09090909090909091,1.9459101490553132,14,3,1686.41,13,79.32,80.15,76.69,79.3,1.0107187894073142,1.8030622100563654,260,5.564520407322694,0.07142857142857142,1.3862943611198906,1.490000000000009,-1.3200000000000074,4.6200000000000045,1.990000000000009,80,0.019480519480519487,0.5596157879354227,1.0,1.0,0.5,0.5,1.0,1.0,0.5,0.5,1.0,0.0,1.0,1.0,1.0,0.0,1.0,1.0,H,2,1,1,3
2018-06-08,Switzerland,Japan,False,Friendly,0.3,1884.7,1748.3,136.4000000000001,0.7958942023353893,0.20410579766461068,,,,,,0.5147579946278777,0.4852420053721223,0.24262100268606115,2.0,0.0,1,19,12,1650.75,18,79.03,79.12,77.93,79.65,0.9933458882611425,0.8808518604169482,280,5.638354669333745,0.05263157894736842,2.5649493574615367,18,7,1661.58,17,76.86,73.58,78.41,76.46,0.9623332461417735,2.4298765400735887,290,5.673323267171493,0.05555555555555555,2.0794415416798357,2.1700000000000017,5.540000000000006,-0.47999999999998977,3.190000000000012,-10,-0.0029239766081871343,0.485507815781701,,,,,,,,,6.0,0.0,1.0,1.0,6.0,0.0,1.0,1.0,H,2,0,2,2
2018-06-09,France,United States,False,Friendly,0.3,1969.7,1757.2,212.5,0.8580143226828286,0.14198567731717138,,,,,,0.4852302370486566,0.4852302370486566,0.2721546444270152,1.0,1.0,1,1,16,1877.32,1,84.99,86.44,82.82,84.39,1.024291977722479,1.815296119094625,1280,7.155396301896734,1.0,2.833213344056216,16,11,1675.7,15,,,,,,,250,5.5254529391317835,0.0625,2.4849066497880004,,,,,1030,0.9375,0.3483066942682158,0.0,0.0,0.5,0.5,0.0,0.0,0.5,0.5,,,,,,,,,D,1,1,0,2
2018-06-09,Tunisia,Spain,True,Friendly,0.3,1714.9,2053.6,-338.6999999999998,0.12458455483233762,0.8754154451676623,0.0,0.0,0.0,-2.0,0.0,0.4852302370486566,0.5147697629513435,0.2426151185243283,0.0,1.0,1,44,6,1483.05,35,72.99,70.78,75.39,71.78,0.9860685427695737,2.42501546386822,80,4.394449154672439,0.022727272727272728,1.9459101490553132,2,16,1876.4,2,84.31,84.06,85.96,81.55,1.030778663396689,2.2120201927951126,920,6.825460036255307,0.5,2.833213344056216,-11.320000000000007,-13.280000000000001,-10.569999999999993,-9.769999999999996,-840,-0.4772727272727273,-0.8873031950009029,3.5,1.0,0.75,0.75,3.5,1.0,0.75,0.75,1.5,1.0,0.75,0.75,1.5,1.0,0.75,0.75,A,0,1,-1,1
2018-06-10,Austria,Brazil,False,Friendly,0.3,1734.5,2094.9,-360.4000000000001,0.18257727033009988,0.8174227296699001,,,,,,0.485218459626758,0.514781540373242,0.242609229813379,0.0,2.9999999999999996,1,24,7,1593.45,22,78.91,78.39,79.48,78.32,1.0008937691521962,0.6504613747179809,195,5.278114659230517,0.041666666666666664,2.0794415416798357,6,22,1761.16,6,85.24,85.72,84.39,84.78,1.0110875206416607,0.6836909633257792,1000,6.90875477931522,0.16666666666666666,3.1354942159291497,-6.329999999999998,-7.329999999999998,-4.909999999999997,-6.460000000000008,-805,-0.125,-1.056052674249314,1.0,0.0,1.0,1.0,1.0,0.0,1.0,1.0,,,,,,,,,A,0,3,-3,3
2018-06-11,South Korea,Senegal,True,Friendly,0.3,1728.2,1723.2,5.0,0.5071950817090514,0.49280491829094863,,,,,,0.4852066730998486,0.5147933269001514,0.2426033365499243,0.0,2.0,1,25,10,1589.65,23,80.06,83.51,76.56,79.68,1.048067269076305,3.481039116892159,210,5.351858133476067,0.04,2.3978952727983707,14,3,1686.41,13,79.32,80.15,76.69,79.3,1.0107187894073142,1.8030622100563654,260,5.564520407322694,0.07142857142857142,1.3862943611198906,0.7400000000000091,3.3599999999999994,-0.12999999999999545,0.38000000000000966,-50,-0.031428571428571424,1.01160091167848,0.5,0.5,0.5,0.5,0.5,0.5,0.5,0.5,,,,,,,,,A,0,2,-2,2
2018-06-12,Japan,Paraguay,True,Friendly,0.3,1742.1,1694.1,48.0,0.5686413918836677,0.4313586081163323,,,,,,0.46555817757172585,0.3447797926364597,0.36205192611004416,2.5819371000339792,1.5806367112053663,4,18,7,1661.58,17,76.86,73.58,78.41,76.46,0.9623332461417735,2.4298765400735887,290,5.673323267171493,0.05555555555555555,2.0794415416798357,40,8,1503.5,32,74.7,74.93,75.23,74.05,1.011883862255233,0.6132971003790402,100,4.61512051684126,0.025,2.1972245773362196,2.1599999999999966,-1.3500000000000085,3.1799999999999926,2.4099999999999966,190,0.03055555555555555,-0.11778303565638382,,,,,,,,,0.0,2.0,0.0,0.0,0.0,2.0,0.0,0.0,H,4,2,2,6
2018-06-15,Egypt,Uruguay,True,FIFA World Cup,1.0,1683.2,1873.5,-190.29999999999995,0.2505924854424886,0.7494075145575114,-0.75,-0.75,-0.75,-1.5,1.0,0.485159435810396,0.5148405641896041,0.242579717905198,0.0,1.0,1,29,3,1565.56,25,80.93,86.04,70.5,73.27,1.174286884127201,8.288922326414538,115,4.7535901911063645,0.034482758620689655,1.3862943611198906,17,14,1673.07,16,82.26,82.38,83.75,80.54,1.0228457909113482,1.6107244746800498,270,5.602118820879701,0.058823529411764705,2.70805020110221,-1.3299999999999983,3.660000000000011,-13.25,-7.27000000000001,-155,-0.02434077079107505,-1.3217558399823195,2.0,0.0,1.0,1.0,2.0,0.0,1.0,1.0,0.5,1.0,0.25,0.25,0.5,1.0,0.25,0.25,A,0,1,-1,1
2018-06-15,Morocco,Iran,True,FIFA World Cup,1.0,1710.3,1752.3,-42.0,0.4398498547680971,0.5601501452319029,,,,,,0.485159435810396,0.5148405641896041,0.242579717905198,0.0,1.0,1,8,6,1756.21,8,80.56,78.97,78.23,82.18,0.9609394013141883,2.0997698286558326,310,5.739792912179234,0.125,1.9459101490553132,21,6,1616.04,19,75.74,78.83,74.88,72.88,1.0816410537870473,3.0277879714405382,75,4.330733340286331,0.047619047619047616,1.9459101490553132,4.820000000000007,0.14000000000000057,3.3500000000000085,9.300000000000011,235,0.07738095238095238,0.0,1.0,0.6666666666666666,0.6666666666666666,0.6666666666666667,1.0,0.6666666666666666,0.6666666666666666,0.6666666666666667,,,,,,,,,A,0,1,-1,1
2018-06-15,Portugal,Spain,True,FIFA World Cup,1.0,1947.7,2056.1,-108.39999999999986,0.34887213414103113,0.6511278658589689,-0.16666666666666663,-0.16666666666666663,-0.16666666666666674,-1.6666666666666665,0.5,0.3075204245554147,0.3755536582177983,0.4706861295044943,1.100922119780034,1.2776505687732373,6,5,8,1763.83,5,83.74,82.45,86.12,82.24,1.0025535019455254,2.182025053323941,850,6.7464121285733745,0.2,2.1972245773362196,2,16,1876.4,2,84.31,84.06,85.96,81.55,1.030778663396689,2.2120201927951126,920,6.825460036255307,0.5,2.833213344056216,-0.5700000000000074,-1.6099999999999994,0.1600000000000108,0.6899999999999977,-70,-0.3,-0.6359887667199966,2.6666666666666665,1.0,0.6666666666666666,0.6666666666666667,2.6666666666666665,1.0,0.6666666666666666,0.6666666666666667,1.0,1.5,0.5,0.5,1.0,1.5,0.5,0.5,D,3,3,0,6
2018-06-16,France,Australia,True,FIFA World Cup,1.0,1962.6,1749.9,212.69999999999982,0.7728368744874234,0.22716312551257656,-0.25,-0.25,-0.25,1.5,1.0,0.5638660112961367,0.4361339887038634,0.2180669943519317,3.5818782350460356,1.0,2,1,16,1877.32,1,84.99,86.44,82.82,84.39,1.024291977722479,1.815296119094625,1280,7.155396301896734,1.0,2.833213344056216,27,6,1578.66,24,73.3,73.31,72.57,72.76,1.0075590984057174,0.3843175770115159,120,4.795790545596741,0.037037037037037035,1.9459101490553132,11.689999999999998,13.129999999999995,10.25,11.629999999999995,1160,0.962962962962963,0.8873031950009029,0.5,2.0,0.25,0.25,0.5,2.0,0.25,0.25,2.0,3.0,0.0,0.0,2.0,3.0,0.0,0.0,H,2,1,1,3
2018-06-17,Germany,Mexico,True,FIFA World Cup,1.0,1974.7,1836.8,137.9000000000001,0.6886501571129457,0.31134984288705425,-0.33333333333333337,-0.33333333333333337,-0.3333333333333333,0.16666666666666663,0.8333333333333333,0.4228698284882464,0.4487827300191299,0.3397823557367468,1.6640367702678491,1.8320183851339245,2,10,20,1731.3,10,83.78,84.42,84.51,82.18,1.0272572402044293,1.3200126262022376,850,6.7464121285733745,0.1,3.044522437723423,15,17,1684.13,14,77.71,79.23,77.3,75.4,1.0507957559681698,1.9150195821453098,230,5.442417710521793,0.06666666666666667,2.8903717578961645,6.070000000000007,5.189999999999998,7.210000000000008,6.780000000000001,620,0.03333333333333334,0.1541506798272585,0.5,0.5,0.5,0.5,0.5,0.5,0.5,0.5,0.6666666666666666,1.3333333333333333,0.16666666666666666,0.16666666666666669,0.6666666666666666,1.3333333333333333,0.16666666666666666,0.16666666666666669,A,0,1,-1,1
2018-06-17,Brazil,Switzerland,True,FIFA World Cup,1.0,2101.3,1890.8,210.50000000000023,0.7706058649549633,0.2293941350450367,0.25,0.25,0.25,-2.0,-0.5,0.5373813478433052,0.4359068587256608,0.24466522279386435,1.0,0.2083826201987738,2,6,22,1761.16,6,85.24,85.72,84.39,84.78,1.0110875206416607,0.6836909633257792,1000,6.90875477931522,0.16666666666666666,3.1354942159291497,19,12,1650.75,18,79.03,79.12,77.93,79.65,0.9933458882611425,0.8808518604169482,280,5.638354669333745,0.05263157894736842,2.5649493574615367,6.209999999999994,6.599999999999994,6.459999999999994,5.1299999999999955,720,0.11403508771929824,0.5705448584676129,3.5,0.5,0.75,0.75,3.5,0.5,0.75,0.75,1.5,0.0,1.0,1.0,1.5,0.0,1.0,1.0,D,1,1,0,2
2018-06-18,Sweden,South Korea,True,FIFA World Cup,1.0,1759.0,1713.0,46.0,0.5658152030692333,0.4341847969307667,0.0,0.0,0.0,-1.0,-3.0,0.5148760880822398,0.4851239119177602,0.2425619559588801,1.0,0.0,1,38,12,1514.77,31,79.87,84.25,74.43,75.32,1.1185608072225173,5.430920732251576,140,4.948759890378168,0.02631578947368421,2.5649493574615367,25,10,1589.65,23,80.06,83.51,76.56,79.68,1.048067269076305,3.481039116892159,210,5.351858133476067,0.04,2.3978952727983707,-0.18999999999999773,0.7399999999999949,-2.1299999999999955,-4.360000000000014,-70,-0.013684210526315792,0.16705408466316607,1.0,3.0,0.0,0.0,1.0,3.0,0.0,0.0,,,,,,,,,H,1,0,1,1
2018-06-18,Belgium,Panama,True,FIFA World Cup,1.0,1905.5,1613.0,292.5,0.8434024818978965,0.15659751810210354,0.75,0.75,0.75,2.0,-6.0,0.5148760880822398,0.4851239119177602,0.2425619559588801,3.0,0.0,1,9,13,1734.71,9,82.71,82.46,84.06,79.53,1.0368414434804476,2.2973100211624318,600,6.398594934535208,0.1111111111111111,2.6390573296152584,33,1,1540.64,29,71.68,71.04,71.68,72.16,0.984478935698448,0.5619015334854749,55,4.02535169073515,0.030303030303030304,0.6931471805599453,11.029999999999987,11.419999999999987,12.379999999999995,7.3700000000000045,545,0.0808080808080808,1.945910149055313,0.0,6.0,0.0,0.0,0.0,6.0,0.0,0.0,2.0,0.0,0.75,0.75,2.0,0.0,0.75,0.75,H,3,0,3,3
2018-06-18,Tunisia,England,True,FIFA World Cup,1.0,1712.5,1946.4,-233.9000000000001,0.20645354928177545,0.7935464507182246,,,,,,0.4851239119177602,0.5148760880822398,0.2425619559588801,1.0,2.0,1,44,6,1483.05,35,72.99,70.78,75.39,71.78,0.9860685427695737,2.42501546386822,80,4.394449154672439,0.022727272727272728,1.9459101490553132,4,16,1825.97,4,84.06,85.32,85.54,81.18,1.0509977827050996,2.456203031781639,1300,7.170888478512505,0.25,2.833213344056216,-11.070000000000007,-14.539999999999992,-10.150000000000006,-9.400000000000006,-1220,-0.22727272727272727,-0.8873031950009029,,,,,,,,,1.6666666666666667,1.3333333333333333,0.6666666666666666,0.6666666666666667,1.6666666666666667,1.3333333333333333,0.6666666666666666,0.6666666666666667,A,1,2,-1,3
2018-06-19,Colombia,Japan,True,FIFA World Cup,1.0,1887.3,1755.1,132.20000000000005,0.6815717543587313,0.3184282456412687,0.75,0.75,0.75,1.5,-1.0,0.5568869560468727,0.4431130439531274,0.20874394042899158,1.6499269005656305,0.9604893168700659,3,13,6,1693.09,12,79.68,82.37,79.35,78.43,1.0502358791278847,2.0611647192788847,380,5.942799375126701,0.07692307692307693,1.9459101490553132,18,7,1661.58,17,76.86,73.58,78.41,76.46,0.9623332461417735,2.4298765400735887,290,5.673323267171493,0.05555555555555555,2.0794415416798357,2.8200000000000074,8.790000000000006,0.9399999999999977,1.970000000000013,90,0.021367521367521375,-0.13353139262452252,0.0,2.0,0.0,0.0,0.0,2.0,0.0,0.0,1.5,1.0,0.75,0.75,1.5,1.0,0.75,0.75,A,1,2,-1,3
2018-06-20,Portugal,Morocco,True,FIFA World Cup,1.0,1956.8,1683.9,272.89999999999986,0.8279173833077773,0.1720826166922227,-0.4,-0.4,-0.4,-0.6000000000000001,1.2,0.4621895455421627,0.5378104544578374,0.2177202498522094,0.20716583705941993,0.7928341629405801,2,5,8,1763.83,5,83.74,82.45,86.12,82.24,1.0025535019455254,2.182025053323941,850,6.7464121285733745,0.2,2.1972245773362196,8,6,1756.21,8,80.56,78.97,78.23,82.18,0.9609394013141883,2.0997698286558326,310,5.739792912179234,0.125,1.9459101490553132,3.1799999999999926,3.480000000000004,7.890000000000001,0.05999999999998806,540,0.07500000000000001,0.25131442828090633,2.0,0.0,1.0,1.0,2.0,0.0,1.0,1.0,1.4,1.2,0.6,0.6,1.4,1.2,0.6,0.6,H,1,0,1,1
2018-06-20,Uruguay,Saudi Arabia,True,FIFA World Cup,1.0,1888.5,1607.5,281.0,0.834459181708983,0.16554081829101697,0.6666666666666667,0.6666666666666667,0.6666666666666666,1.5,-2.6666666666666665,0.5148998164552279,0.48510018354477213,0.24255009177238607,1.0,0.0,1,17,14,1673.07,16,82.26,82.38,83.75,80.54,1.0228457909113482,1.6107244746800498,270,5.602118820879701,0.058823529411764705,2.70805020110221,61,6,1421.0,41,75.74,75.38,76.06,74.85,1.0070808283233132,0.6065476073648342,55,4.02535169073515,0.01639344262295082,1.9459101490553132,6.52000000000001,7.0,7.689999999999998,5.690000000000012,215,0.04243008678881388,0.7621400520468968,1.0,2.6666666666666665,0.3333333333333333,0.33333333333333337,1.0,2.6666666666666665,0.3333333333333333,0.33333333333333337,2.5,0.0,1.0,1.0,2.5,0.0,1.0,1.0,H,1,0,1,1
2018-06-20,Iran,Spain,True,FIFA World Cup,1.0,1778.7,2047.1,-268.39999999999986,0.17580458396188325,0.8241954160381167,-0.25,-0.25,-0.25,-1.25,0.25,0.48510018354477213,0.5148998164552279,0.24255009177238607,0.0,1.0,1,21,6,1616.04,19,75.74,78.83,74.88,72.88,1.0816410537870473,3.0277879714405382,75,4.330733340286331,0.047619047619047616,1.9459101490553132,2,16,1876.4,2,84.31,84.06,85.96,81.55,1.030778663396689,2.2120201927951126,920,6.825460036255307,0.5,2.833213344056216,-8.570000000000007,-5.230000000000004,-11.079999999999998,-8.670000000000002,-845,-0.4523809523809524,-0.8873031950009029,2.25,0.75,0.75,0.75,2.25,0.75,0.75,0.75,1.0,1.0,0.5,0.5,1.0,1.0,0.5,0.5,A,0,1,-1,1
2018-06-21,Argentina,Croatia,True,FIFA World Cup,1.0,1968.8,1855.9,112.89999999999986,0.6569889737565364,0.3430110262434636,-0.5,-0.5,-0.5,0.5,5.0,0.5379153342185925,0.46208466578140744,0.21766049403226653,2.379311535937399,0.620688464062601,2,3,18,1874.81,3,84.24,84.97,83.57,83.76,1.0144460362941738,0.7594076639065482,570,6.3473892096560105,0.3333333333333333,2.9444389791664403,11,6,1717.07,11,80.81,78.83,81.31,81.29,0.9697379751506949,1.4260902262246042,340,5.831882477283517,0.09090909090909091,1.9459101490553132,3.4299999999999926,6.140000000000001,2.259999999999991,2.469999999999999,230,0.2424242424242424,0.998528830111127,0.5,1.0,0.5,0.5,0.5,1.0,0.5,0.5,1.0,6.0,0.0,0.0,1.0,6.0,0.0,0.0,A,0,3,-3,3
2018-06-23,Germany,Sweden,True,FIFA World Cup,1.0,1933.4,1785.0,148.4000000000001,0.7014598156024916,0.2985401843975084,,,,,,0.5149354778138867,0.48506452218611334,0.24253226109305667,2.0,1.0,1,10,20,1731.3,10,83.78,84.42,84.51,82.18,1.0272572402044293,1.3200126262022376,850,6.7464121285733745,0.1,3.044522437723423,38,12,1514.77,31,79.87,84.25,74.43,75.32,1.1185608072225173,5.430920732251576,140,4.948759890378168,0.02631578947368421,2.5649493574615367,3.9099999999999966,0.1700000000000017,10.079999999999998,6.860000000000014,710,0.0736842105263158,0.4795730802618863,,,,,,,,,1.0,1.25,0.375,0.375,1.0,1.25,0.375,0.375,H,2,1,1,3
2018-06-23,Belgium,Tunisia,True,FIFA World Cup,1.0,1922.0,1700.1,221.9000000000001,0.7819998981545903,0.21800010184540974,0.33333333333333337,0.33333333333333337,0.33333333333333337,1.0833333333333335,-1.25,0.5149354778138867,0.48506452218611334,0.24253226109305667,5.0,2.0,1,9,13,1734.71,9,82.71,82.46,84.06,79.53,1.0368414434804476,2.2973100211624318,600,6.398594934535208,0.1111111111111111,2.6390573296152584,44,6,1483.05,35,72.99,70.78,75.39,71.78,0.9860685427695737,2.42501546386822,80,4.394449154672439,0.022727272727272728,1.9459101490553132,9.719999999999999,11.679999999999993,8.670000000000002,7.75,520,0.08838383838383837,0.6931471805599452,1.25,1.25,0.5,0.5,1.25,1.25,0.5,0.5,2.3333333333333335,0.0,0.8333333333333334,0.8333333333333334,2.3333333333333335,0.0,0.8333333333333334,0.8333333333333334,H,5,2,3,7
2018-06-23,South Korea,Mexico,True,FIFA World Cup,1.0,1686.9,1878.2,-191.29999999999995,0.2495129981969097,0.7504870018030902,-0.6666666666666666,-0.6666666666666666,-0.6666666666666667,-0.16666666666666663,2.1666666666666665,0.36708071119873126,0.43606624108241454,0.3803934033182199,1.91496589102882,2.174467467157569,3,25,10,1589.65,23,80.06,83.51,76.56,79.68,1.048067269076305,3.481039116892159,210,5.351858133476067,0.04,2.3978952727983707,15,17,1684.13,14,77.71,79.23,77.3,75.4,1.0507957559681698,1.9150195821453098,230,5.442417710521793,0.06666666666666667,2.8903717578961645,2.3500000000000085,4.280000000000001,-0.7399999999999949,4.280000000000001,-20,-0.026666666666666665,-0.49247648509779385,0.6666666666666666,0.3333333333333333,0.6666666666666666,0.6666666666666667,0.6666666666666666,0.3333333333333333,0.6666666666666666,0.6666666666666667,0.5,2.5,0.0,0.0,0.5,2.5,0.0,0.0,A,1,2,-1,3
2018-06-24,England,Panama,True,FIFA World Cup,1.0,1958.8,1596.5,362.29999999999995,0.8894923785626083,0.11050762143739168,1.0,1.0,1.0,1.0,-3.5,0.5149473833063891,0.4850526166936108,0.2425263083468054,6.0,1.0,1,4,16,1825.97,4,84.06,85.32,85.54,81.18,1.0509977827050996,2.456203031781639,1300,7.170888478512505,0.25,2.833213344056216,33,1,1540.64,29,71.68,71.04,71.68,72.16,0.984478935698448,0.5619015334854749,55,4.02535169073515,0.030303030303030304,0.6931471805599453,12.379999999999995,14.279999999999987,13.86,9.02000000000001,1245,0.2196969696969697,2.1400661634962708,0.0,3.5,0.0,0.0,0.0,3.5,0.0,0.0,1.0,0.0,1.0,1.0,1.0,0.0,1.0,1.0,H,6,1,5,7
2018-06-24,Japan,Senegal,True,FIFA World Cup,1.0,1796.0,1738.4,57.59999999999991,0.5821418810630037,0.4178581189369963,0.0,0.0,0.0,0.6666666666666666,1.0,0.4850526166936108,0.4850526166936108,0.2724210749595837,2.0,2.0,1,18,7,1661.58,17,76.86,73.58,78.41,76.46,0.9623332461417735,2.4298765400735887,290,5.673323267171493,0.05555555555555555,2.0794415416798357,14,3,1686.41,13,79.32,80.15,76.69,79.3,1.0107187894073142,1.8030622100563654,260,5.564520407322694,0.07142857142857142,1.3862943611198906,-2.4599999999999937,-6.570000000000007,1.7199999999999989,-2.8400000000000034,30,-0.015873015873015872,0.6931471805599452,0.6666666666666666,1.0,0.3333333333333333,0.33333333333333337,0.6666666666666666,1.0,0.3333333333333333,0.33333333333333337,1.3333333333333333,2.0,0.3333333333333333,0.33333333333333337,1.3333333333333333,2.0,0.3333333333333333,0.33333333333333337,D,2,2,0,4
2018-06-25,Saudi Arabia,Egypt,True,FIFA World Cup,1.0,1597.6,1668.1,-70.5,0.3999122797195917,0.6000877202804082,0.08333333333333334,0.08333333333333334,0.08333333333333331,0.6666666666666667,0.8333333333333333,0.39421274903144576,0.6057872509685542,0.1856547005490735,0.177972191665424,3.7330417125018642,2,61,6,1421.0,41,75.74,75.38,76.06,74.85,1.0070808283233132,0.6065476073648342,55,4.02535169073515,0.01639344262295082,1.9459101490553132,29,3,1565.56,25,80.93,86.04,70.5,73.27,1.174286884127201,8.288922326414538,115,4.7535901911063645,0.034482758620689655,1.3862943611198906,-5.190000000000012,-10.66000000000001,5.560000000000002,1.5799999999999983,-60,-0.018089315997738834,0.5596157879354227,0.3333333333333333,1.6666666666666667,0.16666666666666666,0.16666666666666669,0.3333333333333333,1.6666666666666667,0.16666666666666666,0.16666666666666669,1.0,2.5,0.25,0.25,1.0,2.5,0.25,0.25,H,2,1,1,3
2018-06-25,Spain,Morocco,True,FIFA World Cup,1.0,2057.6,1673.6,384.0,0.9011868291216677,0.0988131708783323,0.19999999999999996,0.19999999999999996,0.4055944055944055,1.4,0.7,0.4355388000646097,0.4355388000646097,0.34669179990308546,0.4167652403975476,0.4167652403975476,2,2,16,1876.4,2,84.31,84.06,85.96,81.55,1.030778663396689,2.2120201927951126,920,6.825460036255307,0.5,2.833213344056216,8,6,1756.21,8,80.56,78.97,78.23,82.18,0.9609394013141883,2.0997698286558326,310,5.739792912179234,0.125,1.9459101490553132,3.75,5.090000000000003,7.72999999999999,-0.6300000000000097,610,0.375,0.8873031950009029,1.0,0.5,0.5,0.23076923076923075,1.0,0.5,0.5,0.23076923076923075,2.4,1.2,0.7,0.6363636363636362,2.4,1.2,0.7,0.6363636363636362,D,2,2,0,4
2018-06-25,Iran,Portugal,True,FIFA World Cup,1.0,1768.1,1967.1,-199.0,0.24130537985314435,0.7586946201468556,0.09999999999999998,0.016666666666666607,0.2272727272727273,-0.6000000000000001,-0.8,0.4850407020035791,0.4850407020035791,0.2724389469946313,1.0,1.0,1,21,6,1616.04,19,75.74,78.83,74.88,72.88,1.0816410537870473,3.0277879714405382,75,4.330733340286331,0.047619047619047616,1.9459101490553132,5,8,1763.83,5,83.74,82.45,86.12,82.24,1.0025535019455254,2.182025053323941,850,6.7464121285733745,0.2,2.1972245773362196,-8.0,-3.6200000000000045,-11.240000000000009,-9.36,-775,-0.1523809523809524,-0.25131442828090633,1.6,1.6,0.5,0.5,1.6666666666666667,1.5,0.5833333333333334,0.5599999999999999,1.0,0.8,0.6,0.7272727272727273,1.0,0.8,0.6,0.7272727272727273,D,1,1,0,2
2018-06-27,South Korea,Germany,True,FIFA World Cup,1.0,1672.0,1951.3,-279.29999999999995,0.16689705382728778,0.8331029461727122,-0.3,-0.3,-0.2045454545454545,-0.46666666666666673,0.8,0.514983154995631,0.485016845004369,0.2425084225021845,2.0,0.0,1,25,10,1589.65,23,80.06,83.51,76.56,79.68,1.048067269076305,3.481039116892159,210,5.351858133476067,0.04,2.3978952727983707,10,20,1731.3,10,83.78,84.42,84.51,82.18,1.0272572402044293,1.3200126262022376,850,6.7464121285733745,0.1,3.044522437723423,-3.719999999999999,-0.9099999999999966,-7.950000000000003,-2.5,-640,-0.060000000000000005,-0.6466271649250523,0.8,1.2,0.3,0.2045454545454545,0.8,1.2,0.3,0.2045454545454545,0.3333333333333333,2.0,0.0,0.0,0.3333333333333333,2.0,0.0,0.0,H,2,0,2,2
2018-06-27,Mexico,Sweden,True,FIFA World Cup,1.0,1893.1,1767.1,126.0,0.6737761878883222,0.32622381211167784,-0.25,-0.25,-0.1578947368421052,-0.25,0.25,0.4362449242282129,0.5637550757717871,0.21812246211410646,0.788620887266574,2.211379112733426,2,15,17,1684.13,14,77.71,79.23,77.3,75.4,1.0507957559681698,1.9150195821453098,230,5.442417710521793,0.06666666666666667,2.8903717578961645,38,12,1514.77,31,79.87,84.25,74.43,75.32,1.1185608072225173,5.430920732251576,140,4.948759890378168,0.02631578947368421,2.5649493574615367,-2.160000000000011,-5.019999999999996,2.8699999999999903,0.0800000000000125,90,0.04035087719298246,0.3254224004346278,1.0,0.0,1.0,1.0,1.0,0.0,1.0,1.0,0.75,0.25,0.75,0.8421052631578948,0.75,0.25,0.75,0.8421052631578948,A,0,3,-3,3
2018-06-28,Senegal,Colombia,True,FIFA World Cup,1.0,1743.3,1846.4,-103.10000000000014,0.3558341877683232,0.6441658122316768,-0.16666666666666663,-0.16666666666666663,-0.16666666666666674,0.0,0.08333333333333337,0.48500490268190094,0.5149950973180991,0.24250245134095047,0.0,1.0,1,14,3,1686.41,13,79.32,80.15,76.69,79.3,1.0107187894073142,1.8030622100563654,260,5.564520407322694,0.07142857142857142,1.3862943611198906,13,6,1693.09,12,79.68,82.37,79.35,78.43,1.0502358791278847,2.0611647192788847,380,5.942799375126701,0.07692307692307693,1.9459101490553132,-0.36000000000001364,-2.219999999999999,-2.6599999999999966,0.8699999999999903,-120,-0.005494505494505503,-0.5596157879354227,1.0,0.6666666666666666,0.6666666666666666,0.6666666666666667,1.0,0.6666666666666666,0.6666666666666666,0.6666666666666667,1.0,0.75,0.5,0.5,1.0,0.75,0.5,0.5,A,0,1,-1,1
2018-06-28,Panama,Tunisia,True,FIFA World Cup,1.0,1583.3,1677.2,-93.90000000000009,0.3680638689396605,0.6319361310603395,-0.4,-0.4,-0.2727272727272727,-1.2,1.9333333333333336,0.48500490268190094,0.5149950973180991,0.24250245134095047,1.0,2.0,1,33,1,1540.64,29,71.68,71.04,71.68,72.16,0.984478935698448,0.5619015334854749,55,4.02535169073515,0.030303030303030304,0.6931471805599453,44,6,1483.05,35,72.99,70.78,75.39,71.78,0.9860685427695737,2.42501546386822,80,4.394449154672439,0.022727272727272728,1.9459101490553132,-1.309999999999988,0.2600000000000051,-3.7099999999999937,0.37999999999999545,-25,0.007575757575757576,-1.252762968495368,1.2,1.4,0.4,0.2727272727272727,1.2,1.4,0.4,0.2727272727272727,0.0,3.3333333333333335,0.0,0.0,0.0,3.3333333333333335,0.0,0.0,A,1,2,-1,3
2018-06-28,England,Belgium,True,FIFA World Cup,1.0,1972.0,1944.9,27.09999999999991,0.5389211348058962,0.4610788651941038,0.125,0.125,0.07894736842105254,-1.0,0.5,0.41278377708726705,0.45986464946363814,0.3111591824656085,1.3031719351728415,1.7435506493019146,5,4,16,1825.97,4,84.06,85.32,85.54,81.18,1.0509977827050996,2.456203031781639,1300,7.170888478512505,0.25,2.833213344056216,9,13,1734.71,9,82.71,82.46,84.06,79.53,1.0368414434804476,2.2973100211624318,600,6.398594934535208,0.1111111111111111,2.6390573296152584,1.3500000000000085,2.8599999999999994,1.480000000000004,1.6500000000000057,700,0.1388888888888889,0.19415601444095776,2.5,0.0,0.875,0.9210526315789475,2.5,0.0,0.875,0.9210526315789475,1.5,0.5,1.0,1.0,1.5,0.5,1.0,1.0,A,0,1,-1,1
2018-06-30,France,Argentina,True,FIFA World Cup,1.0,1976.2,1899.8,76.40000000000009,0.6082098850611127,0.39179011493888727,-0.25,-0.25,-0.25,-1.0,-1.0,0.4619964459272084,0.4350509198551485,0.3204780941452174,3.2074357790130756,3.0000000000000004,2,1,16,1877.32,1,84.99,86.44,82.82,84.39,1.024291977722479,1.815296119094625,1280,7.155396301896734,1.0,2.833213344056216,3,18,1874.81,3,84.24,84.97,83.57,83.76,1.0144460362941738,0.7594076639065482,570,6.3473892096560105,0.3333333333333333,2.9444389791664403,0.75,1.4699999999999989,-0.75,0.6299999999999955,710,0.6666666666666667,-0.1112256351102241,2.5,3.0,0.5,0.5,2.5,3.0,0.5,0.5,1.5,2.0,0.25,0.25,1.5,2.0,0.25,0.25,H,4,3,1,7
2018-06-30,Uruguay,Portugal,True,FIFA World Cup,1.0,1898.4,1951.6,-53.19999999999982,0.42403184421780565,0.5759681557821943,0.30000000000000004,0.3571428571428571,0.27586206896551724,0.19999999999999996,-1.0,0.46277270019849215,0.5372272998015079,0.21789094989804977,0.4202989549160353,1.7898505225419823,2,17,14,1673.07,16,82.26,82.38,83.75,80.54,1.0228457909113482,1.6107244746800498,270,5.602118820879701,0.058823529411764705,2.70805020110221,5,8,1763.83,5,83.74,82.45,86.12,82.24,1.0025535019455254,2.182025053323941,850,6.7464121285733745,0.2,2.1972245773362196,-1.4799999999999898,-0.07000000000000739,-2.3700000000000045,-1.6999999999999886,-580,-0.1411764705882353,0.5108256237659905,1.8,1.0,0.7,0.7241379310344828,1.5714285714285714,1.2857142857142858,0.6428571428571429,0.6857142857142857,2.0,0.0,1.0,1.0,2.0,0.0,1.0,1.0,H,2,1,1,3
2018-07-02,Brazil,Mexico,True,FIFA World Cup,1.0,2085.0,1822.4,262.5999999999999,0.819305180716826,0.180694819283174,0.19999999999999996,0.19999999999999996,0.10344827586206895,1.0,-0.4,0.5885067536881836,0.4114932463118164,0.2057466231559082,2.855783052124382,1.7115661042487633,2,6,22,1761.16,6,85.24,85.72,84.39,84.78,1.0110875206416607,0.6836909633257792,1000,6.90875477931522,0.16666666666666666,3.1354942159291497,15,17,1684.13,14,77.71,79.23,77.3,75.4,1.0507957559681698,1.9150195821453098,230,5.442417710521793,0.06666666666666667,2.8903717578961645,7.530000000000001,6.489999999999995,7.090000000000003,9.379999999999995,770,0.09999999999999999,0.24512245803298516,1.0,0.4,0.8,0.896551724137931,1.0,0.4,0.8,0.896551724137931,2.0,0.0,1.0,1.0,2.0,0.0,1.0,1.0,H,2,0,2,2
2018-07-02,Belgium,Japan,True,FIFA World Cup,1.0,1977.2,1791.1,186.10000000000014,0.7448398258494305,0.25516017415056946,0.4,0.4,0.26406533575317603,1.5,-1.35,0.5150429589156261,0.48495704108437393,0.24247852054218696,3.0,2.0,1,9,13,1734.71,9,82.71,82.46,84.06,79.53,1.0368414434804476,2.2973100211624318,600,6.398594934535208,0.1111111111111111,2.6390573296152584,18,7,1661.58,17,76.86,73.58,78.41,76.46,0.9623332461417735,2.4298765400735887,290,5.673323267171493,0.05555555555555555,2.0794415416798357,5.849999999999994,8.879999999999995,5.650000000000006,3.0700000000000074,310,0.05555555555555555,0.5596157879354227,1.5,1.75,0.5,0.6842105263157895,1.5,1.75,0.5,0.6842105263157895,3.0,0.4,0.9,0.9482758620689655,3.0,0.4,0.9,0.9482758620689655,H,3,2,1,5
2018-07-03,Colombia,England,True,FIFA World Cup,1.0,1867.8,1939.7,-71.90000000000009,0.39797981889658496,0.602020181103415,-0.5,-0.5,-0.6842105263157895,-2.0,0.33333333333333337,0.4849450525747734,0.4849450525747734,0.27258242113784,1.0,1.0,1,13,6,1693.09,12,79.68,82.37,79.35,78.43,1.0502358791278847,2.0611647192788847,380,5.942799375126701,0.07692307692307693,1.9459101490553132,4,16,1825.97,4,84.06,85.32,85.54,81.18,1.0509977827050996,2.456203031781639,1300,7.170888478512505,0.25,2.833213344056216,-4.3799999999999955,-2.9499999999999886,-6.190000000000012,-2.75,-920,-0.17307692307692307,-0.8873031950009029,3.0,0.6666666666666666,1.0,1.0,3.0,0.6666666666666666,1.0,1.0,1.0,1.0,0.5,0.3157894736842105,1.0,1.0,0.5,0.3157894736842105,D,1,1,0,2
2018-07-03,Sweden,Switzerland,True,FIFA World Cup,1.0,1837.9,1907.0,-69.09999999999991,0.40184786053344695,0.598152139466553,-0.33333333333333337,-0.33333333333333337,-0.33333333333333337,-2.0,0.6666666666666667,0.3341174661001613,0.6658825338998388,0.15729255002216572,0.5333383501604178,2.855988497155934,3,38,12,1514.77,31,79.87,84.25,74.43,75.32,1.1185608072225173,5.430920732251576,140,4.948759890378168,0.02631578947368421,2.5649493574615367,19,12,1650.75,18,79.03,79.12,77.93,79.65,0.9933458882611425,0.8808518604169482,280,5.638354669333745,0.05263157894736842,2.5649493574615367,0.8400000000000034,5.1299999999999955,-3.5,-4.3300000000000125,-140,-0.02631578947368421,0.0,3.0,0.3333333333333333,0.8333333333333334,0.8333333333333334,3.0,0.3333333333333333,0.8333333333333334,0.8333333333333334,1.0,1.0,0.5,0.5,1.0,1.0,0.5,0.5,H,1,0,1,1
2018-07-06,Uruguay,France,True,FIFA World Cup,1.0,1933.0,1999.7,-66.70000000000005,0.405173097925164,0.594826902074836,0.5,0.5,0.2812500000000001,0.08333333333333326,-1.6666666666666667,0.46906557460202863,0.5309344253979714,0.23453278730101432,0.0,1.4718982290189688,2,17,14,1673.07,16,82.26,82.38,83.75,80.54,1.0228457909113482,1.6107244746800498,270,5.602118820879701,0.058823529411764705,2.70805020110221,1,16,1877.32,1,84.99,86.44,82.82,84.39,1.024291977722479,1.815296119094625,1280,7.155396301896734,1.0,2.833213344056216,-2.7299999999999898,-4.060000000000002,0.9300000000000068,-3.8499999999999943,-1010,-0.9411764705882353,-0.1251631429540061,1.6666666666666667,1.6666666666666667,0.5,0.7187499999999999,1.6666666666666667,1.6666666666666667,0.5,0.7187499999999999,1.75,0.0,1.0,1.0,1.75,0.0,1.0,1.0,A,0,2,-2,2
2018-07-06,Brazil,Belgium,True,FIFA World Cup,1.0,2101.3,1992.5,108.80000000000018,0.6516507397532445,0.3483492602467555,-0.025000000000000022,-0.04166666666666663,-0.22149122807017552,-0.6499999999999999,-0.15000000000000002,0.4849090314747243,0.5150909685252757,0.24245451573736215,1.0,2.0,1,6,22,1761.16,6,85.24,85.72,84.39,84.78,1.0110875206416607,0.6836909633257792,1000,6.90875477931522,0.16666666666666666,3.1354942159291497,9,13,1734.71,9,82.71,82.46,84.06,79.53,1.0368414434804476,2.2973100211624318,600,6.398594934535208,0.1111111111111111,2.6390573296152584,2.530000000000001,3.260000000000005,0.3299999999999983,5.25,400,0.05555555555555555,0.49643688631389127,2.4,0.4,0.9,0.9583333333333334,2.6666666666666665,0.3333333333333333,0.9166666666666666,0.9615384615384616,1.75,0.25,0.875,0.7368421052631579,1.75,0.25,0.875,0.7368421052631579,A,1,2,-1,3
2018-07-07,Sweden,England,True,FIFA World Cup,1.0,1873.8,1933.6,-59.799999999999955,0.4147807559636073,0.5852192440363927,-0.08333333333333337,-0.08333333333333337,-0.030303030303030276,-0.5833333333333333,-0.08333333333333337,0.48489700589536133,0.5151029941046388,0.24244850294768067,0.0,2.0,1,38,12,1514.77,31,79.87,84.25,74.43,75.32,1.1185608072225173,5.430920732251576,140,4.948759890378168,0.02631578947368421,2.5649493574615367,4,16,1825.97,4,84.06,85.32,85.54,81.18,1.0509977827050996,2.456203031781639,1300,7.170888478512505,0.25,2.833213344056216,-4.189999999999998,-1.0699999999999932,-11.11,-5.860000000000014,-1160,-0.2236842105263158,-0.2682639865946794,2.25,0.75,0.75,0.6969696969696969,2.25,0.75,0.75,0.6969696969696969,1.6666666666666667,0.6666666666666666,0.6666666666666666,0.6666666666666666,1.6666666666666667,0.6666666666666666,0.6666666666666666,0.6666666666666666,A,0,2,-2,2
2018-07-10,France,Belgium,True,FIFA World Cup,1.0,2036.2,2031.6,4.600000000000136,0.5066195453580029,0.4933804546419971,-0.375,-0.3035714285714286,-0.17307692307692313,-0.75,1.2,0.7066747563714353,0.2933252436285647,0.14666262181428236,1.806749901596689,0.5247730731049075,5,1,16,1877.32,1,84.99,86.44,82.82,84.39,1.024291977722479,1.815296119094625,1280,7.155396301896734,1.0,2.833213344056216,9,13,1734.71,9,82.71,82.46,84.06,79.53,1.0368414434804476,2.2973100211624318,600,6.398594934535208,0.1111111111111111,2.6390573296152584,2.280000000000001,3.980000000000004,-1.240000000000009,4.859999999999999,680,0.8888888888888888,0.19415601444095776,3.0,0.8,1.0,1.0,2.7142857142857144,0.5714285714285714,0.9285714285714286,0.9693877551020408,2.25,2.0,0.625,0.8269230769230769,2.25,2.0,0.625,0.8269230769230769,H,1,0,1,1
2018-07-11,Croatia,England,True,FIFA World Cup,1.0,1924.9,1970.9,-46.0,0.43418479693076684,0.5658152030692332,-0.033333333333333326,-0.033333333333333326,0.015503875968992387,-1.0,0.19999999999999996,0.45217377045563084,0.5191170081291272,0.24149715567806074,0.556210020063378,1.0059514973727706,4,11,6,1717.07,11,80.81,78.83,81.31,81.29,0.9697379751506949,1.4260902262246042,340,5.831882477283517,0.09090909090909091,1.9459101490553132,4,16,1825.97,4,84.06,85.32,85.54,81.18,1.0509977827050996,2.456203031781639,1300,7.170888478512505,0.25,2.833213344056216,-3.25,-6.489999999999995,-4.230000000000004,0.10999999999999943,-960,-0.1590909090909091,-0.8873031950009029,2.0,0.8,0.7,0.6511627906976744,2.0,0.8,0.7,0.6511627906976744,1.0,1.0,0.6666666666666666,0.6666666666666667,1.0,1.0,0.6666666666666666,0.6666666666666667,H,2,1,1,3
2018-07-14,Belgium,England,True,FIFA World Cup,1.0,2002.0,1936.9,65.09999999999991,0.5926052129732506,0.40739478702674936,0.30000000000000004,0.1875,0.30000000000000004,0.5999999999999996,0.19999999999999996,0.45986464946363814,0.41278377708726705,0.3111591824656085,1.7435506493019146,1.3031719351728415,5,9,13,1734.71,9,82.71,82.46,84.06,79.53,1.0368414434804476,2.2973100211624318,600,6.398594934535208,0.1111111111111111,2.6390573296152584,4,16,1825.97,4,84.06,85.32,85.54,81.18,1.0509977827050996,2.456203031781639,1300,7.170888478512505,0.25,2.833213344056216,-1.3500000000000085,-2.8599999999999994,-1.480000000000004,-1.6500000000000057,-700,-0.1388888888888889,-0.19415601444095776,2.2,0.8,0.7,0.7,2.0,0.6666666666666666,0.75,0.7169811320754716,2.8,1.0,1.0,1.0,2.625,0.625,0.9375,0.9745762711864406,H,2,0,2,2
2018-07-15,France,Croatia,True,FIFA World Cup,1.0,2065.8,1958.8,107.00000000000023,0.6492949471109638,0.3507050528890362,-0.050000000000000044,-0.050000000000000044,0.0328947368421052,0.7000000000000002,0.8500000000000001,0.4865714400984966,0.4580602810197889,0.19267510080111355,1.2853513340659828,1.110351672845078,7,1,16,1877.32,1,84.99,86.44,82.82,84.39,1.024291977722479,1.815296119094625,1280,7.155396301896734,1.0,2.833213344056216,11,6,1717.07,11,80.81,78.83,81.31,81.29,0.9697379751506949,1.4260902262246042,340,5.831882477283517,0.09090909090909091,1.9459101490553132,4.179999999999993,7.609999999999999,1.509999999999991,3.0999999999999943,940,0.9090909090909091,0.8873031950009029,1.5,0.75,0.75,0.8421052631578948,1.5,0.75,0.75,0.8421052631578948,2.2,1.6,0.7,0.875,2.2,1.6,0.7,0.875,H,4,2,2,6
2018-09-06,Germany,France,False,UEFA Nations League,0.7,1876.3,2097.4,-221.10000000000014,0.3324538136230786,0.6675461863769214,-0.5,-0.3333333333333333,-0.5168404170008021,-1.0,0.19999999999999996,0.4795350197742455,0.5013202101367101,0.1653009894903818,0.9490923831918627,1.1079821578361368,6,10,20,1731.3,10,83.78,84.42,84.51,82.18,1.0272572402044293,1.3200126262022376,850,6.7464121285733745,0.1,3.044522437723423,1,16,1877.32,1,84.99,86.44,82.82,84.39,1.024291977722479,1.815296119094625,1280,7.155396301896734,1.0,2.833213344056216,-1.2099999999999937,-2.019999999999996,1.690000000000012,-2.2099999999999937,-430,-0.9,0.21130909366720685,2.0,1.0,0.9,0.9651162790697676,2.0,1.3333333333333333,0.75,0.9021739130434784,1.0,1.2,0.4,0.4482758620689655,1.0,1.1666666666666667,0.4166666666666667,0.45312499999999994,D,0,0,0,0
2018-09-06,Austria,Sweden,False,Friendly,0.3,1728.1,1836.4,-108.30000000000018,0.488057611582531,0.511942388417469,0.25,0.25,0.25,0.5,0.5,0.6205885878204337,0.3794114121795663,0.18970570608978315,2.463948579462111,0.4639485794621107,3,24,7,1593.45,22,78.91,78.39,79.48,78.32,1.0008937691521962,0.6504613747179809,195,5.278114659230517,0.041666666666666664,2.0794415416798357,38,12,1514.77,31,79.87,84.25,74.43,75.32,1.1185608072225173,5.430920732251576,140,4.948759890378168,0.02631578947368421,2.5649493574615367,-0.960000000000008,-5.859999999999999,5.049999999999997,3.0,55,0.015350877192982455,-0.485507815781701,1.5,0.5,0.75,0.75,1.5,0.5,0.75,0.75,2.0,1.0,1.0,1.0,2.0,1.0,1.0,1.0,H,2,0,2,2
2018-09-06,Portugal,Croatia,False,Friendly,0.3,1917.0,1927.3,-10.299999999999955,0.626294980601324,0.37370501939867595,-0.10000000000000009,-0.17500000000000004,-0.21599616858237547,0.0,0.0,0.46961271652440323,0.39128636136944894,0.28210080752260014,1.6730627923106929,1.3306338753532294,6,5,8,1763.83,5,83.74,82.45,86.12,82.24,1.0025535019455254,2.182025053323941,850,6.7464121285733745,0.2,2.1972245773362196,11,6,1717.07,11,80.81,78.83,81.31,81.29,0.9697379751506949,1.4260902262246042,340,5.831882477283517,0.09090909090909091,1.9459101490553132,2.9299999999999926,3.6200000000000045,4.810000000000002,0.9499999999999886,510,0.1090909090909091,0.25131442828090633,1.6,0.8,0.8,0.896551724137931,1.6,0.8,0.8,0.896551724137931,1.6,0.8,0.7,0.6805555555555556,1.5,1.25,0.625,0.6444444444444444,D,1,1,0,2
2018-09-07,Mexico,Uruguay,True,Friendly,0.3,1806.1,1896.5,-90.40000000000009,0.37276239201454453,0.6272376079854555,-0.4,-0.33333333333333337,-0.36111111111111116,-1.0,0.8,0.3124665016859184,0.5104885184241459,0.3332782307328949,0.05460773749936425,1.944437796440849,4,15,17,1684.13,14,77.71,79.23,77.3,75.4,1.0507957559681698,1.9150195821453098,230,5.442417710521793,0.06666666666666667,2.8903717578961645,17,14,1673.07,16,82.26,82.38,83.75,80.54,1.0228457909113482,1.6107244746800498,270,5.602118820879701,0.058823529411764705,2.70805020110221,-4.550000000000011,-3.1499999999999915,-6.450000000000003,-5.140000000000001,-40,0.00784313725490196,0.18232155679395445,1.8,0.2,1.0,1.0,1.8,0.2,1.0,1.0,0.8,1.0,0.6,0.6388888888888888,0.8333333333333334,0.8333333333333334,0.6666666666666666,0.6666666666666667,A,1,4,-3,5
2018-09-07,Scotland,Belgium,False,Friendly,0.3,1621.1,2038.7,-417.60000000000014,0.13844657416489928,0.8615534258351008,,,,,,0.4471372290280697,0.5528627709719304,0.22356861451403484,0.0,3.651959997574812,3,43,7,1499.92,34,77.5,73.76,79.29,77.16,0.9559357179885952,2.7891994072373767,135,4.912654885736052,0.023255813953488372,2.0794415416798357,9,13,1734.71,9,82.71,82.46,84.06,79.53,1.0368414434804476,2.2973100211624318,600,6.398594934535208,0.1111111111111111,2.6390573296152584,-5.209999999999994,-8.699999999999989,-4.769999999999996,-2.3700000000000045,-465,-0.08785529715762273,-0.5596157879354227,2.2,1.2,0.8,0.8,2.3333333333333335,0.6666666666666666,0.8333333333333334,0.8333333333333333,,,,,,,,,A,0,4,-4,4
2018-09-07,United States,Brazil,False,Friendly,0.3,1764.4,2062.2,-297.7999999999997,0.24257229054280693,0.7574277094571931,-0.15000000000000002,-0.15000000000000002,-0.07758620689655171,-1.3,-0.2,0.4106953759953973,0.43761564418234783,0.35703666781995347,0.8492784193035566,1.1507215806964435,2,16,11,1675.7,15,,,,,,,250,5.5254529391317835,0.0625,2.4849066497880004,6,22,1761.16,6,85.24,85.72,84.39,84.78,1.0110875206416607,0.6836909633257792,1000,6.90875477931522,0.16666666666666666,3.1354942159291497,,,,,-750,-0.10416666666666666,-0.6505875661411493,1.8,0.2,0.9,0.8275862068965517,1.8,0.2,0.9,0.8275862068965517,0.5,0.0,0.75,0.75,0.5,0.0,0.75,0.75,A,0,2,-2,2
2018-09-08,England,Spain,False,UEFA Nations League,0.7,1900.3,2033.5,-133.20000000000005,0.4523662554595038,0.5476337445404962,-0.30000000000000004,-0.1071428571428571,-0.27586206896551724,-0.3999999999999999,0.0,0.4249408626540794,0.5750591373459206,0.19901201822431303,1.2639526538221235,2.0,3,4,16,1825.97,4,84.06,85.32,85.54,81.18,1.0509977827050996,2.456203031781639,1300,7.170888478512505,0.25,2.833213344056216,2,16,1876.4,2,84.31,84.06,85.96,81.55,1.030778663396689,2.2120201927951126,920,6.825460036255307,0.5,2.833213344056216,-0.25,1.259999999999991,-0.4199999999999875,-0.36999999999999034,380,-0.25,0.0,2.4,1.0,0.8,0.7758620689655172,2.1666666666666665,1.0,0.75,0.7499999999999999,2.0,1.0,0.5,0.5,1.8571428571428572,0.8571428571428571,0.6428571428571429,0.6031746031746031,A,1,2,-1,3
2018-09-09,France,Netherlands,False,UEFA Nations League,0.7,2089.0,1894.1,194.9000000000001,0.8452185171336465,0.15478148286635351,1.0,0.7857142857142857,1.0,2.6,0.19999999999999996,0.5298004015637491,0.3488305557574917,0.28446129219449473,1.6519738711130678,0.4757494343157121,5,1,16,1877.32,1,84.99,86.44,82.82,84.39,1.024291977722479,1.815296119094625,1280,7.155396301896734,1.0,2.833213344056216,7,10,1757.87,7,83.2,80.93,83.63,84.01,0.963337697893108,1.6793252613276926,720,6.580639137284949,0.14285714285714285,2.3978952727983707,1.789999999999992,5.509999999999991,-0.8100000000000023,0.37999999999999545,560,0.8571428571428572,0.4353180712578455,0.0,1.0,0.0,0.0,0.0,1.0,0.0,0.0,2.6,1.2,1.0,1.0,2.2857142857142856,1.4285714285714286,0.7857142857142857,0.9196428571428573,H,2,1,1,3
2018-09-10,Sweden,Turkey,False,UEFA Nations League,0.7,1821.1,1798.8,22.299999999999955,0.6690774342867838,0.3309225657132162,-0.4,-0.4,-0.4,-0.8,-0.19999999999999996,0.5008838669826162,0.4991161330173838,0.23417076798882355,1.4860405896193805,1.4581217688581416,2,38,12,1514.77,31,79.87,84.25,74.43,75.32,1.1185608072225173,5.430920732251576,140,4.948759890378168,0.02631578947368421,2.5649493574615367,22,2,1599.04,20,80.6,73.08,82.57,79.88,0.9148723084626941,4.891083724492965,460,6.133398042996649,0.045454545454545456,1.0986122886681098,-0.7299999999999898,11.170000000000002,-8.139999999999986,-4.560000000000002,-320,-0.019138755980861247,1.466337068793427,2.0,1.0,1.0,1.0,2.0,1.0,1.0,1.0,1.2,0.8,0.6,0.6,1.2,0.8,0.6,0.6,A,2,3,-1,5
2018-09-11,Spain,Croatia,False,UEFA Nations League,0.7,2056.1,1929.8,126.29999999999995,0.7862869401860193,0.2137130598139807,0.09999999999999998,0.04761904761904767,0.04166666666666674,-0.19999999999999996,-0.40000000000000013,0.5416003773846314,0.36468481324691954,0.2642286474142548,2.579281162614069,0.7127126674408887,5,2,16,1876.4,2,84.31,84.06,85.96,81.55,1.030778663396689,2.2120201927951126,920,6.825460036255307,0.5,2.833213344056216,11,6,1717.07,11,80.81,78.83,81.31,81.29,0.9697379751506949,1.4260902262246042,340,5.831882477283517,0.09090909090909091,1.9459101490553132,3.5,5.230000000000004,4.6499999999999915,0.2599999999999909,580,0.40909090909090906,0.8873031950009029,1.8,1.6,0.6,0.6388888888888888,1.6666666666666667,1.3333333333333333,0.6666666666666666,0.6666666666666667,1.6,1.2,0.7,0.6805555555555556,2.142857142857143,1.1428571428571428,0.7142857142857143,0.6904761904761906,H,6,0,6,6
2018-09-11,Bosnia and Herzegovina,Austria,False,UEFA Nations League,0.7,1702.0,1743.5,-41.5,0.5834015898120276,0.4165984101879724,-0.16666666666666669,-0.16666666666666669,-0.16666666666666663,-1.0,-1.6666666666666667,0.3290000632015365,0.4742437062927322,0.3511056680368328,0.9440293836373382,1.323649846241578,4,65,1,1385.0,43,,,,,,,70,4.2626798770413155,0.015384615384615385,0.6931471805599453,24,7,1593.45,22,78.91,78.39,79.48,78.32,1.0008937691521962,0.6504613747179809,195,5.278114659230517,0.041666666666666664,2.0794415416798357,,,,,-125,-0.02628205128205128,-1.3862943611198904,1.0,2.0,0.5,0.5,1.0,2.0,0.5,0.5,0.0,0.3333333333333333,0.3333333333333333,0.33333333333333337,0.0,0.3333333333333333,0.3333333333333333,0.33333333333333337,H,1,0,1,1
2018-09-11,Colombia,Argentina,True,Friendly,0.3,1873.9,1876.3,-2.3999999999998636,0.49654617729578265,0.5034538227042173,0.26666666666666666,0.26666666666666666,0.3642241379310345,-0.6666666666666667,-2.2,0.37881711702788384,0.3995163608859277,0.3496237643278885,1.0015699244973322,1.00068848731219,8,13,6,1693.09,12,79.68,82.37,79.35,78.43,1.0502358791278847,2.0611647192788847,380,5.942799375126701,0.07692307692307693,1.9459101490553132,3,18,1874.81,3,84.24,84.97,83.57,83.76,1.0144460362941738,0.7594076639065482,570,6.3473892096560105,0.3333333333333333,2.9444389791664403,-4.559999999999988,-2.5999999999999943,-4.219999999999999,-5.329999999999998,-190,-0.2564102564102564,-0.998528830111127,1.6666666666666667,3.0,0.3333333333333333,0.18749999999999997,1.6666666666666667,3.0,0.3333333333333333,0.18749999999999997,1.0,0.8,0.6,0.5517241379310345,1.0,0.8,0.6,0.5517241379310345,D,0,0,0,0
2018-09-11,England,Switzerland,False,Friendly,0.3,1877.7,1871.1,6.600000000000136,0.6487704430395936,0.35122955696040636,-0.45,-0.1875,-0.3578947368421053,-1.7,0.7,0.46260127214860264,0.3683692976713309,0.3532140790157319,1.1509594836187365,0.7930187721805201,4,4,16,1825.97,4,84.06,85.32,85.54,81.18,1.0509977827050996,2.456203031781639,1300,7.170888478512505,0.25,2.833213344056216,19,12,1650.75,18,79.03,79.12,77.93,79.65,0.9933458882611425,0.8808518604169482,280,5.638354669333745,0.05263157894736842,2.5649493574615367,5.030000000000001,6.199999999999989,7.609999999999999,1.5300000000000011,1020,0.19736842105263158,0.2682639865946794,2.5,0.5,0.75,0.6578947368421053,2.5,0.5,0.75,0.6578947368421053,0.8,1.2,0.3,0.3,1.625,1.0,0.5625,0.5205479452054794,H,1,0,1,1
2018-09-11,United States,Mexico,False,Friendly,0.3,1757.1,1793.1,-36.0,0.5910755963149433,0.40892440368505667,0.06666666666666665,0.09523809523809523,0.13178294573643423,-0.13333333333333341,-0.8666666666666667,0.46032287936138394,0.4405605693471523,0.2089240279939869,1.2646380603690555,1.0420859802399014,10,16,11,1675.7,15,,,,,,,250,5.5254529391317835,0.0625,2.4849066497880004,15,17,1684.13,14,77.71,79.23,77.3,75.4,1.0507957559681698,1.9150195821453098,230,5.442417710521793,0.06666666666666667,2.8903717578961645,,,,,20,-0.004166666666666666,-0.40546510810816416,0.8,1.2,0.6,0.5348837209302325,0.7142857142857143,1.0,0.5714285714285714,0.5306122448979592,0.6666666666666666,0.3333333333333333,0.6666666666666666,0.6666666666666667,0.6666666666666666,0.3333333333333333,0.6666666666666666,0.6666666666666667,H,1,0,1,1
2018-09-11,Uzbekistan,Iran,False,Friendly,0.3,1487.5,1783.7,-296.20000000000005,0.24426852512975908,0.755731474870241,-0.43333333333333335,-0.33333333333333337,-0.3850574712643678,-0.6666666666666667,0.5333333333333332,0.2151655324313998,0.32778741952653156,0.5646298142577685,0.6351428812412022,0.8328399648429395,9,50,0,1465.34,37,72.62,72.67,74.08,70.68,1.02815506508206,1.7082251998297293,40,3.713572066704308,0.02,0.0,21,6,1616.04,19,75.74,78.83,74.88,72.88,1.0816410537870473,3.0277879714405382,75,4.330733340286331,0.047619047619047616,1.9459101490553132,-3.1199999999999903,-6.159999999999997,-0.7999999999999972,-2.1999999999999886,-35,-0.027619047619047616,-1.9459101490553132,1.0,0.8,0.6,0.5517241379310345,0.8333333333333334,0.8333333333333334,0.5,0.5,0.3333333333333333,1.3333333333333333,0.16666666666666666,0.16666666666666669,0.3333333333333333,1.3333333333333333,0.16666666666666666,0.16666666666666669,A,0,1,-1,1
2018-10-11,Argentina,Iraq,True,Friendly,0.3,1876.2,1616.1,260.10000000000014,0.8171648551716728,0.1828351448283272,-0.75,-0.75,-0.8846153846153846,-2.0,2.25,0.5163016774627616,0.4836983225372385,0.24184916126861924,4.0,0.0,1,3,18,1874.81,3,84.24,84.97,83.57,83.76,1.0144460362941738,0.7594076639065482,570,6.3473892096560105,0.3333333333333333,2.9444389791664403,57,1,1447.0,39,70.2,71.16,69.09,70.18,1.013964092333998,1.0354870029765348,15,2.772588722239781,0.017543859649122806,0.6931471805599453,14.039999999999992,13.810000000000002,14.47999999999999,13.579999999999998,555,0.3157894736842105,2.251291798606495,4.0,1.0,1.0,1.0,4.0,1.0,1.0,1.0,2.0,3.25,0.25,0.11538461538461538,2.0,3.25,0.25,0.11538461538461538,H,4,0,4,4
2018-10-11,Turkey,Bosnia and Herzegovina,False,Friendly,0.3,1832.2,1722.9,109.29999999999995,0.7693824820413782,0.23061751795862184,0.25,0.25,0.25,1.25,1.0,0.4836983225372385,0.4836983225372385,0.2744525161941423,0.0,0.0,1,22,2,1599.04,20,80.6,73.08,82.57,79.88,0.9148723084626941,4.891083724492965,460,6.133398042996649,0.045454545454545456,1.0986122886681098,65,1,1385.0,43,,,,,,,70,4.2626798770413155,0.015384615384615385,0.6931471805599453,,,,,390,0.03006993006993007,0.4054651081081645,0.75,0.5,0.5,0.5,0.75,0.5,0.5,0.5,2.0,1.5,0.75,0.75,2.0,1.5,0.75,0.75,D,0,0,0,0
2018-10-11,United States,Colombia,False,Friendly,0.3,1765.3,1874.0,-108.70000000000005,0.48748230977948664,0.5125176902205133,0.0,-0.08333333333333337,0.0,-0.09999999999999998,0.15000000000000002,0.3730940367637705,0.5355912432702925,0.27786173834782224,0.7393086594943379,3.102052353716076,3,16,11,1675.7,15,,,,,,,250,5.5254529391317835,0.0625,2.4849066497880004,13,6,1693.09,12,79.68,82.37,79.35,78.43,1.0502358791278847,2.0611647192788847,380,5.942799375126701,0.07692307692307693,1.9459101490553132,,,,,-130,-0.014423076923076927,0.5389965007326871,0.6,0.6,0.5,0.5,1.0,0.8333333333333334,0.5833333333333334,0.5384615384615385,0.5,0.75,0.5,0.5,0.5,0.75,0.5,0.5,A,2,4,-2,6
2018-10-12,Qatar,Ecuador,False,Friendly,0.3,1603.8,1718.0,-114.20000000000005,0.47957592835582097,0.520424071644179,,,,,,0.4643704420868939,0.5356295579131062,0.21751193092699012,0.9033033070375339,2.2258258267593836,2,55,1,1454.0,38,72.65,75.52,71.59,70.64,1.0690826727066818,2.587205699849418,18,2.9444389791664403,0.01818181818181818,0.6931471805599453,23,4,1596.48,21,79.42,73.4,81.21,78.83,0.9311175948243056,4.003028020553102,220,5.3981627015177525,0.043478260869565216,1.6094379124341003,-6.769999999999996,2.1199999999999903,-9.61999999999999,-8.189999999999998,-202,-0.025296442687747035,-0.916290731874155,,,,,,,,,,,,,,,,,H,4,3,1,7
2018-10-12,South Korea,Uruguay,False,Friendly,0.3,1746.9,1909.6,-162.69999999999982,0.410734406191355,0.5892655938086451,-0.8,-0.8333333333333334,-0.7674418604651163,-0.8999999999999999,1.4,0.41756559580825126,0.4916712560946174,0.2863516067956639,0.7042241951515468,1.0447110593068167,3,25,10,1589.65,23,80.06,83.51,76.56,79.68,1.048067269076305,3.481039116892159,210,5.351858133476067,0.04,2.3978952727983707,17,14,1673.07,16,82.26,82.38,83.75,80.54,1.0228457909113482,1.6107244746800498,270,5.602118820879701,0.058823529411764705,2.70805020110221,-2.200000000000003,1.1300000000000097,-7.189999999999998,-0.8599999999999994,-60,-0.018823529411764704,-0.3101549283038394,1.4,0.6,0.8,0.7674418604651163,1.5,0.5,0.8333333333333334,0.782608695652174,0.5,2.0,0.0,0.0,0.5,2.0,0.0,0.0,H,2,1,1,3
2018-10-12,Saudi Arabia,Brazil,False,Friendly,0.3,1633.6,2069.5,-435.9000000000001,0.12635310983008438,0.8736468901699156,-0.49999999999999994,-0.55,-0.446969696969697,-1.0,1.6,0.4836853646368863,0.5163146353631137,0.24184268231844314,0.0,2.0,1,61,6,1421.0,41,75.74,75.38,76.06,74.85,1.0070808283233132,0.6065476073648342,55,4.02535169073515,0.01639344262295082,1.9459101490553132,6,22,1761.16,6,85.24,85.72,84.39,84.78,1.0110875206416607,0.6836909633257792,1000,6.90875477931522,0.16666666666666666,3.1354942159291497,-9.5,-10.340000000000003,-8.329999999999998,-9.930000000000007,-945,-0.15027322404371585,-1.1895840668738364,1.8,0.6,0.7,0.5833333333333334,1.6666666666666667,0.5,0.75,0.6153846153846154,0.8,2.2,0.2,0.13636363636363635,0.8,2.2,0.2,0.13636363636363635,A,0,2,-2,2
2018-10-12,Croatia,England,False,UEFA Nations League,0.7,1907.1,1884.7,22.399999999999864,0.669204877344767,0.33079512265523303,0.39999999999999997,0.1428571428571429,0.36140661938534285,1.0,0.0,0.45217377045563084,0.5191170081291272,0.24149715567806074,0.556210020063378,1.0059514973727706,4,11,6,1717.07,11,80.81,78.83,81.31,81.29,0.9697379751506949,1.4260902262246042,340,5.831882477283517,0.09090909090909091,1.9459101490553132,4,16,1825.97,4,84.06,85.32,85.54,81.18,1.0509977827050996,2.456203031781639,1300,7.170888478512505,0.25,2.833213344056216,-3.25,-6.489999999999995,-4.230000000000004,0.10999999999999943,-960,-0.1590909090909091,-0.8873031950009029,1.0,1.4,0.3,0.3191489361702127,1.5555555555555556,1.1111111111111112,0.5,0.475,2.0,1.4,0.7,0.6805555555555556,1.5714285714285714,1.2857142857142858,0.6428571428571429,0.6547619047619049,D,0,0,0,0
2018-10-12,Belgium,Switzerland,False,UEFA Nations League,0.7,2043.9,1864.1,179.80000000000018,0.8335027588527071,0.16649724114729292,0.20000000000000007,0.25,0.3689655172413793,-0.3999999999999999,0.20000000000000007,0.5273871150948268,0.4726128849051732,0.22094186212558098,2.0,2.057506189378476,3,9,13,1734.71,9,82.71,82.46,84.06,79.53,1.0368414434804476,2.2973100211624318,600,6.398594934535208,0.1111111111111111,2.6390573296152584,19,12,1650.75,18,79.03,79.12,77.93,79.65,0.9933458882611425,0.8808518604169482,280,5.638354669333745,0.05263157894736842,2.5649493574615367,3.6799999999999926,3.339999999999989,6.1299999999999955,-0.12000000000000455,320,0.05847953216374269,0.07410797215372167,2.0,0.6,0.6,0.4310344827586207,2.0,0.6,0.6,0.4310344827586207,1.6,0.8,0.8,0.8,2.3,0.6,0.85,0.8544303797468354,H,2,1,1,3
2018-10-12,Japan,Panama,False,Kirin Challenge Cup,0.45,1775.8,1561.2,214.5999999999999,0.8594806579553862,0.1405193420446138,0.5,0.5,0.6206896551724138,1.35,-2.2,0.5441501315164268,0.45584986848357323,0.22792493424178661,1.6965210608648935,0.0,2,18,7,1661.58,17,76.86,73.58,78.41,76.46,0.9623332461417735,2.4298765400735887,290,5.673323267171493,0.05555555555555555,2.0794415416798357,33,1,1540.64,29,71.68,71.04,71.68,72.16,0.984478935698448,0.5619015334854749,55,4.02535169073515,0.030303030303030304,0.6931471805599453,5.179999999999993,2.539999999999992,6.72999999999999,4.299999999999997,235,0.02525252525252525,1.3862943611198904,0.25,4.0,0.0,0.0,0.25,4.0,0.0,0.0,1.6,1.8,0.5,0.6206896551724138,1.6,1.8,0.5,0.6206896551724138,H,3,0,3,3
2018-10-13,Netherlands,Germany,False,UEFA Nations League,0.7,1886.3,1884.7,1.599999999999909,0.6421841457808726,0.3578158542191274,0.09999999999999998,0.14285714285714285,0.1388888888888889,0.5,-0.8999999999999999,0.3170165619360443,0.5025773991226101,0.31753520923208384,1.3253920500136205,1.600675813937839,8,7,10,1757.87,7,83.2,80.93,83.63,84.01,0.963337697893108,1.6793252613276926,720,6.580639137284949,0.14285714285714285,2.3978952727983707,10,20,1731.3,10,83.78,84.42,84.51,82.18,1.0272572402044293,1.3200126262022376,850,6.7464121285733745,0.1,3.044522437723423,-0.5799999999999983,-3.489999999999995,-0.8800000000000097,1.8299999999999983,-130,0.042857142857142844,-0.6466271649250523,1.0,1.4,0.4,0.3611111111111111,0.8571428571428571,1.2857142857142858,0.35714285714285715,0.3452380952380953,1.5,0.5,0.5,0.5,1.5,0.5,0.5,0.5,H,3,0,3,3
2018-10-14,Scotland,Portugal,False,Friendly,0.3,1615.9,1914.5,-298.5999999999999,0.24172718150622216,0.7582728184937778,-0.6,-0.5555555555555556,-0.5348837209302325,-1.8,-0.19999999999999996,0.34796113473702095,0.5096245285075496,0.31639490412394,0.5316515401864588,1.140625237933964,3,43,7,1499.92,34,77.5,73.76,79.29,77.16,0.9559357179885952,2.7891994072373767,135,4.912654885736052,0.023255813953488372,2.0794415416798357,5,8,1763.83,5,83.74,82.45,86.12,82.24,1.0025535019455254,2.182025053323941,850,6.7464121285733745,0.2,2.1972245773362196,-6.239999999999995,-8.689999999999998,-6.829999999999998,-5.079999999999998,-715,-0.17674418604651165,-0.11778303565638382,1.8,1.2,0.6,0.5348837209302325,1.4444444444444444,1.3333333333333333,0.5555555555555556,0.5272727272727272,0.0,1.0,0.0,0.0,0.0,1.0,0.0,0.0,A,1,3,-2,4
2018-10-15,Spain,England,False,UEFA Nations League,0.7,2078.8,1893.1,185.70000000000027,0.8381627919497784,0.16183720805022161,0.4,0.19999999999999996,0.425,0.8,0.0,0.5750591373459206,0.4249408626540794,0.19901201822431303,2.0,1.2639526538221235,3,2,16,1876.4,2,84.31,84.06,85.96,81.55,1.030778663396689,2.2120201927951126,920,6.825460036255307,0.5,2.833213344056216,4,16,1825.97,4,84.06,85.32,85.54,81.18,1.0509977827050996,2.456203031781639,1300,7.170888478512505,0.25,2.833213344056216,0.25,-1.259999999999991,0.4199999999999875,0.36999999999999034,-380,0.25,0.0,1.0,1.2,0.4,0.325,1.5,1.0,0.55,0.49397590361445776,1.8,1.2,0.8,0.75,2.125,1.125,0.75,0.7346938775510204,A,2,3,-1,5
2018-10-15,Croatia,Jordan,False,Friendly,0.3,1898.6,1536.0,362.5999999999999,0.9348040545924602,0.06519594540753981,0.5,0.5625,0.5375,1.6,2.4,0.5163535688063982,0.4836464311936018,0.2418232155968009,2.0,1.0,1,11,6,1717.07,11,80.81,78.83,81.31,81.29,0.9697379751506949,1.4260902262246042,340,5.831882477283517,0.09090909090909091,1.9459101490553132,63,0,1391.0,42,70.24,72.37,69.09,67.57,1.0710374426520648,2.453188401516149,20,3.044522437723423,0.015873015873015872,0.0,10.570000000000007,6.459999999999994,12.219999999999999,13.720000000000013,320,0.07503607503607504,1.9459101490553132,,,,,,,,,1.6,2.4,0.5,0.5375,1.375,1.875,0.5625,0.5612244897959184,H,2,1,1,3
2018-10-15,Saudi Arabia,Iraq,False,Friendly,0.3,1629.8,1609.3,20.5,0.6667792302059911,0.33322076979400894,-0.09999999999999998,-0.16666666666666669,-0.051724137931034475,-2.0,-0.3999999999999999,0.42815157283261523,0.3869935561553704,0.33404386541561293,1.0569711603749496,0.8942963805296045,5,61,6,1421.0,41,75.74,75.38,76.06,74.85,1.0070808283233132,0.6065476073648342,55,4.02535169073515,0.01639344262295082,1.9459101490553132,57,1,1447.0,39,70.2,71.16,69.09,70.18,1.013964092333998,1.0354870029765348,15,2.772588722239781,0.017543859649122806,0.6931471805599453,5.539999999999992,4.219999999999999,6.969999999999999,4.6699999999999875,40,-0.0011504170261719855,1.252762968495368,3.0,2.0,0.5,0.5,3.0,2.0,0.5,0.5,1.0,1.6,0.4,0.4482758620689655,1.0,2.0,0.3333333333333333,0.40625,D,1,1,0,2
2018-10-16,Argentina,Brazil,True,Superclásico de las Américas,0.45,1883.1,2073.3,-190.20000000000027,0.25070060496745583,0.7492993950325442,-0.39999999999999997,-0.4857142857142857,-0.42816091954022995,-0.19999999999999996,2.0,0.6051900209500378,0.3438096986974668,0.20030003166959748,1.8000448108907503,0.5206055765356633,7,3,18,1874.81,3,84.24,84.97,83.57,83.76,1.0144460362941738,0.7594076639065482,570,6.3473892096560105,0.3333333333333333,2.9444389791664403,6,22,1761.16,6,85.24,85.72,84.39,84.78,1.0110875206416607,0.6836909633257792,1000,6.90875477931522,0.16666666666666666,3.1354942159291497,-1.0,-0.75,-0.8200000000000074,-1.019999999999996,-430,0.16666666666666666,-0.1910552367627094,1.8,0.6,0.7,0.5833333333333334,1.7142857142857142,0.42857142857142855,0.7857142857142857,0.642857142857143,1.6,2.6,0.3,0.15517241379310343,1.6,2.6,0.3,0.15517241379310343,A,0,1,-1,1
2018-10-16,Uzbekistan,Qatar,False,Friendly,0.3,1482.6,1614.2,-131.60000000000014,0.4546489278574164,0.5453510721425836,-0.875,-0.875,-0.875,-2.75,-0.25,0.471944427637254,0.4279754842285323,0.2508295505937413,2.1258417735875916,1.2078266222666816,4,50,0,1465.34,37,72.62,72.67,74.08,70.68,1.02815506508206,1.7082251998297293,40,3.713572066704308,0.02,0.0,55,1,1454.0,38,72.65,75.52,71.59,70.64,1.0690826727066818,2.587205699849418,18,2.9444389791664403,0.01818181818181818,0.6931471805599453,-0.030000000000001137,-2.8499999999999943,2.489999999999995,0.04000000000000625,22,0.0018181818181818195,-0.6931471805599453,3.0,2.0,1.0,1.0,3.0,2.0,1.0,1.0,0.25,1.75,0.125,0.125,0.25,1.75,0.125,0.125,H,2,0,2,2
2018-10-16,South Korea,Panama,False,Friendly,0.3,1758.7,1552.6,206.10000000000014,0.8534666278570486,0.14653337214295137,0.2,0.2,0.2777777777777778,0.4,-2.0,0.4836334334414472,0.4836334334414472,0.2745498498378291,2.0,2.0,1,25,10,1589.65,23,80.06,83.51,76.56,79.68,1.048067269076305,3.481039116892159,210,5.351858133476067,0.04,2.3978952727983707,33,1,1540.64,29,71.68,71.04,71.68,72.16,0.984478935698448,0.5619015334854749,55,4.02535169073515,0.030303030303030304,0.6931471805599453,8.379999999999995,12.469999999999999,4.8799999999999955,7.52000000000001,155,0.009696969696969697,1.7047480922384253,0.4,3.6,0.0,0.0,0.4,3.6,0.0,0.0,0.8,1.6,0.2,0.2777777777777778,0.8,1.6,0.2,0.2777777777777778,D,2,2,0,4
2018-10-16,France,Germany,False,UEFA Nations League,0.7,2096.7,1853.4,243.29999999999973,0.8782748184370527,0.12172518156294732,0.4,0.375,0.5130319148936169,1.4000000000000001,0.0,0.5013202101367101,0.4795350197742455,0.1653009894903818,1.1079821578361368,0.9490923831918627,6,1,16,1877.32,1,84.99,86.44,82.82,84.39,1.024291977722479,1.815296119094625,1280,7.155396301896734,1.0,2.833213344056216,10,20,1731.3,10,83.78,84.42,84.51,82.18,1.0272572402044293,1.3200126262022376,850,6.7464121285733745,0.1,3.044522437723423,1.2099999999999937,2.019999999999996,-1.690000000000012,2.2099999999999937,430,0.9,-0.21130909366720685,0.8,1.0,0.5,0.4125,0.75,1.125,0.375,0.3673469387755102,2.2,1.0,0.9,0.9255319148936169,2.0,1.25,0.75,0.873015873015873,H,2,1,1,3
2018-10-16,Belgium,Netherlands,False,Friendly,0.3,2052.2,1917.6,134.5999999999999,0.7942058287210625,0.2057941712789375,0.46666666666666673,0.5166666666666666,0.5366726296958855,0.8666666666666669,-0.19999999999999996,0.40165861949372905,0.5711564421822898,0.22801424807084578,0.5489501703959518,2.2321989446138875,3,9,13,1734.71,9,82.71,82.46,84.06,79.53,1.0368414434804476,2.2973100211624318,600,6.398594934535208,0.1111111111111111,2.6390573296152584,7,10,1757.87,7,83.2,80.93,83.63,84.01,0.963337697893108,1.6793252613276926,720,6.580639137284949,0.14285714285714285,2.3978952727983707,-0.4900000000000091,1.529999999999987,0.4300000000000068,-4.480000000000004,-120,-0.031746031746031744,0.24116205681688774,1.3333333333333333,1.0,0.3333333333333333,0.23076923076923078,1.3333333333333333,1.0,0.3333333333333333,0.23076923076923078,2.2,0.8,0.8,0.7674418604651163,2.3,0.6,0.85,0.8544303797468356,D,1,1,0,2
2018-10-16,Japan,Uruguay,False,Kirin Challenge Cup,0.45,1784.4,1897.8,-113.39999999999986,0.48072540597335217,0.5192745940266479,-0.30000000000000004,-0.4404761904761904,-0.2674418604651163,0.3999999999999999,1.2,0.44363883156843537,0.41551600203198813,0.34860316741557057,1.7031904297002747,1.5367516352963013,3,18,7,1661.58,17,76.86,73.58,78.41,76.46,0.9623332461417735,2.4298765400735887,290,5.673323267171493,0.05555555555555555,2.0794415416798357,17,14,1673.07,16,82.26,82.38,83.75,80.54,1.0228457909113482,1.6107244746800498,270,5.602118820879701,0.058823529411764705,2.70805020110221,-5.400000000000006,-8.799999999999997,-5.340000000000003,-4.0800000000000125,20,-0.0032679738562091526,-0.6286086594223743,1.6,0.8,0.8,0.7674418604651163,1.8571428571428572,0.5714285714285714,0.8571428571428571,0.7959183673469387,2.0,2.0,0.5,0.5,1.6666666666666667,2.0,0.4166666666666667,0.46153846153846156,H,4,3,1,7
2018-11-14,Switzerland,Qatar,False,Friendly,0.3,1855.8,1597.9,257.89999999999986,0.8869780323488637,0.11302196765113626,-0.6,-0.5,-0.6724137931034483,-2.7,-1.7,0.4832521280533589,0.5167478719466412,0.24162606402667944,0.0,1.0,1,19,12,1650.75,18,79.03,79.12,77.93,79.65,0.9933458882611425,0.8808518604169482,280,5.638354669333745,0.05263157894736842,2.5649493574615367,55,1,1454.0,38,72.65,75.52,71.59,70.64,1.0690826727066818,2.587205699849418,18,2.9444389791664403,0.01818181818181818,0.6931471805599453,6.3799999999999955,3.6000000000000085,6.340000000000003,9.010000000000005,262,0.03444976076555024,1.8718021769015913,3.5,2.5,1.0,1.0,3.5,2.5,1.0,1.0,0.8,0.8,0.4,0.3275862068965517,1.6666666666666667,0.6666666666666666,0.5,0.39062500000000006,A,0,1,-1,1
2018-11-15,Austria,Bosnia and Herzegovina,False,UEFA Nations League,0.7,1722.6,1728.3,-5.7000000000000455,0.6324715330177967,0.3675284669822033,0.06666666666666665,0.06666666666666665,-0.01754385964912264,0.5333333333333332,0.9333333333333332,0.4742437062927322,0.3290000632015365,0.3511056680368328,1.323649846241578,0.9440293836373382,4,24,7,1593.45,22,78.91,78.39,79.48,78.32,1.0008937691521962,0.6504613747179809,195,5.278114659230517,0.041666666666666664,2.0794415416798357,65,1,1385.0,43,,,,,,,70,4.2626798770413155,0.015384615384615385,0.6931471805599453,,,,,125,0.02628205128205128,1.3862943611198904,0.8,0.4,0.6,0.6842105263157894,0.8,0.4,0.6,0.6842105263157894,1.3333333333333333,1.3333333333333333,0.6666666666666666,0.6666666666666667,1.3333333333333333,1.3333333333333333,0.6666666666666666,0.6666666666666667,D,0,0,0,0
2018-11-15,Croatia,Spain,False,UEFA Nations League,0.7,1899.9,2036.9,-137.0,0.4469531048305375,0.5530468951694625,-0.4,-0.2222222222222222,-0.36732186732186733,-1.7999999999999998,1.2,0.36468481324691954,0.5416003773846314,0.2642286474142548,0.7127126674408887,2.579281162614069,5,11,6,1717.07,11,80.81,78.83,81.31,81.29,0.9697379751506949,1.4260902262246042,340,5.831882477283517,0.09090909090909091,1.9459101490553132,2,16,1876.4,2,84.31,84.06,85.96,81.55,1.030778663396689,2.2120201927951126,920,6.825460036255307,0.5,2.833213344056216,-3.5,-5.230000000000004,-4.6499999999999915,-0.2599999999999909,-580,-0.40909090909090906,-0.8873031950009029,2.8,1.2,0.8,0.7727272727272727,2.5555555555555554,1.0,0.7777777777777778,0.7678571428571429,1.0,2.4,0.4,0.4054054054054054,1.2222222222222223,1.6666666666666667,0.5555555555555556,0.5535714285714286,H,3,2,1,5
2018-11-15,England,United States,False,Friendly,0.3,1935.1,1750.7,184.39999999999986,0.8371451284574081,0.16285487154259193,-0.3,-0.09999999999999998,-0.4243243243243243,0.0,0.6,0.4646230253220314,0.4344828872184048,0.31813553106876624,0.6900518847060702,0.0,2,4,16,1825.97,4,84.06,85.32,85.54,81.18,1.0509977827050996,2.456203031781639,1300,7.170888478512505,0.25,2.833213344056216,16,11,1675.7,15,,,,,,,250,5.5254529391317835,0.0625,2.4849066497880004,,,,,1050,0.1875,0.3483066942682158,0.6,0.6,0.6,0.6,0.6,0.6,0.6,0.6,0.6,1.2,0.3,0.17567567567567563,1.4,1.0,0.5,0.47701149425287354,H,3,0,3,3
2018-11-16,Egypt,Tunisia,False,African Cup of Nations qualification,0.85,1632.1,1699.3,-67.20000000000005,0.5470632604530102,0.45293673954698976,-0.07500000000000001,-0.20833333333333331,-0.024500907441016337,-1.15,-0.8999999999999999,0.42115754735287647,0.5788424526471236,0.19690801354587276,0.9331280827241041,2.222526242930743,3,29,3,1565.56,25,80.93,86.04,70.5,73.27,1.174286884127201,8.288922326414538,115,4.7535901911063645,0.034482758620689655,1.3862943611198906,44,6,1483.05,35,72.99,70.78,75.39,71.78,0.9860685427695737,2.42501546386822,80,4.394449154672439,0.022727272727272728,1.9459101490553132,7.940000000000012,15.260000000000005,-4.890000000000001,1.4899999999999949,35,0.011755485893416927,-0.5596157879354227,1.4,2.4,0.2,0.10344827586206896,1.3333333333333333,2.0,0.3333333333333333,0.18749999999999997,0.25,1.5,0.125,0.07894736842105263,0.25,1.5,0.125,0.07894736842105263,H,3,2,1,5
2018-11-16,Brazil,Uruguay,True,Friendly,0.3,2082.0,1879.6,202.4000000000001,0.7622596360689361,0.2377403639310639,0.09999999999999998,0.0625,-0.05555555555555558,0.0,-0.6,0.3933071535448259,0.3763303763029415,0.37471458895256066,0.9625199960655055,0.8160399097644911,6,6,22,1761.16,6,85.24,85.72,84.39,84.78,1.0110875206416607,0.6836909633257792,1000,6.90875477931522,0.16666666666666666,3.1354942159291497,17,14,1673.07,16,82.26,82.38,83.75,80.54,1.0228457909113482,1.6107244746800498,270,5.602118820879701,0.058823529411764705,2.70805020110221,2.9799999999999898,3.3400000000000034,0.6400000000000006,4.239999999999995,730,0.10784313725490195,0.4274440148269396,1.6,1.2,0.6,0.638888888888889,1.75,0.75,0.75,0.75,1.6,0.6,0.7,0.5833333333333334,1.75,0.375,0.8125,0.6666666666666669,H,1,0,1,1
2018-11-16,Netherlands,France,False,UEFA Nations League,0.7,1923.5,2102.8,-179.30000000000018,0.3878194178035087,0.6121805821964913,-0.4,-0.2777777777777778,-0.4204545454545452,-0.050000000000000044,0.15000000000000002,0.3488305557574917,0.5298004015637491,0.28446129219449473,0.4757494343157121,1.6519738711130678,5,7,10,1757.87,7,83.2,80.93,83.63,84.01,0.963337697893108,1.6793252613276926,720,6.580639137284949,0.14285714285714285,2.3978952727983707,1,16,1877.32,1,84.99,86.44,82.82,84.39,1.024291977722479,1.815296119094625,1280,7.155396301896734,1.0,2.833213344056216,-1.789999999999992,-5.509999999999991,0.8100000000000023,-0.37999999999999545,-560,-0.8571428571428572,-0.4353180712578455,1.8,0.6,0.9,0.9204545454545453,2.0,1.2222222222222223,0.7777777777777778,0.8857142857142858,1.75,0.75,0.5,0.5000000000000001,1.75,0.75,0.5,0.5000000000000001,H,2,0,2,2
2018-11-16,Argentina,Mexico,False,Friendly,0.3,1874.3,1784.9,89.39999999999986,0.748433321901925,0.251566678098075,0.09999999999999998,-0.08333333333333331,-0.20649558941459495,1.4000000000000001,-0.6000000000000001,0.5935241393567133,0.4064758606432867,0.20323793032164336,2.385425021302653,0.0,4,3,18,1874.81,3,84.24,84.97,83.57,83.76,1.0144460362941738,0.7594076639065482,570,6.3473892096560105,0.3333333333333333,2.9444389791664403,15,17,1684.13,14,77.71,79.23,77.3,75.4,1.0507957559681698,1.9150195821453098,230,5.442417710521793,0.06666666666666667,2.8903717578961645,6.530000000000001,5.739999999999995,6.269999999999996,8.36,340,0.26666666666666666,0.054067221270275745,0.8,2.0,0.4,0.46511627906976744,0.75,1.375,0.5,0.5,2.2,1.4,0.5,0.2586206896551725,2.0,2.1666666666666665,0.4166666666666667,0.23437500000000003,H,2,0,2,2
2018-11-17,Turkey,Sweden,False,UEFA Nations League,0.7,1826.8,1787.6,39.200000000000045,0.6902524121551514,0.30974758784484857,0.43333333333333335,0.33333333333333337,0.41949910554561726,1.3333333333333335,0.4666666666666668,0.4991161330173838,0.5008838669826162,0.23417076798882355,1.4581217688581416,1.4860405896193805,2,22,2,1599.04,20,80.6,73.08,82.57,79.88,0.9148723084626941,4.891083724492965,460,6.133398042996649,0.045454545454545456,1.0986122886681098,38,12,1514.77,31,79.87,84.25,74.43,75.32,1.1185608072225173,5.430920732251576,140,4.948759890378168,0.02631578947368421,2.5649493574615367,0.7299999999999898,-11.170000000000002,8.139999999999986,4.560000000000002,320,0.019138755980861247,-1.466337068793427,1.0,1.2,0.4,0.46511627906976744,1.0,1.0,0.5,0.5660377358490566,2.3333333333333335,1.6666666666666667,0.8333333333333334,0.8846153846153847,2.3333333333333335,1.6666666666666667,0.8333333333333334,0.8846153846153847,A,0,1,-1,1
2018-11-17,Australia,South Korea,False,Friendly,0.3,1736.3,1751.7,-15.400000000000091,0.6193986879658221,0.3806013120341779,0.09999999999999998,0.16666666666666669,0.13888888888888884,0.6666666666666667,0.1333333333333333,0.40270983125809096,0.5693082034003136,0.22933688097064084,0.8302402638810389,1.686433516994692,3,27,6,1578.66,24,73.3,73.31,72.57,72.76,1.0075590984057174,0.3843175770115159,120,4.795790545596741,0.037037037037037035,1.9459101490553132,25,10,1589.65,23,80.06,83.51,76.56,79.68,1.048067269076305,3.481039116892159,210,5.351858133476067,0.04,2.3978952727983707,-6.760000000000005,-10.200000000000003,-3.990000000000009,-6.920000000000002,-90,-0.002962962962962966,-0.45198512374305744,1.0,1.2,0.4,0.36111111111111116,1.0,1.5,0.3333333333333333,0.33333333333333337,1.6666666666666667,1.3333333333333333,0.5,0.5,1.6666666666666667,1.3333333333333333,0.5,0.5,D,1,1,0,2
2018-11-18,Switzerland,Belgium,False,UEFA Nations League,0.7,1838.1,2046.3,-208.20000000000005,0.3491337076626628,0.6508662923373372,-0.5,-0.4714285714285715,-0.5075757575757576,-1.2,0.4,0.4726128849051732,0.5273871150948268,0.22094186212558098,2.057506189378476,2.0,3,19,12,1650.75,18,79.03,79.12,77.93,79.65,0.9933458882611425,0.8808518604169482,280,5.638354669333745,0.05263157894736842,2.5649493574615367,9,13,1734.71,9,82.71,82.46,84.06,79.53,1.0368414434804476,2.2973100211624318,600,6.398594934535208,0.1111111111111111,2.6390573296152584,-3.6799999999999926,-3.339999999999989,-6.1299999999999955,0.12000000000000455,-320,-0.05847953216374269,-0.07410797215372167,2.0,0.6,0.8,0.75,2.5,0.7,0.9,0.8795180722891567,0.8,1.0,0.3,0.24242424242424246,1.5714285714285714,0.8571428571428571,0.42857142857142855,0.32051282051282054,H,5,2,3,7
2018-11-18,England,Croatia,False,UEFA Nations League,0.7,1940.8,1927.6,13.200000000000045,0.6573780415483725,0.34262195845162746,0.09999999999999998,-0.09999999999999998,0.13039215686274502,0.0,-1.2,0.5191170081291272,0.45217377045563084,0.24149715567806074,1.0059514973727706,0.556210020063378,4,4,16,1825.97,4,84.06,85.32,85.54,81.18,1.0509977827050996,2.456203031781639,1300,7.170888478512505,0.25,2.833213344056216,11,6,1717.07,11,80.81,78.83,81.31,81.29,0.9697379751506949,1.4260902262246042,340,5.831882477283517,0.09090909090909091,1.9459101490553132,3.25,6.489999999999995,4.230000000000004,-0.10999999999999943,960,0.1590909090909091,0.8873031950009029,1.0,2.4,0.4,0.26666666666666666,1.3,1.6,0.6,0.5762711864406779,1.0,1.2,0.5,0.3970588235294117,1.5,1.1,0.5,0.45833333333333326,H,2,1,1,3
2018-11-18,Spain,Bosnia and Herzegovina,False,Friendly,0.3,2009.3,1734.9,274.39999999999986,0.8961555267955992,0.10384447320440082,0.09999999999999998,0.11666666666666659,0.02310654685494229,1.8,0.7999999999999999,0.5168011342777751,0.48319886572222487,0.24159943286111243,1.0,0.0,1,2,16,1876.4,2,84.31,84.06,85.96,81.55,1.030778663396689,2.2120201927951126,920,6.825460036255307,0.5,2.833213344056216,65,1,1385.0,43,,,,,,,70,4.2626798770413155,0.015384615384615385,0.6931471805599453,,,,,850,0.4846153846153846,2.1400661634962708,0.8,0.4,0.6,0.6842105263157894,0.6666666666666666,0.3333333333333333,0.5833333333333334,0.6590909090909091,2.6,1.2,0.7,0.7073170731707317,2.5,1.2,0.7,0.6825396825396824,H,1,0,1,1
2018-11-19,Germany,Netherlands,False,UEFA Nations League,0.7,1847.3,1969.4,-122.10000000000014,0.46823836869957036,0.5317616313004296,-0.2,-0.16666666666666669,-0.19318181818181818,-1.2000000000000002,0.5999999999999999,0.5025773991226101,0.3170165619360443,0.31753520923208384,1.600675813937839,1.3253920500136205,8,10,20,1731.3,10,83.78,84.42,84.51,82.18,1.0272572402044293,1.3200126262022376,850,6.7464121285733745,0.1,3.044522437723423,7,10,1757.87,7,83.2,80.93,83.63,84.01,0.963337697893108,1.6793252613276926,720,6.580639137284949,0.14285714285714285,2.3978952727983707,0.5799999999999983,3.489999999999995,0.8800000000000097,-1.8299999999999983,130,-0.042857142857142844,0.6466271649250523,1.6,0.8,0.5,0.5,1.6,0.8,0.5,0.5,0.4,1.4,0.3,0.3068181818181818,0.6666666666666666,1.3333333333333333,0.3333333333333333,0.3214285714285714,D,2,2,0,4
2018-11-20,Argentina,Mexico,False,Friendly,0.3,1881.8,1777.4,104.39999999999986,0.7643397035971962,0.23566029640280384,0.09999999999999998,-0.08730158730158727,-0.13023679417122042,0.7999999999999999,-0.6000000000000001,0.5935241393567133,0.4064758606432867,0.20323793032164336,2.385425021302653,0.0,4,3,18,1874.81,3,84.24,84.97,83.57,83.76,1.0144460362941738,0.7594076639065482,570,6.3473892096560105,0.3333333333333333,2.9444389791664403,15,17,1684.13,14,77.71,79.23,77.3,75.4,1.0507957559681698,1.9150195821453098,230,5.442417710521793,0.06666666666666667,2.8903717578961645,6.530000000000001,5.739999999999995,6.269999999999996,8.36,340,0.26666666666666666,0.054067221270275745,0.6,2.2,0.2,0.2777777777777778,0.6666666666666666,1.3333333333333333,0.4444444444444444,0.4727272727272727,1.4,1.6,0.3,0.14754098360655737,1.7142857142857142,2.0,0.35714285714285715,0.20547945205479454,H,2,0,2,2
2018-11-20,France,Uruguay,False,Friendly,0.3,2056.9,1874.9,182.0,0.8352528323139615,0.16474716768603848,0.5,0.13333333333333341,0.488404638144742,-0.19999999999999996,-1.2,0.5309344253979714,0.46906557460202863,0.23453278730101432,1.4718982290189688,0.0,2,1,16,1877.32,1,84.99,86.44,82.82,84.39,1.024291977722479,1.815296119094625,1280,7.155396301896734,1.0,2.833213344056216,17,14,1673.07,16,82.26,82.38,83.75,80.54,1.0228457909113482,1.6107244746800498,270,5.602118820879701,0.058823529411764705,2.70805020110221,2.7299999999999898,4.060000000000002,-0.9300000000000068,3.8499999999999943,1010,0.9411764705882353,0.1251631429540061,2.0,2.0,0.4,0.42622950819672134,1.8888888888888888,1.1111111111111112,0.6666666666666666,0.6902654867256637,1.8,0.8,0.9,0.9146341463414633,2.0,1.2,0.8,0.8961038961038961,H,1,0,1,1
2018-11-20,Jordan,Saudi Arabia,False,Friendly,0.3,1534.7,1626.5,-91.79999999999995,0.5117985579633935,0.48820144203660654,,,,,,0.5408826697697454,0.44206302587842533,0.13947304319118634,0.8735376414782954,0.9834145406979246,7,63,0,1391.0,42,70.24,72.37,69.09,67.57,1.0710374426520648,2.453188401516149,20,3.044522437723423,0.015873015873015872,0.0,61,6,1421.0,41,75.74,75.38,76.06,74.85,1.0070808283233132,0.6065476073648342,55,4.02535169073515,0.01639344262295082,1.9459101490553132,-5.5,-3.009999999999991,-6.969999999999999,-7.280000000000001,-35,-0.0005204267499349484,-1.9459101490553132,1.0,1.2,0.4,0.4482758620689655,0.8571428571428571,2.0,0.2857142857142857,0.37142857142857144,,,,,,,,,D,1,1,0,2
2018-11-20,South Korea,Uzbekistan,True,Friendly,0.3,1754.0,1499.0,255.0,0.8127376816365348,0.18726231836346519,0.4,0.2571428571428571,0.3027777777777778,1.2,-0.40000000000000013,0.516827826719158,0.48317217328084194,0.24158608664042097,4.0,0.0,1,25,10,1589.65,23,80.06,83.51,76.56,79.68,1.048067269076305,3.481039116892159,210,5.351858133476067,0.04,2.3978952727983707,50,0,1465.34,37,72.62,72.67,74.08,70.68,1.02815506508206,1.7082251998297293,40,3.713572066704308,0.02,0.0,7.439999999999998,10.840000000000003,2.480000000000004,9.0,170,0.02,2.3978952727983707,0.2,1.6,0.1,0.09999999999999999,0.2,1.6,0.1,0.09999999999999999,1.4,1.2,0.5,0.4027777777777778,1.1428571428571428,1.5714285714285714,0.35714285714285715,0.34523809523809523,H,4,0,4,4
2018-11-20,Panama,Ecuador,False,Friendly,0.3,1559.6,1707.6,-148.0,0.43135860811633236,0.5686413918836677,,,,,,0.48317217328084194,0.516827826719158,0.24158608664042097,1.0,2.0,1,33,1,1540.64,29,71.68,71.04,71.68,72.16,0.984478935698448,0.5619015334854749,55,4.02535169073515,0.030303030303030304,0.6931471805599453,23,4,1596.48,21,79.42,73.4,81.21,78.83,0.9311175948243056,4.003028020553102,220,5.3981627015177525,0.043478260869565216,1.6094379124341003,-7.739999999999995,-2.3599999999999994,-9.529999999999987,-6.670000000000002,-165,-0.013175230566534912,-0.916290731874155,,,,,,,,,0.4,3.0,0.0,0.0,0.3333333333333333,3.5,0.0,0.0,A,1,2,-1,3
2018-11-20,South Africa,Paraguay,False,Friendly,0.3,1585.0,1681.2,-96.20000000000005,0.5054684215459746,0.4945315784540254,0.0,0.0,0.0,0.0,-1.0,0.48317217328084194,0.48317217328084194,0.27524174007873703,1.0,1.0,1,60,3,1429.0,40,71.74,72.79,72.69,69.92,1.0410469107551488,1.6288953311984171,35,3.58351893845611,0.016666666666666666,1.3862943611198906,40,8,1503.5,32,74.7,74.93,75.23,74.05,1.011883862255233,0.6132971003790402,100,4.61512051684126,0.025,2.1972245773362196,-2.960000000000008,-2.1400000000000006,-2.5400000000000063,-4.1299999999999955,-65,-0.008333333333333335,-0.810930216216329,0.0,1.0,0.0,0.0,0.0,1.0,0.0,0.0,,,,,,,,,D,1,1,0,2
2018-11-20,Tunisia,Morocco,False,Friendly,0.3,1681.1,1697.7,-16.600000000000136,0.6177688886877857,0.3822311113122143,-0.033333333333333326,0.09523809523809523,0.18900966183574877,0.7333333333333333,1.5333333333333337,0.389761938215963,0.610238061784037,0.1948809691079815,0.0,1.8768614673232002,2,44,6,1483.05,35,72.99,70.78,75.39,71.78,0.9860685427695737,2.42501546386822,80,4.394449154672439,0.022727272727272728,1.9459101490553132,8,6,1756.21,8,80.56,78.97,78.23,82.18,0.9609394013141883,2.0997698286558326,310,5.739792912179234,0.125,1.9459101490553132,-7.570000000000007,-8.189999999999998,-2.8400000000000034,-10.400000000000006,-230,-0.10227272727272727,0.0,0.6666666666666666,0.6666666666666666,0.3333333333333333,0.13043478260869565,0.6666666666666666,0.6666666666666666,0.3333333333333333,0.13043478260869565,1.4,2.2,0.3,0.3194444444444444,1.4285714285714286,1.8571428571428572,0.42857142857142855,0.38095238095238104,A,0,1,-1,1
2018-12-23,Qatar,Jordan,False,Friendly,0.3,1615.6,1534.5,81.09999999999991,0.7393312083032435,0.2606687916967565,0.6666666666666666,0.6666666666666666,0.6666666666666667,1.3333333333333335,0.3333333333333335,0.514891924781832,0.485108075218168,0.1831801247897039,2.013333069637005,1.3461830480121062,3,55,1,1454.0,38,72.65,75.52,71.59,70.64,1.0690826727066818,2.587205699849418,18,2.9444389791664403,0.01818181818181818,0.6931471805599453,63,0,1391.0,42,70.24,72.37,69.09,67.57,1.0710374426520648,2.453188401516149,20,3.044522437723423,0.015873015873015872,0.0,2.410000000000011,3.1499999999999915,2.5,3.0700000000000074,-2,0.002308802308802309,0.6931471805599453,1.0,2.0,0.0,0.0,1.0,2.0,0.0,0.0,2.3333333333333335,2.3333333333333335,0.6666666666666666,0.6666666666666667,2.3333333333333335,2.3333333333333335,0.6666666666666666,0.6666666666666667,H,2,0,2,2
2018-12-27,Qatar,Algeria,False,Friendly,0.3,1623.4,1670.8,-47.399999999999864,0.5751243987050171,0.4248756012949829,0.75,0.75,0.75,1.0,-0.5833333333333335,0.44509322004140034,0.5549067799585997,0.22254661002070017,0.7089622043402198,1.7089622043402197,2,55,1,1454.0,38,72.65,75.52,71.59,70.64,1.0690826727066818,2.587205699849418,18,2.9444389791664403,0.01818181818181818,0.6931471805599453,28,4,1564.26,26,77.52,79.27,75.35,77.16,1.02734577501296,1.9619123323940861,160,5.081404364984463,0.03571428571428571,1.6094379124341003,-4.86999999999999,-3.75,-3.759999999999991,-6.519999999999996,-142,-0.01753246753246753,-0.916290731874155,1.0,2.3333333333333335,0.0,0.0,1.0,2.3333333333333335,0.0,0.0,2.0,1.75,0.75,0.75,2.0,1.75,0.75,0.75,A,0,1,-1,1
2018-12-31,South Korea,Saudi Arabia,True,Friendly,0.3,1761.1,1626.7,134.39999999999986,0.6843139488696276,0.3156860511303724,0.3,0.0625,0.15517241379310354,0.8,-0.19999999999999996,0.47998744923616105,0.37067124152026487,0.33467693000370663,0.8967607091212889,0.47413155455074835,3,25,10,1589.65,23,80.06,83.51,76.56,79.68,1.048067269076305,3.481039116892159,210,5.351858133476067,0.04,2.3978952727983707,61,6,1421.0,41,75.74,75.38,76.06,74.85,1.0070808283233132,0.6065476073648342,55,4.02535169073515,0.01639344262295082,1.9459101490553132,4.320000000000007,8.13000000000001,0.5,4.8300000000000125,155,0.02360655737704918,0.45198512374305744,0.8,1.4,0.3,0.39655172413793105,0.875,1.875,0.3125,0.3815789473684211,1.6,1.2,0.6,0.5517241379310346,1.125,1.5,0.375,0.3555555555555555,D,0,0,0,0
2018-12-31,Qatar,Iran,False,Friendly,0.3,1611.9,1788.5,-176.5999999999999,0.39151580692721866,0.6084841930727813,0.30000000000000004,0.30000000000000004,0.29999999999999993,1.2,0.5999999999999999,0.5524652937979568,0.44753470620204316,0.15105906612309342,1.5084632179552873,1.8682046831182346,4,55,1,1454.0,38,72.65,75.52,71.59,70.64,1.0690826727066818,2.587205699849418,18,2.9444389791664403,0.01818181818181818,0.6931471805599453,21,6,1616.04,19,75.74,78.83,74.88,72.88,1.0816410537870473,3.0277879714405382,75,4.330733340286331,0.047619047619047616,1.9459101490553132,-3.089999999999989,-3.3100000000000023,-3.289999999999992,-2.239999999999995,-57,-0.029437229437229435,-1.252762968495368,0.8,0.8,0.5,0.5,0.8571428571428571,0.8571428571428571,0.5,0.5000000000000001,2.0,1.4,0.8,0.7999999999999999,2.0,1.4,0.8,0.7999999999999999,A,1,2,-1,3
2019-01-06,Australia,Jordan,True,AFC Asian Cup,0.85,1733.9,1526.6,207.30000000000018,0.7673333758107164,0.23266662418928363,0.125,0.125,-0.013157894736842118,0.5,0.0,0.573979288284559,0.426020711715441,0.19863010207959167,1.2482378327867072,0.5281732494466617,4,27,6,1578.66,24,73.3,73.31,72.57,72.76,1.0075590984057174,0.3843175770115159,120,4.795790545596741,0.037037037037037035,1.9459101490553132,63,0,1391.0,42,70.24,72.37,69.09,67.57,1.0710374426520648,2.453188401516149,20,3.044522437723423,0.015873015873015872,0.0,3.0600000000000023,0.9399999999999977,3.4799999999999898,5.190000000000012,100,0.021164021164021163,1.9459101490553132,1.0,1.5,0.25,0.25,1.0,1.5,0.25,0.25,1.5,1.5,0.375,0.23684210526315788,1.5,1.5,0.375,0.23684210526315788,A,0,1,-1,1
2019-01-16,Iran,Iraq,True,AFC Asian Cup,0.85,1796.4,1612.6,183.80000000000018,0.7423153974092552,0.25768460259074477,0.16666666666666669,0.22916666666666669,0.16666666666666674,-1.2,-1.8666666666666665,0.5613696616283772,0.4111837514557399,0.21545174526447178,1.378340611619646,0.28368033389243646,5,21,6,1616.04,19,75.74,78.83,74.88,72.88,1.0816410537870473,3.0277879714405382,75,4.330733340286331,0.047619047619047616,1.9459101490553132,57,1,1447.0,39,70.2,71.16,69.09,70.18,1.013964092333998,1.0354870029765348,15,2.772588722239781,0.017543859649122806,0.6931471805599453,5.539999999999992,7.670000000000002,5.789999999999992,2.6999999999999886,60,0.03007518796992481,1.252762968495368,2.0,2.6666666666666665,0.3333333333333333,0.33333333333333337,2.0,2.6666666666666665,0.3333333333333333,0.33333333333333337,0.8,0.8,0.5,0.5000000000000001,0.875,0.75,0.5625,0.5333333333333334,D,0,0,0,0
2019-01-17,Saudi Arabia,Qatar,True,AFC Asian Cup,0.85,1630.4,1604.1,26.300000000000182,0.5377766153040661,0.46222338469593394,-0.19999999999999996,-0.3333333333333333,-0.15172413793103445,-0.5999999999999999,0.0,0.5051002689780794,0.4948997310219207,0.23060332032080386,0.5657363665126355,0.8685272669747294,2,61,6,1421.0,41,75.74,75.38,76.06,74.85,1.0070808283233132,0.6065476073648342,55,4.02535169073515,0.01639344262295082,1.9459101490553132,55,1,1454.0,38,72.65,75.52,71.59,70.64,1.0690826727066818,2.587205699849418,18,2.9444389791664403,0.01818181818181818,0.6931471805599453,3.089999999999989,-0.14000000000000057,4.469999999999999,4.209999999999994,37,-0.0017883755588673604,1.252762968495368,1.4,1.2,0.6,0.6,1.6666666666666667,1.3333333333333333,0.6666666666666666,0.6666666666666666,0.8,1.2,0.4,0.4482758620689655,0.8888888888888888,1.7777777777777777,0.3333333333333333,0.3902439024390244,A,0,2,-2,2
2019-01-17,Japan,Uzbekistan,True,AFC Asian Cup,0.85,1802.5,1492.0,310.5,0.856605962552121,0.14339403744787904,0.49999999999999994,0.25,0.4,2.2,0.20000000000000018,0.5176199486683111,0.48238005133168893,0.24119002566584447,2.0,1.0,1,18,7,1661.58,17,76.86,73.58,78.41,76.46,0.9623332461417735,2.4298765400735887,290,5.673323267171493,0.05555555555555555,2.0794415416798357,50,0,1465.34,37,72.62,72.67,74.08,70.68,1.02815506508206,1.7082251998297293,40,3.713572066704308,0.02,0.0,4.239999999999995,0.9099999999999966,4.329999999999998,5.779999999999987,250,0.03555555555555555,2.0794415416798357,0.4,1.4,0.2,0.19999999999999998,0.5,1.3333333333333333,0.25,0.24999999999999997,2.6,1.6,0.7,0.6,1.8571428571428572,1.7142857142857142,0.5,0.5172413793103449,H,2,1,1,3
2019-01-21,Australia,Uzbekistan,True,AFC Asian Cup,0.85,1695.6,1484.8,210.79999999999995,0.7709109975181913,0.22908900248180875,0.2,0.18571428571428575,0.07272727272727278,0.9999999999999999,-0.40000000000000013,0.41627626111015303,0.41627626111015303,0.37558560833477045,0.8177887572272197,0.8177887572272197,2,27,6,1578.66,24,73.3,73.31,72.57,72.76,1.0075590984057174,0.3843175770115159,120,4.795790545596741,0.037037037037037035,1.9459101490553132,50,0,1465.34,37,72.62,72.67,74.08,70.68,1.02815506508206,1.7082251998297293,40,3.713572066704308,0.02,0.0,0.6799999999999926,0.6400000000000006,-1.5100000000000051,2.0799999999999983,80,0.017037037037037035,1.9459101490553132,0.4,1.8,0.2,0.19999999999999998,0.42857142857142855,1.7142857142857142,0.21428571428571427,0.2142857142857143,1.4,1.4,0.4,0.27272727272727276,1.4,1.4,0.4,0.27272727272727276,D,0,0,0,0
2019-01-21,Japan,Saudi Arabia,True,AFC Asian Cup,0.85,1809.7,1590.1,219.60000000000014,0.7797343928020448,0.22026560719795518,0.19999999999999996,0.21250000000000002,-0.04370629370629364,1.8,0.8,0.5046163142767048,0.3536210339303705,0.2934951268564714,0.9669022864078871,0.12760086263420067,5,18,7,1661.58,17,76.86,73.58,78.41,76.46,0.9623332461417735,2.4298765400735887,290,5.673323267171493,0.05555555555555555,2.0794415416798357,61,6,1421.0,41,75.74,75.38,76.06,74.85,1.0070808283233132,0.6065476073648342,55,4.02535169073515,0.01639344262295082,1.9459101490553132,1.1200000000000045,-1.7999999999999972,2.3499999999999943,1.6099999999999994,235,0.03916211293260473,0.13353139262452252,0.8,1.0,0.5,0.659090909090909,0.8,1.6,0.35,0.3977272727272727,2.6,1.8,0.7,0.6153846153846153,2.125,1.875,0.5625,0.5625000000000001,H,1,0,1,1
2019-01-22,Qatar,Iraq,True,AFC Asian Cup,0.85,1644.4,1624.7,19.700000000000045,0.5283202354071336,0.4716797645928664,0.025000000000000022,0.1964285714285714,0.024999999999999967,-0.95,-1.25,0.4430318744394863,0.45418658522561883,0.272657315036854,1.168283251010976,0.8349711713472883,6,55,1,1454.0,38,72.65,75.52,71.59,70.64,1.0690826727066818,2.587205699849418,18,2.9444389791664403,0.01818181818181818,0.6931471805599453,57,1,1447.0,39,70.2,71.16,69.09,70.18,1.013964092333998,1.0354870029765348,15,2.772588722239781,0.017543859649122806,0.6931471805599453,2.450000000000003,4.359999999999999,2.5,0.45999999999999375,3,0.0006379585326953749,0.0,1.75,2.25,0.375,0.375,1.75,2.25,0.375,0.375,0.8,1.0,0.4,0.39999999999999997,1.5714285714285714,1.4285714285714286,0.5714285714285714,0.5714285714285715,H,1,0,1,1
2019-01-25,South Korea,Qatar,True,AFC Asian Cup,0.85,1757.4,1668.0,89.40000000000009,0.6258907032256271,0.3741092967743729,0.20000000000000007,-0.18055555555555558,0.15631929046563176,1.0000000000000002,0.20000000000000007,0.5120727010674628,0.4879272989325371,0.22725245263393185,1.2653626976390284,1.0,2,25,10,1589.65,23,80.06,83.51,76.56,79.68,1.048067269076305,3.481039116892159,210,5.351858133476067,0.04,2.3978952727983707,55,1,1454.0,38,72.65,75.52,71.59,70.64,1.0690826727066818,2.587205699849418,18,2.9444389791664403,0.01818181818181818,0.6931471805599453,7.409999999999997,7.990000000000009,4.969999999999999,9.040000000000006,192,0.02181818181818182,1.7047480922384253,1.2,0.6,0.6,0.7073170731707318,1.625,1.25,0.625,0.6949152542372882,2.2,0.8,0.8,0.8636363636363635,1.4444444444444444,1.3333333333333333,0.4444444444444444,0.3958333333333333,A,0,1,-1,1
2019-01-27,United States,Panama,False,Friendly,0.3,1745.0,1551.0,194.0,0.8445395282300351,0.15546047176996491,0.4,0.4285714285714286,0.46,0.19999999999999996,-1.8000000000000003,0.4516318132174868,0.48111021112847935,0.18724496445098837,1.6082991481938786,0.9701150733592296,9,16,11,1675.7,15,,,,,,,250,5.5254529391317835,0.0625,2.4849066497880004,33,1,1540.64,29,71.68,71.04,71.68,72.16,0.984478935698448,0.5619015334854749,55,4.02535169073515,0.030303030303030304,0.6931471805599453,,,,,195,0.032196969696969696,1.791759469228055,0.8,3.2,0.1,0.04,0.5714285714285714,3.2857142857142856,0.07142857142857142,0.034482758620689655,1.0,1.4,0.5,0.5,0.8333333333333334,1.1666666666666667,0.5,0.49999999999999994,H,3,0,3,3
2019-01-28,Iran,Japan,True,AFC Asian Cup,0.85,1784.3,1820.7,-36.40000000000009,0.4478070107233038,0.5521929892766961,0.0,0.0,-0.016666666666666607,-1.6,-1.2000000000000002,0.5536702262429746,0.4463297737570254,0.20784325443546492,1.6365556155279375,1.3634443844720625,2,21,6,1616.04,19,75.74,78.83,74.88,72.88,1.0816410537870473,3.0277879714405382,75,4.330733340286331,0.047619047619047616,1.9459101490553132,18,7,1661.58,17,76.86,73.58,78.41,76.46,0.9623332461417735,2.4298765400735887,290,5.673323267171493,0.05555555555555555,2.0794415416798357,-1.1200000000000045,5.25,-3.530000000000001,-3.5799999999999983,-215,-0.007936507936507936,-0.13353139262452252,2.6,1.8,0.7,0.6,2.111111111111111,1.7777777777777777,0.6111111111111112,0.6283185840707965,1.0,0.6,0.7,0.5833333333333334,1.0,0.7777777777777778,0.6111111111111112,0.5625000000000001,A,0,3,-3,3
2019-02-01,Japan,Qatar,True,AFC Asian Cup,0.85,1859.9,1699.3,160.60000000000014,0.7159556660812904,0.28404433391870965,0.20000000000000007,-0.016666666666666607,-0.04700854700854695,1.2,0.7999999999999999,0.48216941433498456,0.5178305856650154,0.24108470716749228,1.0,3.0,1,18,7,1661.58,17,76.86,73.58,78.41,76.46,0.9623332461417735,2.4298765400735887,290,5.673323267171493,0.05555555555555555,2.0794415416798357,55,1,1454.0,38,72.65,75.52,71.59,70.64,1.0690826727066818,2.587205699849418,18,2.9444389791664403,0.01818181818181818,0.6931471805599453,4.209999999999994,-1.9399999999999977,6.819999999999993,5.819999999999993,272,0.03737373737373737,1.3862943611198904,1.2,0.6,0.6,0.7692307692307692,1.5555555555555556,1.1111111111111112,0.6666666666666666,0.7631578947368421,2.4,1.4,0.8,0.7222222222222222,2.0,1.6,0.65,0.6769230769230771,A,1,3,-2,4
2019-03-21,United States,Ecuador,False,Friendly,0.3,1750.4,1716.2,34.200000000000045,0.6840651842592349,0.3159348157407651,0.3,0.42857142857142855,0.3,-2.2,-2.0,0.40994351671670143,0.38065799384088694,0.3997274863628551,1.0,0.8773042124129811,2,16,11,1675.7,15,,,,,,,250,5.5254529391317835,0.0625,2.4849066497880004,23,4,1596.48,21,79.42,73.4,81.21,78.83,0.9311175948243056,4.003028020553102,220,5.3981627015177525,0.043478260869565216,1.6094379124341003,,,,,30,0.019021739130434784,0.8754687373539001,3.0,4.0,0.0,0.0,3.0,4.0,0.0,0.0,0.8,2.0,0.3,0.3,0.7142857142857143,1.4285714285714286,0.42857142857142855,0.4285714285714286,H,1,0,1,1
2019-03-22,England,Czech Republic,False,UEFA Euro qualification,0.85,1957.9,1698.7,259.20000000000005,0.8877260586968753,0.11227394130312474,0.7,0.5,0.6111111111111112,1.6,-1.2,0.5296209776608257,0.4703790223391743,0.21557881720253344,1.964461795375887,0.5697274867758777,3,4,16,1825.97,4,84.06,85.32,85.54,81.18,1.0509977827050996,2.456203031781639,1300,7.170888478512505,0.25,2.833213344056216,41,9,1503.04,33,,,,,,,95,4.564348191467836,0.024390243902439025,2.302585092994046,,,,,1205,0.22560975609756098,0.5306282510621703,0.0,2.0,0.0,0.0,0.0,2.0,0.0,0.0,1.6,0.8,0.7,0.6111111111111112,1.2,1.0,0.5,0.409090909090909,H,5,0,5,5
2019-03-22,Japan,Colombia,False,Kirin Challenge Cup,0.45,1806.2,1888.6,-82.39999999999986,0.5253067929804588,0.4746932070195412,0.5,0.1785714285714286,0.5,2.0,0.20000000000000007,0.4431130439531274,0.5568869560468727,0.20874394042899158,0.9604893168700659,1.6499269005656305,3,18,7,1661.58,17,76.86,73.58,78.41,76.46,0.9623332461417735,2.4298765400735887,290,5.673323267171493,0.05555555555555555,2.0794415416798357,13,6,1693.09,12,79.68,82.37,79.35,78.43,1.0502358791278847,2.0611647192788847,380,5.942799375126701,0.07692307692307693,1.9459101490553132,-2.8200000000000074,-8.790000000000006,-0.9399999999999977,-1.970000000000013,-90,-0.021367521367521375,0.13353139262452252,0.6,0.6,0.5,0.5,0.8571428571428571,0.7142857142857143,0.5714285714285714,0.5357142857142858,2.6,0.8,1.0,1.0,2.3,1.4,0.75,0.7446808510638298,A,0,1,-1,1
2019-03-23,Brazil,Panama,True,Friendly,0.3,2086.8,1545.6,541.2000000000003,0.9575234328424204,0.04247656715757964,0.7000000000000001,0.7708333333333334,0.6229508196721312,0.6000000000000001,-2.6,0.6073678979122377,0.36454045646030636,0.2103618738576092,5.481549160483765,1.896309832096753,2,6,22,1761.16,6,85.24,85.72,84.39,84.78,1.0110875206416607,0.6836909633257792,1000,6.90875477931522,0.16666666666666666,3.1354942159291497,33,1,1540.64,29,71.68,71.04,71.68,72.16,0.984478935698448,0.5619015334854749,55,4.02535169073515,0.030303030303030304,0.6931471805599453,13.559999999999988,14.679999999999993,12.709999999999994,12.620000000000005,945,0.13636363636363635,2.4423470353692043,1.0,3.0,0.1,0.04918032786885246,0.625,3.125,0.0625,0.03225806451612903,1.6,0.4,0.8,0.6721311475409837,1.6666666666666667,0.3333333333333333,0.8333333333333334,0.6969696969696971,D,1,1,0,2
2019-03-23,Spain,Norway,False,UEFA Euro qualification,0.85,2011.4,1758.6,252.80000000000018,0.8840013515732715,0.11599864842672847,-0.5,-0.35,-0.5,-1.2000000000000002,0.8,0.5999683537977304,0.36665087870788216,0.21670620684832853,1.8105704846081703,0.23110404694842857,4,2,16,1876.4,2,84.31,84.06,85.96,81.55,1.030778663396689,2.2120201927951126,920,6.825460036255307,0.5,2.833213344056216,31,3,1550.94,28,82.05,84.71,81.34,77.67,1.0906398867001414,3.521065179743194,320,5.771441123130016,0.03225806451612903,1.3862943611198906,2.260000000000005,-0.6499999999999915,4.61999999999999,3.8799999999999955,600,0.467741935483871,1.4469189829363256,4.0,1.0,1.0,1.0,4.0,1.0,1.0,1.0,2.8,1.8,0.5,0.5,2.6,1.4,0.65,0.6194029850746269,H,2,1,1,3
2019-03-24,Netherlands,Germany,False,UEFA Euro qualification,0.85,1967.8,1848.9,118.89999999999986,0.7790415473959952,0.22095845260400482,0.39999999999999997,0.2833333333333334,0.35591689250225833,1.4,-1.0,0.3170165619360443,0.5025773991226101,0.31753520923208384,1.3253920500136205,1.600675813937839,8,7,10,1757.87,7,83.2,80.93,83.63,84.01,0.963337697893108,1.6793252613276926,720,6.580639137284949,0.14285714285714285,2.3978952727983707,10,20,1731.3,10,83.78,84.42,84.51,82.18,1.0272572402044293,1.3200126262022376,850,6.7464121285733745,0.1,3.044522437723423,-0.5799999999999983,-3.489999999999995,-0.8800000000000097,1.8299999999999983,-130,0.042857142857142844,-0.6466271649250523,0.6,1.6,0.3,0.3292682926829268,0.7,1.4,0.3,0.2857142857142857,2.0,0.6,0.7,0.6851851851851851,1.6666666666666667,0.6666666666666666,0.5833333333333334,0.6166666666666666,A,2,3,-1,5
2019-03-26,Algeria,Tunisia,False,Friendly,0.3,1682.3,1668.8,13.5,0.6577668979142834,0.34223310208571656,-0.2,-0.375,-0.24096385542168677,-0.6499999999999999,0.10000000000000009,0.5237793449614982,0.37343230293576374,0.28950450357061985,1.4799770959612246,0.40606076624184106,4,28,4,1564.26,26,77.52,79.27,75.35,77.16,1.02734577501296,1.9619123323940861,160,5.081404364984463,0.03571428571428571,1.6094379124341003,44,6,1483.05,35,72.99,70.78,75.39,71.78,0.9860685427695737,2.42501546386822,80,4.394449154672439,0.022727272727272728,1.9459101490553132,4.530000000000001,8.489999999999995,-0.04000000000000625,5.3799999999999955,80,0.012987012987012984,-0.33647223662121295,1.4,2.4,0.2,0.24096385542168677,1.5,2.0,0.375,0.3168316831683169,0.75,2.5,0.0,0.0,0.75,2.5,0.0,0.0,H,1,0,1,1
2019-03-26,Czech Republic,Brazil,False,Friendly,0.3,1687.4,2077.6,-390.1999999999998,0.15835413063285345,0.8416458693671466,-0.8,-0.85,-0.574468085106383,-1.4,2.6,0.481405577270423,0.5185944227295771,0.2407027886352115,1.0,3.0,1,41,9,1503.04,33,,,,,,,95,4.564348191467836,0.024390243902439025,2.302585092994046,6,22,1761.16,6,85.24,85.72,84.39,84.78,1.0110875206416607,0.6836909633257792,1000,6.90875477931522,0.16666666666666666,3.1354942159291497,,,,,-905,-0.14227642276422764,-0.8329091229351038,1.4,0.4,0.8,0.574468085106383,1.6,0.3,0.85,0.7142857142857143,0.0,3.0,0.0,0.0,0.0,3.0,0.0,0.0,A,1,3,-2,4
2019-03-26,South Korea,Colombia,False,Friendly,0.3,1726.1,1907.0,-180.9000000000001,0.3856350124987103,0.6143649875012898,0.09999999999999998,-0.175,0.1583333333333331,0.40000000000000013,-0.19999999999999996,0.4616833389509142,0.42857563553030703,0.3240288432839324,2.0,1.768232425542579,2,25,10,1589.65,23,80.06,83.51,76.56,79.68,1.048067269076305,3.481039116892159,210,5.351858133476067,0.04,2.3978952727983707,13,6,1693.09,12,79.68,82.37,79.35,78.43,1.0502358791278847,2.0611647192788847,380,5.942799375126701,0.07692307692307693,1.9459101490553132,0.37999999999999545,1.1400000000000006,-2.789999999999992,1.25,-170,-0.036923076923076927,0.45198512374305744,1.4,1.0,0.6,0.5416666666666667,1.25,0.875,0.625,0.5666666666666668,1.8,0.8,0.7,0.6999999999999998,1.3,1.2,0.45,0.40196078431372556,H,2,1,1,3
2019-03-26,Morocco,Argentina,False,Friendly,0.3,1710.0,1888.9,-178.9000000000001,0.38836622823620626,0.6116337717637937,-0.125,-0.0625,-0.07672469374597027,-0.8,0.0,0.481405577270423,0.5185944227295771,0.2407027886352115,0.0,1.0,1,8,6,1756.21,8,80.56,78.97,78.23,82.18,0.9609394013141883,2.0997698286558326,310,5.739792912179234,0.125,1.9459101490553132,3,18,1874.81,3,84.24,84.97,83.57,83.76,1.0144460362941738,0.7594076639065482,570,6.3473892096560105,0.3333333333333333,2.9444389791664403,-3.6799999999999926,-6.0,-5.339999999999989,-1.5799999999999983,-260,-0.20833333333333331,-0.998528830111127,1.8,1.0,0.5,0.3191489361702127,1.75,1.75,0.4375,0.2658227848101266,1.0,1.0,0.375,0.24242424242424246,1.0,1.0,0.375,0.24242424242424246,A,0,1,-1,1
2019-03-26,Paraguay,Mexico,True,Friendly,0.3,1681.3,1770.3,-89.0,0.3746486066924632,0.6253513933075368,0.0,-0.4,0.0,0.8,0.10000000000000009,0.6235538492671168,0.3764461507328833,0.17472543915044367,1.7488727207777255,1.0178408036930349,3,40,8,1503.5,32,74.7,74.93,75.23,74.05,1.011883862255233,0.6132971003790402,100,4.61512051684126,0.025,2.1972245773362196,15,17,1684.13,14,77.71,79.23,77.3,75.4,1.0507957559681698,1.9150195821453098,230,5.442417710521793,0.06666666666666667,2.8903717578961645,-3.009999999999991,-4.299999999999997,-2.069999999999993,-1.3500000000000085,-130,-0.041666666666666664,-0.693147180559945,0.2,2.4,0.0,0.0,0.6,1.4,0.4,0.44827586206896564,1.0,2.5,0.0,0.0,1.0,2.5,0.0,0.0,A,2,4,-2,6
2019-03-26,Norway,Sweden,False,UEFA Euro qualification,0.85,1752.8,1822.1,-69.29999999999995,0.5440662245070225,0.45593377549297753,0.6,0.5714285714285714,0.5,1.3,-0.8999999999999999,0.5463623927637657,0.3891260886830221,0.2590745628947232,2.3357554878006983,1.6266783829476905,4,31,3,1550.94,28,82.05,84.71,81.34,77.67,1.0906398867001414,3.521065179743194,320,5.771441123130016,0.03225806451612903,1.3862943611198906,38,12,1514.77,31,79.87,84.25,74.43,75.32,1.1185608072225173,5.430920732251576,140,4.948759890378168,0.02631578947368421,2.5649493574615367,2.1799999999999926,0.45999999999999375,6.909999999999997,2.3500000000000085,180,0.005942275042444822,-1.1786549963416462,1.2,1.4,0.4,0.5,1.1428571428571428,1.2857142857142858,0.42857142857142855,0.5,2.5,0.5,1.0,1.0,2.5,0.5,1.0,1.0,D,3,3,0,6
2019-06-02,Turkey,Uzbekistan,False,Friendly,0.3,1792.3,1498.3,294.0,0.9061958467735052,0.09380415322649482,0.55,0.5625,0.6661585365853658,1.15,-0.75,0.51962059814139,0.48037940185860994,0.24018970092930497,2.0,0.0,1,22,2,1599.04,20,80.6,73.08,82.57,79.88,0.9148723084626941,4.891083724492965,460,6.133398042996649,0.045454545454545456,1.0986122886681098,50,0,1465.34,37,72.62,72.67,74.08,70.68,1.02815506508206,1.7082251998297293,40,3.713572066704308,0.02,0.0,7.97999999999999,0.4099999999999966,8.489999999999995,9.199999999999989,420,0.025454545454545455,1.0986122886681098,0.6,2.0,0.2,0.14634146341463417,0.5,1.75,0.1875,0.15254237288135594,1.75,1.25,0.75,0.8125,1.75,1.25,0.75,0.8125,H,2,0,2,2
2019-06-03,Colombia,Panama,False,Friendly,0.3,1894.7,1554.7,340.0,0.9264124438824264,0.07358755611757362,0.7000000000000001,0.611111111111111,0.7230554586675968,0.5999999999999999,-1.7999999999999998,0.5932404259632634,0.4067595740367366,0.2033797870183683,4.643345172742548,0.0,2,13,6,1693.09,12,79.68,82.37,79.35,78.43,1.0502358791278847,2.0611647192788847,380,5.942799375126701,0.07692307692307693,1.9459101490553132,33,1,1540.64,29,71.68,71.04,71.68,72.16,0.984478935698448,0.5619015334854749,55,4.02535169073515,0.030303030303030304,0.6931471805599453,8.0,11.329999999999998,7.6699999999999875,6.27000000000001,325,0.046620046620046623,1.252762968495368,0.8,2.4,0.1,0.06382978723404256,0.5555555555555556,3.111111111111111,0.05555555555555555,0.030303030303030307,1.4,0.6,0.8,0.7868852459016393,1.2222222222222223,0.7777777777777778,0.6666666666666666,0.6060606060606062,H,3,0,3,3
2019-06-05,Brazil,Qatar,False,Friendly,0.3,2082.4,1753.0,329.4000000000001,0.9221428994096369,0.0778571005903631,0.30000000000000004,0.10000000000000009,0.09956709956709953,0.3999999999999999,-0.39999999999999997,0.5196671001842866,0.4803328998157134,0.2401664499078567,2.0,0.0,1,6,22,1761.16,6,85.24,85.72,84.39,84.78,1.0110875206416607,0.6836909633257792,1000,6.90875477931522,0.16666666666666666,3.1354942159291497,55,1,1454.0,38,72.65,75.52,71.59,70.64,1.0690826727066818,2.587205699849418,18,2.9444389791664403,0.01818181818181818,0.6931471805599453,12.58999999999999,10.200000000000003,12.799999999999997,14.14,982,0.14848484848484847,2.4423470353692043,1.0,0.6,0.6,0.8095238095238095,1.5,1.0,0.7,0.8064516129032258,1.4,0.2,0.9,0.9090909090909091,1.6,0.4,0.8,0.6857142857142857,H,2,0,2,2
2019-06-05,Portugal,Switzerland,False,UEFA Nations League,0.7,1921.7,1895.0,26.700000000000045,0.6746612636857494,0.3253387363142506,0.4,0.17500000000000004,0.3484848484848485,0.9999999999999999,0.19999999999999996,0.5579077984239905,0.44209220157600937,0.18380400281790651,3.411742316901568,0.7203109631120395,4,5,8,1763.83,5,83.74,82.45,86.12,82.24,1.0025535019455254,2.182025053323941,850,6.7464121285733745,0.2,2.1972245773362196,19,12,1650.75,18,79.03,79.12,77.93,79.65,0.9933458882611425,0.8808518604169482,280,5.638354669333745,0.05263157894736842,2.5649493574615367,4.709999999999994,3.3299999999999983,8.189999999999998,2.589999999999989,570,0.1473684210526316,-0.3677247801253172,0.4,1.2,0.1,0.15151515151515152,1.375,0.875,0.375,0.2976190476190476,1.4,1.4,0.5,0.5,1.4,1.3,0.55,0.5258620689655172,H,3,1,2,4
2019-06-06,England,Netherlands,True,UEFA Nations League,0.7,1969.1,1928.9,40.19999999999982,0.5575956565646248,0.44240434343537516,0.30000000000000004,0.02857142857142858,0.2574671445639185,0.0,-0.4,0.5701395928351178,0.4298604071648821,0.19864953434886284,1.7310301149373322,1.2066052346699911,3,4,16,1825.97,4,84.06,85.32,85.54,81.18,1.0509977827050996,2.456203031781639,1300,7.170888478512505,0.25,2.833213344056216,7,10,1757.87,7,83.2,80.93,83.63,84.01,0.963337697893108,1.6793252613276926,720,6.580639137284949,0.14285714285714285,2.3978952727983707,0.8599999999999994,4.389999999999986,1.9100000000000108,-2.8299999999999983,580,0.10714285714285715,0.4353180712578455,1.8,1.0,0.6,0.6129032258064516,1.7142857142857142,0.8571428571428571,0.5714285714285714,0.5945945945945945,1.8,0.6,0.9,0.8703703703703701,1.4,1.0,0.6,0.5202702702702702,A,1,3,-2,4
2019-06-07,Uruguay,Panama,False,Friendly,0.3,1871.6,1552.1,319.5,0.9179516577978148,0.08204834220218515,0.0,0.5,-0.0541586073500967,0.8,-0.20000000000000018,0.6236604805686174,0.37633951943138255,0.18816975971569128,3.6161285864988346,0.5671225658896487,3,17,14,1673.07,16,82.26,82.38,83.75,80.54,1.0228457909113482,1.6107244746800498,270,5.602118820879701,0.058823529411764705,2.70805020110221,33,1,1540.64,29,71.68,71.04,71.68,72.16,0.984478935698448,0.5619015334854749,55,4.02535169073515,0.030303030303030304,0.6931471805599453,10.579999999999998,11.33999999999999,12.069999999999993,8.38000000000001,215,0.0285204991087344,2.0149030205422647,0.8,2.2,0.2,0.1818181818181818,0.6,2.9,0.1,0.05714285714285714,1.6,2.0,0.2,0.1276595744680851,1.7,1.1,0.6,0.6554621848739496,H,3,0,3,3
2019-06-07,Tunisia,Iraq,False,Friendly,0.3,1661.9,1601.1,60.80000000000018,0.716189738337642,0.283810261662358,-0.2,-0.06666666666666671,-0.18586541287099625,0.0,0.5999999999999999,0.5196981602493096,0.48030183975069035,0.24015091987534518,2.0,0.0,1,44,6,1483.05,35,72.99,70.78,75.39,71.78,0.9860685427695737,2.42501546386822,80,4.394449154672439,0.022727272727272728,1.9459101490553132,57,1,1447.0,39,70.2,71.16,69.09,70.18,1.013964092333998,1.0354870029765348,15,2.772588722239781,0.017543859649122806,0.6931471805599453,2.789999999999992,-0.37999999999999545,6.299999999999997,1.5999999999999943,65,0.005183413078149922,1.252762968495368,1.4,1.8,0.4,0.426829268292683,1.4,1.8,0.4,0.426829268292683,1.4,2.4,0.2,0.24096385542168672,1.3333333333333333,1.8888888888888888,0.3333333333333333,0.29906542056074775,H,2,0,2,2
2019-06-07,South Korea,Australia,False,Friendly,0.3,1738.4,1682.0,56.40000000000009,0.7110133620481851,0.2889866379518149,0.09999999999999998,0.1166666666666667,0.14767184035476724,0.19999999999999996,0.0,0.5693082034003136,0.40270983125809096,0.22933688097064084,1.686433516994692,0.8302402638810389,3,25,10,1589.65,23,80.06,83.51,76.56,79.68,1.048067269076305,3.481039116892159,210,5.351858133476067,0.04,2.3978952727983707,27,6,1578.66,24,73.3,73.31,72.57,72.76,1.0075590984057174,0.3843175770115159,120,4.795790545596741,0.037037037037037035,1.9459101490553132,6.760000000000005,10.200000000000003,3.990000000000009,6.920000000000002,90,0.002962962962962966,0.45198512374305744,1.2,0.8,0.4,0.21818181818181817,1.1666666666666667,1.3333333333333333,0.3333333333333333,0.19672131147540983,1.4,0.8,0.5,0.3658536585365854,1.2,1.0,0.45,0.36283185840707965,H,1,0,1,1
2019-06-08,Turkey,France,False,UEFA Euro qualification,0.85,1795.1,2060.2,-265.0999999999999,0.2788059950205156,0.7211940049794844,-0.09999999999999998,-0.20000000000000007,-0.15846681922196804,-0.20000000000000018,0.0,0.49790626279378175,0.46013324089631363,0.27202711675806146,1.4737408149885873,0.5262591850114128,2,22,2,1599.04,20,80.6,73.08,82.57,79.88,0.9148723084626941,4.891083724492965,460,6.133398042996649,0.045454545454545456,1.0986122886681098,1,16,1877.32,1,84.99,86.44,82.82,84.39,1.024291977722479,1.815296119094625,1280,7.155396301896734,1.0,2.833213344056216,-4.390000000000001,-13.36,-0.25,-4.510000000000005,-820,-0.9545454545454546,-1.7346010553881064,1.6,1.2,0.7,0.7236842105263158,1.8,1.1,0.8,0.8518518518518519,1.4,1.2,0.6,0.5652173913043478,1.4,1.2,0.6,0.5652173913043478,H,2,0,2,2
2019-06-09,Mexico,Ecuador,True,Friendly,0.3,1781.5,1709.9,71.59999999999991,0.6016063477729864,0.3983936522270136,-0.5,-0.2,-0.5,-2.3,-0.2999999999999998,0.3203183647418893,0.345731844588415,0.4819494756775843,0.823002066311379,0.8852898147572812,5,15,17,1684.13,14,77.71,79.23,77.3,75.4,1.0507957559681698,1.9150195821453098,230,5.442417710521793,0.06666666666666667,2.8903717578961645,23,4,1596.48,21,79.42,73.4,81.21,78.83,0.9311175948243056,4.003028020553102,220,5.3981627015177525,0.043478260869565216,1.6094379124341003,-1.710000000000008,5.829999999999998,-3.9099999999999966,-3.4299999999999926,10,0.02318840579710145,1.2809338454620642,2.5,2.5,0.5,0.5,2.5,2.5,0.5,0.5,0.2,2.2,0.0,0.0,0.5,1.6,0.3,0.396551724137931,H,3,2,1,5
2019-06-09,Switzerland,England,True,UEFA Nations League,0.7,1870.6,1927.3,-56.700000000000045,0.41911890030846105,0.580881099691539,-0.7,-0.2055555555555556,-0.658974358974359,-1.4000000000000001,0.7999999999999999,0.3683692976713309,0.46260127214860264,0.3532140790157319,0.7930187721805201,1.1509594836187365,4,19,12,1650.75,18,79.03,79.12,77.93,79.65,0.9933458882611425,0.8808518604169482,280,5.638354669333745,0.05263157894736842,2.5649493574615367,4,16,1825.97,4,84.06,85.32,85.54,81.18,1.0509977827050996,2.456203031781639,1300,7.170888478512505,0.25,2.833213344056216,-5.030000000000001,-6.199999999999989,-7.609999999999999,-1.5300000000000011,-1020,-0.19736842105263158,-0.2682639865946794,2.6,0.6,0.9,0.8923076923076922,1.8,0.9,0.65,0.5793103448275861,1.2,1.4,0.2,0.2333333333333333,1.7777777777777777,1.0,0.4444444444444444,0.39795918367346933,D,0,0,0,0
2019-06-09,Portugal,Netherlands,False,UEFA Nations League,0.7,1946.1,1970.7,-24.600000000000136,0.606837322795814,0.39316267720418596,0.0,0.050000000000000044,-0.042948717948717796,-0.6000000000000001,-0.19999999999999996,0.505823731342999,0.4941762686570011,0.23371046167959156,0.589378397785876,1.2318648066423723,2,5,8,1763.83,5,83.74,82.45,86.12,82.24,1.0025535019455254,2.182025053323941,850,6.7464121285733745,0.2,2.1972245773362196,7,10,1757.87,7,83.2,80.93,83.63,84.01,0.963337697893108,1.6793252613276926,720,6.580639137284949,0.14285714285714285,2.3978952727983707,0.539999999999992,1.519999999999996,2.490000000000009,-1.7700000000000102,130,0.05714285714285716,-0.2006706954621511,2.0,1.2,0.6,0.5846153846153845,1.75,1.125,0.5,0.48351648351648346,1.4,1.0,0.6,0.5416666666666667,1.5,1.3,0.55,0.5258620689655172,H,1,0,1,1
2019-06-10,Spain,Sweden,False,UEFA Euro qualification,0.85,2017.2,1824.3,192.9000000000001,0.843706354804202,0.15629364519579803,0.19999999999999996,0.15000000000000002,0.08892763731473419,1.8,0.0,0.4718457929872959,0.437137505868175,0.279341549669224,1.0214840061776849,0.6297159280283922,5,2,16,1876.4,2,84.31,84.06,85.96,81.55,1.030778663396689,2.2120201927951126,920,6.825460036255307,0.5,2.833213344056216,38,12,1514.77,31,79.87,84.25,74.43,75.32,1.1185608072225173,5.430920732251576,140,4.948759890378168,0.02631578947368421,2.5649493574615367,4.439999999999998,-0.18999999999999773,11.529999999999987,6.230000000000004,780,0.4736842105263158,0.2682639865946794,0.8,1.4,0.4,0.45945945945945943,1.125,1.125,0.5,0.5522388059701493,2.6,1.4,0.6,0.5483870967741936,2.1,1.3,0.65,0.6194029850746269,H,3,0,3,3
2019-06-11,Belgium,Scotland,False,UEFA Euro qualification,0.85,1989.4,1608.7,380.70000000000005,0.9408736197659097,0.05912638023409034,0.7,0.85,0.6515151515151515,1.8,-1.9,0.5528627709719304,0.4471372290280697,0.22356861451403484,3.651959997574812,0.0,3,9,13,1734.71,9,82.71,82.46,84.06,79.53,1.0368414434804476,2.2973100211624318,600,6.398594934535208,0.1111111111111111,2.6390573296152584,43,7,1499.92,34,77.5,73.76,79.29,77.16,0.9559357179885952,2.7891994072373767,135,4.912654885736052,0.023255813953488372,2.0794415416798357,5.209999999999994,8.699999999999989,4.769999999999996,2.3700000000000045,465,0.08785529715762273,0.5596157879354227,0.0,2.5,0.0,0.0,0.0,2.5,0.0,0.0,1.8,0.6,0.7,0.6515151515151515,2.3,0.8,0.85,0.8614457831325301,H,3,0,3,3
2019-06-11,Croatia,Tunisia,False,Friendly,0.3,1910.5,1670.5,240.0,0.8762293189310646,0.1237706810689354,0.39999999999999997,0.3,0.26570048309178734,0.0,-0.20000000000000018,0.4118840524247585,0.4457796448518139,0.34827832893580674,0.19233517518558277,0.38467035037116554,2,11,6,1717.07,11,80.81,78.83,81.31,81.29,0.9697379751506949,1.4260902262246042,340,5.831882477283517,0.09090909090909091,1.9459101490553132,44,6,1483.05,35,72.99,70.78,75.39,71.78,0.9860685427695737,2.42501546386822,80,4.394449154672439,0.022727272727272728,1.9459101490553132,7.820000000000007,8.049999999999997,5.920000000000002,9.510000000000005,260,0.06818181818181818,0.0,1.2,2.2,0.2,0.2898550724637681,1.2,1.8,0.3,0.28318584070796465,1.2,2.0,0.6,0.5555555555555555,1.5,1.8,0.6,0.603174603174603,A,1,2,-1,3
2019-06-11,South Korea,Iran,False,Friendly,0.3,1744.2,1745.1,-0.8999999999998636,0.6388705699354703,0.3611294300645297,0.0,-0.04999999999999993,-0.003004595263344012,0.5999999999999999,0.0,0.4879984076592614,0.41017480226352504,0.30691419120897606,1.4331947346447915,0.5668052653552085,3,25,10,1589.65,23,80.06,83.51,76.56,79.68,1.048067269076305,3.481039116892159,210,5.351858133476067,0.04,2.3978952727983707,21,6,1616.04,19,75.74,78.83,74.88,72.88,1.0816410537870473,3.0277879714405382,75,4.330733340286331,0.047619047619047616,1.9459101490553132,4.320000000000007,4.680000000000007,1.6800000000000068,6.800000000000011,135,-0.007619047619047616,0.45198512374305744,0.8,0.6,0.6,0.44202898550724645,0.9,0.7,0.6,0.5530973451327433,1.4,0.6,0.6,0.43902439024390244,1.4,0.9,0.55,0.415929203539823,D,1,1,0,2
2019-06-15,Argentina,Colombia,True,Copa América,0.85,1896.7,1897.3,-0.599999999999909,0.4991365314485064,0.5008634685514937,0.09999999999999998,-0.09999999999999998,0.04061895551257255,0.20000000000000018,-0.8,0.3995163608859277,0.37881711702788384,0.3496237643278885,1.00068848731219,1.0015699244973322,8,3,18,1874.81,3,84.24,84.97,83.57,83.76,1.0144460362941738,0.7594076639065482,570,6.3473892096560105,0.3333333333333333,2.9444389791664403,13,6,1693.09,12,79.68,82.37,79.35,78.43,1.0502358791278847,2.0611647192788847,380,5.942799375126701,0.07692307692307693,1.9459101490553132,4.559999999999988,2.5999999999999943,4.219999999999999,5.329999999999998,190,0.2564102564102564,0.998528830111127,1.4,1.0,0.6,0.5957446808510638,1.2,0.9,0.6,0.5714285714285714,1.6,0.2,0.7,0.6363636363636364,1.7777777777777777,1.5555555555555556,0.5,0.31764705882352945,A,0,2,-2,2
2019-06-15,Ghana,South Africa,True,Friendly,0.3,1695.7,1584.9,110.79999999999995,0.6542596137078323,0.34574038629216775,,,,,,0.47728336478498845,0.43841577755174643,0.27309043607498557,0.7684577715739206,0.4654547234918732,5,74,4,1346.0,45,75.83,76.81,77.55,73.19,1.0494603087853533,2.3331523739353166,130,4.875197323201151,0.013513513513513514,1.6094379124341003,60,3,1429.0,40,71.74,72.79,72.69,69.92,1.0410469107551488,1.6288953311984171,35,3.58351893845611,0.016666666666666666,1.3862943611198906,4.090000000000003,4.019999999999996,4.859999999999999,3.269999999999996,95,-0.003153153153153152,0.2231435513142097,,,,,,,,,,,,,,,,,D,0,0,0,0
2019-06-16,Paraguay,Qatar,True,Copa América,0.85,1670.0,1750.7,-80.70000000000005,0.38590781336563634,0.6140921866343636,-0.6333333333333334,-0.5333333333333333,-0.7522522522522521,-0.6000000000000001,1.4,0.48016148642492473,0.48016148642492473,0.2797577703626129,2.0,2.0,1,40,8,1503.5,32,74.7,74.93,75.23,74.05,1.011883862255233,0.6132971003790402,100,4.61512051684126,0.025,2.1972245773362196,55,1,1454.0,38,72.65,75.52,71.59,70.64,1.0690826727066818,2.587205699849418,18,2.9444389791664403,0.01818181818181818,0.6931471805599453,2.049999999999997,-0.5899999999999892,3.6400000000000006,3.4099999999999966,82,0.0068181818181818205,1.5040773967762742,1.6,0.6,0.8,0.9189189189189189,1.5,0.9,0.7,0.826923076923077,1.0,2.0,0.16666666666666666,0.16666666666666669,1.0,2.0,0.16666666666666666,0.16666666666666669,D,2,2,0,4
2019-06-16,Uruguay,Ecuador,True,Copa América,0.85,1874.4,1701.9,172.5,0.7296780634015003,0.2703219365984997,-0.1333333333333333,0.16666666666666669,-0.15151515151515157,-0.06666666666666665,-0.19999999999999996,0.4050741192667114,0.4616708307609629,0.29604616866930344,0.9642407820992716,1.0099795076250166,5,17,14,1673.07,16,82.26,82.38,83.75,80.54,1.0228457909113482,1.6107244746800498,270,5.602118820879701,0.058823529411764705,2.70805020110221,23,4,1596.48,21,79.42,73.4,81.21,78.83,0.9311175948243056,4.003028020553102,220,5.3981627015177525,0.043478260869565216,1.6094379124341003,2.8400000000000034,8.97999999999999,2.5400000000000063,1.710000000000008,50,0.015345268542199489,1.0986122886681098,1.6666666666666667,2.0,0.3333333333333333,0.33333333333333337,1.6666666666666667,2.0,0.3333333333333333,0.33333333333333337,1.6,1.8,0.2,0.1818181818181818,1.5,1.2,0.5,0.6050420168067226,H,4,0,4,4
2019-06-19,Argentina,Paraguay,True,Copa América,0.85,1859.2,1675.7,183.5,0.7419849247336662,0.2580150752663338,0.675,0.42500000000000004,0.6022727272727272,0.55,-2.3,0.4476130605859152,0.43713439749280586,0.2692281266756188,0.8674879792398645,0.8402067324176327,6,3,18,1874.81,3,84.24,84.97,83.57,83.76,1.0144460362941738,0.7594076639065482,570,6.3473892096560105,0.3333333333333333,2.9444389791664403,40,8,1503.5,32,74.7,74.93,75.23,74.05,1.011883862255233,0.6132971003790402,100,4.61512051684126,0.025,2.1972245773362196,9.539999999999992,10.039999999999992,8.33999999999999,9.710000000000008,470,0.3083333333333333,0.7472144018302207,1.25,2.5,0.125,0.125,1.25,2.5,0.125,0.125,1.8,0.2,0.8,0.7272727272727272,1.7,1.4,0.55,0.3626373626373627,D,1,1,0,2
2019-06-19,Colombia,Qatar,True,Copa América,0.85,1934.7,1745.0,189.70000000000005,0.7487583319509452,0.2512416680490548,-0.10000000000000009,0.0,-0.1916461916461918,0.40000000000000013,0.20000000000000007,0.5198855107115301,0.4801144892884699,0.24005724464423495,1.0,0.0,1,13,6,1693.09,12,79.68,82.37,79.35,78.43,1.0502358791278847,2.0611647192788847,380,5.942799375126701,0.07692307692307693,1.9459101490553132,55,1,1454.0,38,72.65,75.52,71.59,70.64,1.0690826727066818,2.587205699849418,18,2.9444389791664403,0.01818181818181818,0.6931471805599453,7.030000000000001,6.8500000000000085,7.759999999999991,7.790000000000006,362,0.058741258741258746,1.252762968495368,1.4,0.6,0.8,0.918918918918919,1.1,0.8,0.6,0.7692307692307694,1.8,0.8,0.7,0.7272727272727272,1.2,0.7,0.6,0.5714285714285714,H,1,0,1,1
2019-06-19,Mexico,Canada,True,Gold Cup,0.55,1789.5,1625.2,164.29999999999995,0.7202670860627698,0.2797329139372302,,,,,,0.4956880028849314,0.3405589687271605,0.30919181815314145,1.2707226565174519,0.5186513744196701,6,15,17,1684.13,14,77.71,79.23,77.3,75.4,1.0507957559681698,1.9150195821453098,230,5.442417710521793,0.06666666666666667,2.8903717578961645,30,2,1556.48,27,78.82,80.96,76.66,78.52,1.031074885379521,2.1565095254446076,200,5.303304908059076,0.03333333333333333,1.0986122886681098,-1.1099999999999994,-1.7299999999999898,0.6400000000000006,-3.1199999999999903,30,0.03333333333333333,1.7917594692280547,,,,,,,,,1.0,2.2,0.2,0.19999999999999998,0.9,1.7,0.4,0.4482758620689655,H,3,1,2,4
2019-06-20,Uruguay,Japan,True,Copa América,0.85,1899.8,1787.8,112.0,0.655820505912395,0.34417949408760495,-0.6000000000000001,-0.25,-0.5974025974025975,-0.8000000000000003,0.20000000000000018,0.41551600203198813,0.44363883156843537,0.34860316741557057,1.5367516352963013,1.7031904297002747,3,17,14,1673.07,16,82.26,82.38,83.75,80.54,1.0228457909113482,1.6107244746800498,270,5.602118820879701,0.058823529411764705,2.70805020110221,18,7,1661.58,17,76.86,73.58,78.41,76.46,0.9623332461417735,2.4298765400735887,290,5.673323267171493,0.05555555555555555,2.0794415416798357,5.400000000000006,8.799999999999997,5.340000000000003,4.0800000000000125,-20,0.0032679738562091526,0.6286086594223743,2.2,1.4,0.8,0.7792207792207793,2.4,1.5,0.75,0.6907894736842105,1.4,1.6,0.2,0.1818181818181818,1.5,1.2,0.5,0.6050420168067226,D,2,2,0,4
2019-06-23,Colombia,Paraguay,True,Copa América,0.85,1947.3,1687.8,259.5,0.8166482581668681,0.18335174183313185,0.6000000000000001,0.45,0.5831485587583147,0.8000000000000003,-1.5999999999999999,0.5264079481863103,0.2632623824995088,0.3419608605639352,1.500657499810129,0.8164001798661072,7,13,6,1693.09,12,79.68,82.37,79.35,78.43,1.0502358791278847,2.0611647192788847,380,5.942799375126701,0.07692307692307693,1.9459101490553132,40,8,1503.5,32,74.7,74.93,75.23,74.05,1.011883862255233,0.6132971003790402,100,4.61512051684126,0.025,2.1972245773362196,4.980000000000004,7.439999999999998,4.11999999999999,4.38000000000001,280,0.051923076923076926,-0.25131442828090633,1.4,2.4,0.2,0.2804878048780488,1.4,2.4,0.2,0.2804878048780488,2.2,0.8,0.8,0.8636363636363635,1.4,0.7,0.65,0.6379310344827586,H,1,0,1,1
2019-06-23,Qatar,Argentina,True,Copa América,0.85,1732.4,1847.1,-114.69999999999982,0.3406797990068263,0.6593202009931737,0.09999999999999998,0.09999999999999998,0.39496314496314505,0.3999999999999999,0.4,0.48005166040268316,0.5199483395973168,0.24002583020134158,0.0,2.0,1,55,1,1454.0,38,72.65,75.52,71.59,70.64,1.0690826727066818,2.587205699849418,18,2.9444389791664403,0.01818181818181818,0.6931471805599453,3,18,1874.81,3,84.24,84.97,83.57,83.76,1.0144460362941738,0.7594076639065482,570,6.3473892096560105,0.3333333333333333,2.9444389791664403,-11.58999999999999,-9.450000000000003,-11.97999999999999,-13.120000000000005,-552,-0.3151515151515151,-2.251291798606495,1.0,0.6,0.6,0.409090909090909,1.6,1.0,0.55,0.3235294117647059,1.4,1.0,0.7,0.8040540540540541,1.3,0.8,0.65,0.7695652173913045,A,0,2,-2,2
2019-06-24,Ivory Coast,South Africa,True,African Cup of Nations,0.85,1680.0,1588.0,92.0,0.6293885472175023,0.37061145278249774,-0.5,-0.5,-0.5,-1.0,-1.0,0.45384034473494733,0.41898984724689026,0.33666473164160754,1.0,0.78490043344154,2,34,3,1532.98,30,78.81,77.58,80.29,78.73,0.9853931157119268,1.3601593043953875,145,4.983606621708336,0.029411764705882353,1.3862943611198906,60,3,1429.0,40,71.74,72.79,72.69,69.92,1.0410469107551488,1.6288953311984171,35,3.58351893845611,0.016666666666666666,1.3862943611198906,7.070000000000007,4.789999999999992,7.6000000000000085,8.810000000000002,110,0.012745098039215686,0.0,1.0,1.0,0.5,0.5,1.0,1.0,0.5,0.5,,,,,,,,,H,1,0,1,1
2019-06-24,Ecuador,Japan,True,Copa América,0.85,1676.6,1795.6,-119.0,0.3351420214452352,0.6648579785547648,-0.35,-0.4,-0.4123376623376622,0.3500000000000001,1.25,0.4339507400379365,0.4339507400379365,0.3490738899430953,0.2732423200406222,0.2732423200406222,2,23,4,1596.48,21,79.42,73.4,81.21,78.83,0.9311175948243056,4.003028020553102,220,5.3981627015177525,0.043478260869565216,1.6094379124341003,18,7,1661.58,17,76.86,73.58,78.41,76.46,0.9623332461417735,2.4298765400735887,290,5.673323267171493,0.05555555555555555,2.0794415416798357,2.5600000000000023,-0.1799999999999926,2.799999999999997,2.3700000000000045,-70,-0.012077294685990336,-0.47000362924573547,1.4,1.0,0.6,0.6623376623376622,2.0,1.4,0.65,0.6387096774193549,1.75,2.25,0.25,0.25,1.75,2.25,0.25,0.25,D,1,1,0,2
2019-06-26,Egypt,DR Congo,False,African Cup of Nations,0.85,1650.2,1622.0,28.200000000000045,0.6765536566587274,0.32344634334127265,0.1,0.1,0.05172413793103448,0.4,1.6,0.4488330084379682,0.41431471907556,0.34400963202425183,1.2014248479435312,0.7985751520564686,2,29,3,1565.56,25,80.93,86.04,70.5,73.27,1.174286884127201,8.288922326414538,115,4.7535901911063645,0.034482758620689655,1.3862943611198906,46,1,1478.35,36,74.39,76.91,71.1,74.48,1.032626208378088,2.9179159229376954,65,4.189654742026425,0.021739130434782608,0.6931471805599453,6.540000000000006,9.13000000000001,-0.5999999999999943,-1.210000000000008,50,0.012743628185907047,0.6931471805599453,,,,,,,,,0.4,1.6,0.1,0.05172413793103448,0.4,1.6,0.1,0.05172413793103448,H,2,0,2,2
2019-06-26,United States,Panama,False,Gold Cup,0.55,1756.7,1549.3,207.4000000000001,0.8544000387536039,0.14559996124639607,0.2,0.4,0.19999999999999998,0.3999999999999999,-0.40000000000000013,0.4516318132174868,0.48111021112847935,0.18724496445098837,1.6082991481938786,0.9701150733592296,9,16,11,1675.7,15,,,,,,,250,5.5254529391317835,0.0625,2.4849066497880004,33,1,1540.64,29,71.68,71.04,71.68,72.16,0.984478935698448,0.5619015334854749,55,4.02535169073515,0.030303030303030304,0.6931471805599453,,,,,195,0.032196969696969696,1.791759469228055,0.8,2.2,0.2,0.19999999999999998,0.6,2.6,0.1,0.05714285714285714,1.2,1.8,0.4,0.39999999999999997,1.0,1.25,0.5,0.5000000000000001,H,1,0,1,1
2019-06-27,Senegal,Algeria,True,African Cup of Nations,0.85,1722.0,1689.2,32.799999999999955,0.5470632604530102,0.45293673954698976,0.3,0.3,0.30000000000000004,0.3999999999999999,-1.0,0.4059759893299985,0.5940240106700014,0.20298799466499926,0.0,1.0,3,14,3,1686.41,13,79.32,80.15,76.69,79.3,1.0107187894073142,1.8030622100563654,260,5.564520407322694,0.07142857142857142,1.3862943611198906,28,4,1564.26,26,77.52,79.27,75.35,77.16,1.02734577501296,1.9619123323940861,160,5.081404364984463,0.03571428571428571,1.6094379124341003,1.7999999999999972,0.8800000000000097,1.3400000000000034,2.1400000000000006,100,0.03571428571428571,-0.2231435513142097,0.8,2.0,0.2,0.19999999999999998,0.8,2.0,0.2,0.19999999999999998,1.2,1.0,0.5,0.5,1.2,1.0,0.5,0.5,A,0,1,-1,1
2019-06-27,Brazil,Paraguay,False,Copa América,0.85,2084.7,1678.7,405.9999999999998,0.9484741124025332,0.05152588759746679,0.6000000000000001,0.55,0.5244755244755245,0.0,-2.0,0.5980316719436943,0.3793378958184875,0.15833274228573807,1.793762096531162,0.4582370023494872,6,6,22,1761.16,6,85.24,85.72,84.39,84.78,1.0110875206416607,0.6836909633257792,1000,6.90875477931522,0.16666666666666666,3.1354942159291497,40,8,1503.5,32,74.7,74.93,75.23,74.05,1.011883862255233,0.6132971003790402,100,4.61512051684126,0.025,2.1972245773362196,10.539999999999992,10.789999999999992,9.159999999999997,10.730000000000004,900,0.14166666666666666,0.9382696385929301,1.6,2.4,0.3,0.3846153846153846,1.3333333333333333,2.1666666666666665,0.25,0.3448275862068966,1.6,0.4,0.9,0.9090909090909091,1.7,0.5,0.8,0.6857142857142857,D,0,0,0,0
2019-06-28,Morocco,Ivory Coast,True,African Cup of Nations,0.85,1702.3,1693.0,9.299999999999955,0.5133805802689431,0.48661941973105693,,,,,,0.45404506062249306,0.4190729419384177,0.33641846840829814,1.0,0.7839281476322607,2,8,6,1756.21,8,80.56,78.97,78.23,82.18,0.9609394013141883,2.0997698286558326,310,5.739792912179234,0.125,1.9459101490553132,34,3,1532.98,30,78.81,77.58,80.29,78.73,0.9853931157119268,1.3601593043953875,145,4.983606621708336,0.029411764705882353,1.3862943611198906,1.75,1.3900000000000006,-2.0600000000000023,3.450000000000003,165,0.09558823529411764,0.5596157879354227,,,,,,,,,1.0,0.8,0.5,0.30555555555555564,1.0,0.8,0.5,0.30555555555555564,H,1,0,1,1
2019-06-29,Haiti,Canada,True,Gold Cup,0.55,1528.4,1610.5,-82.09999999999991,0.383999721022118,0.616000278977882,,,,,,0.4268484057136024,0.5731515942863976,0.19697306731160266,0.7518664173897824,2.573697378866297,4,83,1,1291.0,47,69.56,70.06,68.5,69.54,1.0074777106701178,0.7943131204590139,10,2.3978952727983707,0.012048192771084338,0.6931471805599453,30,2,1556.48,27,78.82,80.96,76.66,78.52,1.031074885379521,2.1565095254446076,200,5.303304908059076,0.03333333333333333,1.0986122886681098,-9.259999999999991,-10.899999999999991,-8.159999999999997,-8.97999999999999,-190,-0.021285140562248995,-0.4054651081081645,1.0,0.0,1.0,1.0,1.0,0.0,1.0,1.0,,,,,,,,,H,3,2,1,5
2019-06-30,United States,Curaçao,False,Gold Cup,0.55,1761.8,1490.0,271.79999999999995,0.8947544229011509,0.10524557709884907,0.6,0.5555555555555556,0.6,1.4,1.4,0.5200587482174048,0.47994125178259517,0.23997062589129758,1.0,0.0,1,16,11,1675.7,15,,,,,,,250,5.5254529391317835,0.0625,2.4849066497880004,82,0,1294.0,46,,,,,,,12,2.5649493574615367,0.012195121951219513,0.0,,,,,238,0.05030487804878049,2.4849066497880004,,,,,,,,,1.4,1.4,0.6,0.6,1.0,1.1111111111111112,0.5555555555555556,0.5555555555555557,H,1,0,1,1
2019-07-01,South Africa,Morocco,True,African Cup of Nations,0.85,1575.0,1719.3,-144.29999999999995,0.303506047926883,0.696493952073117,0.2,0.08333333333333331,0.27777777777777773,-0.09999999999999998,-0.5,0.555279994487279,0.444720005512721,0.17293824438798147,1.5854671482902443,0.8555517071575824,4,60,3,1429.0,40,71.74,72.79,72.69,69.92,1.0410469107551488,1.6288953311984171,35,3.58351893845611,0.016666666666666666,1.3862943611198906,8,6,1756.21,8,80.56,78.97,78.23,82.18,0.9609394013141883,2.0997698286558326,310,5.739792912179234,0.125,1.9459101490553132,-8.820000000000007,-6.179999999999993,-5.540000000000006,-12.260000000000005,-275,-0.10833333333333334,-0.5596157879354227,0.6,1.0,0.3,0.22222222222222227,0.8333333333333334,0.8333333333333334,0.4166666666666667,0.2820512820512821,0.5,0.5,0.5,0.5,0.5,0.5,0.5,0.5,A,0,1,-1,1
2019-07-02,Brazil,Argentina,False,Copa América,0.85,2062.3,1872.7,189.60000000000014,0.8411849997485223,0.15881500025147766,0.20000000000000007,0.30000000000000004,0.3994755244755245,0.40000000000000013,-0.19999999999999996,0.3438096986974668,0.6051900209500378,0.20030003166959748,0.5206055765356633,1.8000448108907503,7,6,22,1761.16,6,85.24,85.72,84.39,84.78,1.0110875206416607,0.6836909633257792,1000,6.90875477931522,0.16666666666666666,3.1354942159291497,3,18,1874.81,3,84.24,84.97,83.57,83.76,1.0144460362941738,0.7594076639065482,570,6.3473892096560105,0.3333333333333333,2.9444389791664403,1.0,0.75,0.8200000000000074,1.019999999999996,430,-0.16666666666666666,0.1910552367627094,1.2,0.6,0.7,0.5096153846153846,1.3,1.1,0.5,0.3141592920353982,1.6,0.4,0.9,0.9090909090909091,1.6,0.5,0.8,0.6857142857142856,H,2,0,2,2
2019-07-02,Haiti,Mexico,True,Gold Cup,0.55,1549.9,1804.2,-254.29999999999995,0.18787636531076776,0.8121236346892322,-0.4,-0.4,-0.39999999999999997,-1.4,2.2,0.42354557443951873,0.5764544255604813,0.21177278721975937,0.7680861499025415,2.536172299805083,2,83,1,1291.0,47,69.56,70.06,68.5,69.54,1.0074777106701178,0.7943131204590139,10,2.3978952727983707,0.012048192771084338,0.6931471805599453,15,17,1684.13,14,77.71,79.23,77.3,75.4,1.0507957559681698,1.9150195821453098,230,5.442417710521793,0.06666666666666667,2.8903717578961645,-8.149999999999991,-9.170000000000002,-8.799999999999997,-5.859999999999999,-220,-0.05461847389558233,-2.197224577336219,1.4,1.8,0.4,0.39999999999999997,1.1,1.9,0.4,0.44827586206896547,0.0,4.0,0.0,0.0,0.0,4.0,0.0,0.0,A,0,1,-1,1
2019-07-06,Egypt,South Africa,False,African Cup of Nations,0.85,1667.2,1564.4,102.79999999999995,0.7626766582571731,0.23732334174282688,-0.033333333333333326,-0.08333333333333331,0.0829585207396302,0.46666666666666673,0.9333333333333335,0.5940087706850624,0.4059912293149377,0.18726510273394817,0.8746271006326088,0.1253728993673911,2,29,3,1565.56,25,80.93,86.04,70.5,73.27,1.174286884127201,8.288922326414538,115,4.7535901911063645,0.034482758620689655,1.3862943611198906,60,3,1429.0,40,71.74,72.79,72.69,69.92,1.0410469107551488,1.6288953311984171,35,3.58351893845611,0.016666666666666666,1.3862943611198906,9.190000000000012,13.25,-2.1899999999999977,3.3499999999999943,80,0.017816091954022988,0.0,0.3333333333333333,0.6666666666666666,0.3333333333333333,0.20689655172413793,0.3333333333333333,0.6666666666666666,0.3333333333333333,0.20689655172413793,0.8,1.6,0.3,0.2898550724637681,0.8333333333333334,1.6666666666666667,0.25,0.26666666666666666,A,0,1,-1,1
2019-07-07,United States,Mexico,False,Gold Cup,0.55,1765.5,1810.8,-45.299999999999955,0.578075601601888,0.421924398398112,0.0,0.19999999999999996,0.0,-0.6000000000000001,-0.40000000000000013,0.46032287936138394,0.4405605693471523,0.2089240279939869,1.2646380603690555,1.0420859802399014,10,16,11,1675.7,15,,,,,,,250,5.5254529391317835,0.0625,2.4849066497880004,15,17,1684.13,14,77.71,79.23,77.3,75.4,1.0507957559681698,1.9150195821453098,230,5.442417710521793,0.06666666666666667,2.8903717578961645,,,,,20,-0.004166666666666666,-0.40546510810816416,2.0,1.8,0.6,0.6571428571428571,1.3,2.0,0.4,0.4018691588785048,1.4,1.4,0.6,0.6571428571428571,1.0,1.0,0.6,0.6307692307692307,A,0,1,-1,1
2019-07-08,Ghana,Tunisia,True,African Cup of Nations,0.85,1692.6,1688.0,4.599999999999909,0.5066195453580026,0.4933804546419974,0.6,0.7,0.5272727272727271,0.8,-1.2,0.4798143535139125,0.4798143535139125,0.28027846972913134,1.0,1.0,1,74,4,1346.0,45,75.83,76.81,77.55,73.19,1.0494603087853533,2.3331523739353166,130,4.875197323201151,0.013513513513513514,1.6094379124341003,44,6,1483.05,35,72.99,70.78,75.39,71.78,0.9860685427695737,2.42501546386822,80,4.394449154672439,0.022727272727272728,1.9459101490553132,2.8400000000000034,6.030000000000001,2.1599999999999966,1.4099999999999966,50,-0.009213759213759214,-0.33647223662121295,1.2,1.2,0.4,0.47272727272727283,1.3,1.8,0.3,0.28318584070796465,2.0,0.0,1.0,1.0,2.0,0.0,1.0,1.0,D,1,1,0,2
2019-07-11,Ivory Coast,Algeria,True,African Cup of Nations,0.85,1675.9,1708.3,-32.399999999999864,0.45350734729130426,0.5464926527086957,0.6,0.6666666666666667,0.6000000000000001,0.19999999999999996,-1.6,0.5211563692252504,0.441596313958859,0.25804547379532006,2.362243732533378,1.0,2,34,3,1532.98,30,78.81,77.58,80.29,78.73,0.9853931157119268,1.3601593043953875,145,4.983606621708336,0.029411764705882353,1.3862943611198906,28,4,1564.26,26,77.52,79.27,75.35,77.16,1.02734577501296,1.9619123323940861,160,5.081404364984463,0.03571428571428571,1.6094379124341003,1.2900000000000063,-1.6899999999999977,4.940000000000012,1.5700000000000074,-15,-0.00630252100840336,-0.2231435513142097,0.8,1.6,0.4,0.39999999999999997,0.8333333333333334,1.6666666666666667,0.3333333333333333,0.3333333333333333,1.0,0.0,1.0,1.0,1.0,0.0,1.0,1.0,D,1,1,0,2
2019-07-14,Senegal,Tunisia,True,African Cup of Nations,0.85,1702.8,1688.2,14.599999999999909,0.5209987301318275,0.4790012698681725,0.0,0.06666666666666671,0.03490328006728338,-0.19999999999999996,-0.19999999999999996,0.5202813244962984,0.4797186755037016,0.2398593377518508,1.0,0.0,1,14,3,1686.41,13,79.32,80.15,76.69,79.3,1.0107187894073142,1.8030622100563654,260,5.564520407322694,0.07142857142857142,1.3862943611198906,44,6,1483.05,35,72.99,70.78,75.39,71.78,0.9860685427695737,2.42501546386822,80,4.394449154672439,0.022727272727272728,1.9459101490553132,6.329999999999998,9.370000000000005,1.2999999999999972,7.519999999999996,180,0.0487012987012987,-0.5596157879354227,1.2,1.2,0.4,0.29268292682926833,1.3,1.7,0.35,0.30973451327433627,1.0,1.0,0.4,0.3275862068965517,1.0,1.0,0.4166666666666667,0.34375,H,1,0,1,1
2019-07-19,Senegal,Algeria,True,African Cup of Nations,0.85,1719.6,1706.7,12.899999999999864,0.5185560661111993,0.4814439338888007,-0.3,-0.0714285714285714,-0.47543301519971726,0.0,0.0,0.4059759893299985,0.5940240106700014,0.20298799466499926,0.0,1.0,3,14,3,1686.41,13,79.32,80.15,76.69,79.3,1.0107187894073142,1.8030622100563654,260,5.564520407322694,0.07142857142857142,1.3862943611198906,28,4,1564.26,26,77.52,79.27,75.35,77.16,1.02734577501296,1.9619123323940861,160,5.081404364984463,0.03571428571428571,1.6094379124341003,1.7999999999999972,0.8800000000000097,1.3400000000000034,2.1400000000000006,100,0.03571428571428571,-0.2231435513142097,1.0,1.2,0.6,0.7073170731707318,0.8571428571428571,1.4285714285714286,0.42857142857142855,0.5471698113207547,1.0,1.2,0.3,0.2318840579710145,0.8571428571428571,1.0,0.35714285714285715,0.2716049382716049,A,0,1,-1,1
2019-08-10,Jordan,Saudi Arabia,True,WAFF Championship,0.45,1565.0,1579.1,-14.099999999999909,0.47971960148269455,0.5202803985173055,-0.13333333333333333,-0.18333333333333332,-0.052845528455284535,0.2666666666666666,0.4666666666666668,0.5408826697697454,0.44206302587842533,0.13947304319118634,0.8735376414782954,0.9834145406979246,7,63,0,1391.0,42,70.24,72.37,69.09,67.57,1.0710374426520648,2.453188401516149,20,3.044522437723423,0.015873015873015872,0.0,61,6,1421.0,41,75.74,75.38,76.06,74.85,1.0070808283233132,0.6065476073648342,55,4.02535169073515,0.01639344262295082,1.9459101490553132,-5.5,-3.009999999999991,-6.969999999999999,-7.280000000000001,-35,-0.0005204267499349484,-1.9459101490553132,0.4,1.2,0.3,0.21951219512195122,0.7,1.4,0.35,0.3535353535353536,0.6666666666666666,1.6666666666666667,0.16666666666666666,0.16666666666666669,0.6666666666666666,1.6666666666666667,0.16666666666666666,0.16666666666666669,H,3,0,3,3
2019-09-05,Japan,Paraguay,False,Kirin Challenge Cup,0.45,1787.4,1701.1,86.30000000000018,0.7450585712963698,0.25494142870363024,0.2,0.3857142857142857,0.23448773448773452,0.19999999999999996,-0.6000000000000001,0.46555817757172585,0.3447797926364597,0.36205192611004416,2.5819371000339792,1.5806367112053663,4,18,7,1661.58,17,76.86,73.58,78.41,76.46,0.9623332461417735,2.4298765400735887,290,5.673323267171493,0.05555555555555555,2.0794415416798357,40,8,1503.5,32,74.7,74.93,75.23,74.05,1.011883862255233,0.6132971003790402,100,4.61512051684126,0.025,2.1972245773362196,2.1599999999999966,-1.3500000000000085,3.1799999999999926,2.4099999999999966,190,0.03055555555555555,-0.11778303565638382,1.2,1.8,0.3,0.31746031746031744,1.1428571428571428,2.0,0.21428571428571427,0.2666666666666667,1.4,1.2,0.5,0.551948051948052,2.0,1.5,0.6,0.5756578947368421,H,2,0,2,2
2019-09-06,Brazil,Colombia,True,Friendly,0.3,2074.2,1956.4,117.79999999999973,0.663317031064175,0.33668296893582506,0.0,0.10000000000000009,-0.17139689578713968,-0.20000000000000018,0.0,0.47936939918012095,0.3517379341472963,0.30303248456195764,1.3122706035539813,1.0368708443188364,7,6,22,1761.16,6,85.24,85.72,84.39,84.78,1.0110875206416607,0.6836909633257792,1000,6.90875477931522,0.16666666666666666,3.1354942159291497,13,6,1693.09,12,79.68,82.37,79.35,78.43,1.0502358791278847,2.0611647192788847,380,5.942799375126701,0.07692307692307693,1.9459101490553132,5.559999999999988,3.3499999999999943,5.040000000000006,6.349999999999994,620,0.08974358974358973,1.1895840668738364,1.6,0.4,0.8,0.890909090909091,1.5,0.7,0.7,0.6929133858267718,1.4,0.4,0.8,0.7195121951219513,1.5,0.4,0.8,0.6911764705882353,D,2,2,0,4
2019-09-06,United States,Mexico,False,Friendly,0.3,1745.3,1831.0,-85.70000000000005,0.5205677413927505,0.4794322586072495,0.0,0.25,0.0,-1.0000000000000002,-0.7999999999999999,0.46032287936138394,0.4405605693471523,0.2089240279939869,1.2646380603690555,1.0420859802399014,10,16,11,1675.7,15,,,,,,,250,5.5254529391317835,0.0625,2.4849066497880004,15,17,1684.13,14,77.71,79.23,77.3,75.4,1.0507957559681698,1.9150195821453098,230,5.442417710521793,0.06666666666666667,2.8903717578961645,,,,,20,-0.004166666666666666,-0.40546510810816416,2.2,1.4,0.8,0.85,1.2,1.9,0.4,0.34693877551020413,1.2,0.6,0.8,0.85,1.1,1.0,0.65,0.7000000000000001,A,0,3,-3,3
2019-09-06,Germany,Netherlands,False,UEFA Euro qualification,0.85,1887.9,1951.1,-63.19999999999982,0.552762294389236,0.44723770561076404,-0.39999999999999997,-0.2555555555555556,-0.40040485829959505,-1.4,0.40000000000000013,0.5025773991226101,0.3170165619360443,0.31753520923208384,1.600675813937839,1.3253920500136205,8,10,20,1731.3,10,83.78,84.42,84.51,82.18,1.0272572402044293,1.3200126262022376,850,6.7464121285733745,0.1,3.044522437723423,7,10,1757.87,7,83.2,80.93,83.63,84.01,0.963337697893108,1.6793252613276926,720,6.580639137284949,0.14285714285714285,2.3978952727983707,0.5799999999999983,3.489999999999995,0.8800000000000097,-1.8299999999999983,130,-0.042857142857142844,0.6466271649250523,2.0,1.4,0.6,0.5846153846153845,1.8888888888888888,1.1111111111111112,0.5555555555555556,0.5523809523809523,0.6,1.8,0.2,0.18421052631578946,0.8,1.5,0.3,0.29850746268656714,A,2,4,-2,6
2019-09-07,Curaçao,Haiti,False,CONCACAF Nations League,0.55,1486.3,1543.4,-57.100000000000136,0.5614262044371421,0.4385737955628579,,,,,,0.5929843864296519,0.37386134647237257,0.22008494033416176,3.9499342411129237,0.8689034944965468,3,82,0,1294.0,46,,,,,,,12,2.5649493574615367,0.012195121951219513,0.0,83,1,1291.0,47,69.56,70.06,68.5,69.54,1.0074777106701178,0.7943131204590139,10,2.3978952727983707,0.012048192771084338,0.6931471805599453,,,,,2,0.00014692918013517464,-0.6931471805599453,1.5,3.0,0.5,0.6470588235294118,1.5,3.0,0.5,0.6470588235294118,,,,,,,,,H,1,0,1,1
2019-09-08,Sweden,Norway,False,UEFA Euro qualification,0.85,1810.7,1750.6,60.100000000000136,0.7153699762402748,0.28463002375972524,-0.36666666666666664,-0.16666666666666663,-0.09689169499757166,-0.8,1.0,0.3891260886830221,0.5463623927637657,0.2590745628947232,1.6266783829476905,2.3357554878006983,4,38,12,1514.77,31,79.87,84.25,74.43,75.32,1.1185608072225173,5.430920732251576,140,4.948759890378168,0.02631578947368421,2.5649493574615367,31,3,1550.94,28,82.05,84.71,81.34,77.67,1.0906398867001414,3.521065179743194,320,5.771441123130016,0.03225806451612903,1.3862943611198906,-2.1799999999999926,-0.45999999999999375,-6.909999999999997,-2.3500000000000085,-180,-0.005942275042444822,1.1786549963416462,2.0,1.0,0.6666666666666666,0.41379310344827586,2.0,1.0,0.6666666666666666,0.41379310344827586,1.2,2.0,0.3,0.3169014084507042,1.3333333333333333,1.3333333333333333,0.5,0.5463576158940397,D,1,1,0,2
2019-09-09,Iraq,Uzbekistan,True,Friendly,0.3,1592.6,1495.5,97.09999999999991,0.6362101416178831,0.36378985838211686,-0.09999999999999998,0.1111111111111111,-0.05769230769230774,0.0,0.40000000000000013,0.5380272858306049,0.42437018791633313,0.24978762021122852,1.1067594394536968,0.3553553649034617,3,57,1,1447.0,39,70.2,71.16,69.09,70.18,1.013964092333998,1.0354870029765348,15,2.772588722239781,0.017543859649122806,0.6931471805599453,50,0,1465.34,37,72.62,72.67,74.08,70.68,1.02815506508206,1.7082251998297293,40,3.713572066704308,0.02,0.0,-2.4200000000000017,-1.5100000000000051,-4.989999999999995,-0.5,-25,-0.0024561403508771944,0.6931471805599453,0.6,1.4,0.3,0.27884615384615385,0.4444444444444444,1.5555555555555556,0.2222222222222222,0.23026315789473686,0.6,1.8,0.2,0.22115384615384612,1.1666666666666667,1.6666666666666667,0.3333333333333333,0.3017241379310345,D,0,0,0,0
2019-09-09,Scotland,Belgium,False,UEFA Euro qualification,0.85,1603.5,1994.5,-391.0,0.15774132752957445,0.8422586724704255,-0.7,-0.75,-0.7166666666666667,-1.866666666666667,1.2666666666666666,0.4471372290280697,0.5528627709719304,0.22356861451403484,0.0,3.651959997574812,3,43,7,1499.92,34,77.5,73.76,79.29,77.16,0.9559357179885952,2.7891994072373767,135,4.912654885736052,0.023255813953488372,2.0794415416798357,9,13,1734.71,9,82.71,82.46,84.06,79.53,1.0368414434804476,2.2973100211624318,600,6.398594934535208,0.1111111111111111,2.6390573296152584,-5.209999999999994,-8.699999999999989,-4.769999999999996,-2.3700000000000045,-465,-0.08785529715762273,-0.5596157879354227,2.2,1.4,0.7,0.7166666666666667,2.2,1.3,0.75,0.76875,0.3333333333333333,2.6666666666666665,0.0,0.0,0.3333333333333333,2.6666666666666665,0.0,0.0,A,0,4,-4,4
2019-09-10,Haiti,Curaçao,False,CONCACAF Nations League,0.55,1521.4,1508.2,13.200000000000045,0.6573780415483725,0.34262195845162746,0.3333333333333333,0.3333333333333333,0.39285714285714285,1.0,1.3333333333333335,0.37386134647237257,0.5929843864296519,0.22008494033416176,0.8689034944965468,3.9499342411129237,3,83,1,1291.0,47,69.56,70.06,68.5,69.54,1.0074777106701178,0.7943131204590139,10,2.3978952727983707,0.012048192771084338,0.6931471805599453,82,0,1294.0,46,,,,,,,12,2.5649493574615367,0.012195121951219513,0.0,,,,,-2,-0.00014692918013517464,0.6931471805599453,0.0,1.0,0.0,0.0,0.0,1.0,0.0,0.0,1.0,2.3333333333333335,0.3333333333333333,0.39285714285714285,1.0,2.3333333333333335,0.3333333333333333,0.39285714285714285,D,1,1,0,2
2019-09-10,United States,Uruguay,False,Friendly,0.3,1727.1,1892.0,-164.9000000000001,0.4076727666008392,0.5923272333991608,0.4,0.050000000000000044,0.23282828282828294,-0.8,-1.0,0.4849548465557544,0.4253108453434241,0.24437527090331165,2.374688213810368,0.8366515963434172,4,16,11,1675.7,15,,,,,,,250,5.5254529391317835,0.0625,2.4849066497880004,17,14,1673.07,16,82.26,82.38,83.75,80.54,1.0228457909113482,1.6107244746800498,270,5.602118820879701,0.058823529411764705,2.70805020110221,,,,,-20,0.003676470588235295,-0.2231435513142097,2.0,1.2,0.4,0.5227272727272726,1.8,1.2,0.5,0.5948275862068966,1.2,0.2,0.8,0.7555555555555555,1.0,1.1,0.55,0.5733333333333335,D,1,1,0,2
2019-09-10,Ivory Coast,Tunisia,True,Friendly,0.3,1677.6,1671.5,6.099999999999909,0.5087777037599234,0.49122229624007663,0.0,0.15000000000000002,0.0,-0.5,-0.30000000000000004,0.5212288675389792,0.4787711324610207,0.23938556623051035,2.0,1.0,1,34,3,1532.98,30,78.81,77.58,80.29,78.73,0.9853931157119268,1.3601593043953875,145,4.983606621708336,0.029411764705882353,1.3862943611198906,44,6,1483.05,35,72.99,70.78,75.39,71.78,0.9860685427695737,2.42501546386822,80,4.394449154672439,0.022727272727272728,1.9459101490553132,5.820000000000007,6.799999999999997,4.900000000000006,6.950000000000003,65,0.006684491978609625,-0.5596157879354227,1.0,0.8,0.5,0.5,1.2,1.6,0.35,0.3266129032258065,0.5,0.5,0.5,0.5,0.5,0.5,0.5,0.5,H,2,1,1,3
2019-09-10,Argentina,Mexico,True,Friendly,0.3,1860.8,1849.2,11.599999999999909,0.5166875417167768,0.4833124582832232,-0.30000000000000004,0.09999999999999998,-0.40476190476190477,-1.2,-0.4,0.5935241393567133,0.4064758606432867,0.20323793032164336,2.385425021302653,0.0,4,3,18,1874.81,3,84.24,84.97,83.57,83.76,1.0144460362941738,0.7594076639065482,570,6.3473892096560105,0.3333333333333333,2.9444389791664403,15,17,1684.13,14,77.71,79.23,77.3,75.4,1.0507957559681698,1.9150195821453098,230,5.442417710521793,0.06666666666666667,2.8903717578961645,6.530000000000001,5.739999999999995,6.269999999999996,8.36,340,0.26666666666666666,0.054067221270275745,2.4,1.0,1.0,1.0,1.3,1.6,0.5,0.5056179775280899,1.2,0.6,0.7,0.5952380952380952,1.5,0.8,0.6,0.47727272727272735,H,4,0,4,4
2019-09-10,Jordan,Paraguay,False,Friendly,0.3,1596.9,1687.7,-90.79999999999995,0.5132367706605789,0.48676322933942107,0.07500000000000001,0.125,0.22683397683397682,-0.25,-0.3500000000000001,0.4787711324610207,0.5212288675389792,0.23938556623051035,2.0,4.0,1,63,0,1391.0,42,70.24,72.37,69.09,67.57,1.0710374426520648,2.453188401516149,20,3.044522437723423,0.015873015873015872,0.0,40,8,1503.5,32,74.7,74.93,75.23,74.05,1.011883862255233,0.6132971003790402,100,4.61512051684126,0.025,2.1972245773362196,-4.460000000000008,-2.5600000000000023,-6.140000000000001,-6.480000000000004,-80,-0.00912698412698413,-2.1972245773362196,1.0,1.6,0.3,0.34459459459459457,1.0,1.75,0.25,0.3097826086956522,0.75,1.25,0.375,0.5714285714285714,0.75,1.25,0.375,0.5714285714285714,A,2,4,-2,6
2019-10-09,Germany,Argentina,False,Friendly,0.3,1846.4,1878.9,-32.5,0.5959362978529087,0.4040637021470913,-0.09999999999999998,-0.19999999999999996,-0.0010181414291003388,0.3999999999999999,0.8,0.4782816331141102,0.4782816331141102,0.28257755032883475,2.0,2.0,1,10,20,1731.3,10,83.78,84.42,84.51,82.18,1.0272572402044293,1.3200126262022376,850,6.7464121285733745,0.1,3.044522437723423,3,18,1874.81,3,84.24,84.97,83.57,83.76,1.0144460362941738,0.7594076639065482,570,6.3473892096560105,0.3333333333333333,2.9444389791664403,-0.45999999999999375,-0.5499999999999972,0.9400000000000119,-1.5799999999999983,280,-0.2333333333333333,0.10008345855698275,0.8,1.0,0.5,0.42567567567567566,1.2,0.6,0.6,0.4906542056074767,1.2,1.8,0.4,0.4246575342465753,1.1,1.6,0.4,0.39310344827586213,D,2,2,0,4
2019-10-10,Algeria,DR Congo,False,Friendly,0.3,1724.8,1605.0,119.79999999999995,0.7799320620826562,0.2200679379173438,,,,,,0.5932875712452222,0.37282524486835333,0.22029980632060103,1.0,0.133230780949197,2,28,4,1564.26,26,77.52,79.27,75.35,77.16,1.02734577501296,1.9619123323940861,160,5.081404364984463,0.03571428571428571,1.6094379124341003,46,1,1478.35,36,74.39,76.91,71.1,74.48,1.032626208378088,2.9179159229376954,65,4.189654742026425,0.021739130434782608,0.6931471805599453,3.1299999999999955,2.3599999999999994,4.25,2.6799999999999926,95,0.013975155279503104,0.916290731874155,,,,,,,,,0.8,0.8,0.7,0.7211538461538461,0.875,1.375,0.4375,0.5357142857142857,D,1,1,0,2
2019-10-10,Brazil,Senegal,True,Friendly,0.3,2070.9,1701.4,369.5,0.8935011066989081,0.10649889330109186,0.30000000000000004,0.36250000000000004,0.36634615384615377,0.6000000000000001,-0.4,0.5341758954031585,0.4348317168651571,0.2014808028187405,1.9025538612844355,1.2778387418035964,3,6,22,1761.16,6,85.24,85.72,84.39,84.78,1.0110875206416607,0.6836909633257792,1000,6.90875477931522,0.16666666666666666,3.1354942159291497,14,3,1686.41,13,79.32,80.15,76.69,79.3,1.0107187894073142,1.8030622100563654,260,5.564520407322694,0.07142857142857142,1.3862943611198906,5.920000000000002,5.569999999999993,7.700000000000003,5.480000000000004,740,0.09523809523809523,1.749199854809259,1.0,0.8,0.5,0.4125,0.875,0.875,0.4375,0.3979591836734694,1.6,0.4,0.8,0.7788461538461537,1.5,0.4,0.8,0.6818181818181819,D,1,1,0,2
2019-10-11,Czech Republic,England,False,UEFA Euro qualification,0.85,1682.7,1923.3,-240.5999999999999,0.3080271781603183,0.6919728218396817,-0.8,-0.55,-0.7846153846153846,-2.8,2.466666666666667,0.4703790223391743,0.5296209776608257,0.21557881720253344,0.5697274867758777,1.964461795375887,3,41,9,1503.04,33,,,,,,,95,4.564348191467836,0.024390243902439025,2.302585092994046,4,16,1825.97,4,84.06,85.32,85.54,81.18,1.0509977827050996,2.456203031781639,1300,7.170888478512505,0.25,2.833213344056216,,,,,-1205,-0.22560975609756098,-0.5306282510621703,2.8,1.2,0.8,0.7846153846153846,1.7,1.2,0.55,0.46043165467625896,0.0,3.6666666666666665,0.0,0.0,0.0,3.6666666666666665,0.0,0.0,H,2,1,1,3
2019-10-12,Norway,Spain,False,UEFA Euro qualification,0.85,1761.3,2030.8,-269.5,0.27374176808742107,0.726258231912579,0.025000000000000022,-0.07499999999999996,-0.12357859531772586,-0.3500000000000001,0.10000000000000009,0.36665087870788216,0.5999683537977304,0.21670620684832853,0.23110404694842857,1.8105704846081703,4,31,3,1550.94,28,82.05,84.71,81.34,77.67,1.0906398867001414,3.521065179743194,320,5.771441123130016,0.03225806451612903,1.3862943611198906,2,16,1876.4,2,84.31,84.06,85.96,81.55,1.030778663396689,2.2120201927951126,920,6.825460036255307,0.5,2.833213344056216,-2.260000000000005,0.6499999999999915,-4.61999999999999,-3.8799999999999955,-600,-0.467741935483871,-1.4469189829363256,2.6,1.4,0.6,0.5692307692307693,2.2,1.3,0.7,0.6689655172413793,2.25,1.5,0.625,0.44565217391304346,2.25,1.5,0.625,0.44565217391304346,D,1,1,0,2
2019-10-12,Ivory Coast,DR Congo,False,Friendly,0.3,1687.4,1610.6,76.80000000000018,0.7345326543037657,0.2654673456962343,0.5,0.5,0.5,0.6666666666666666,-1.3333333333333335,0.5874717672802308,0.41252823271976924,0.20626411635988462,1.4293676922032956,0.21468384610164784,2,34,3,1532.98,30,78.81,77.58,80.29,78.73,0.9853931157119268,1.3601593043953875,145,4.983606621708336,0.029411764705882353,1.3862943611198906,46,1,1478.35,36,74.39,76.91,71.1,74.48,1.032626208378088,2.9179159229376954,65,4.189654742026425,0.021739130434782608,0.6931471805599453,4.420000000000002,0.6700000000000017,9.190000000000012,4.25,80,0.0076726342710997444,0.6931471805599453,0.0,2.0,0.0,0.0,0.0,2.0,0.0,0.0,0.6666666666666666,0.6666666666666666,0.5,0.5,0.6666666666666666,0.6666666666666666,0.5,0.5,H,3,1,2,4
2019-10-13,Ecuador,Argentina,True,Friendly,0.3,1684.8,1880.8,-196.0,0.24448111792880314,0.7555188820711969,-0.3,-0.45,-0.27933421226104155,0.0,1.6,0.3718481423672996,0.49100944282620096,0.2581657428123545,0.5601759349441328,1.1054746234136885,8,23,4,1596.48,21,79.42,73.4,81.21,78.83,0.9311175948243056,4.003028020553102,220,5.3981627015177525,0.043478260869565216,1.6094379124341003,3,18,1874.81,3,84.24,84.97,83.57,83.76,1.0144460362941738,0.7594076639065482,570,6.3473892096560105,0.3333333333333333,2.9444389791664403,-4.819999999999993,-11.569999999999993,-2.3599999999999994,-4.930000000000007,-350,-0.28985507246376807,-1.33500106673234,1.4,1.0,0.5,0.4256756756756757,1.6,0.6,0.65,0.5186915887850467,1.4,2.6,0.2,0.14634146341463417,1.4,2.6,0.2,0.14634146341463417,A,1,6,-5,7
2019-10-14,France,Turkey,False,UEFA Euro qualification,0.85,2006.1,1849.2,156.89999999999986,0.8143965915641063,0.18560340843589374,0.09999999999999998,0.18333333333333335,0.09607293127629724,-0.3999999999999999,-0.19999999999999996,0.46013324089631363,0.49790626279378175,0.27202711675806146,0.5262591850114128,1.4737408149885873,2,1,16,1877.32,1,84.99,86.44,82.82,84.39,1.024291977722479,1.815296119094625,1280,7.155396301896734,1.0,2.833213344056216,22,2,1599.04,20,80.6,73.08,82.57,79.88,0.9148723084626941,4.891083724492965,460,6.133398042996649,0.045454545454545456,1.0986122886681098,4.390000000000001,13.36,0.25,4.510000000000005,820,0.9545454545454546,1.7346010553881064,1.4,1.0,0.6,0.5652173913043479,1.5,1.0,0.6666666666666666,0.6153846153846154,1.0,0.8,0.7,0.6612903225806451,1.8,1.0,0.85,0.8703703703703703,D,1,1,0,2
2019-10-15,Mexico,Panama,False,CONCACAF Nations League,0.55,1831.1,1544.2,286.89999999999986,0.9026634684822927,0.09733653151770727,0.9,0.5,0.9,1.8000000000000003,-1.7999999999999998,0.7500928921379321,0.21517973992031494,0.1423172379019105,1.691619627055401,0.2716128599086043,10,15,17,1684.13,14,77.71,79.23,77.3,75.4,1.0507957559681698,1.9150195821453098,230,5.442417710521793,0.06666666666666667,2.8903717578961645,33,1,1540.64,29,71.68,71.04,71.68,72.16,0.984478935698448,0.5619015334854749,55,4.02535169073515,0.030303030303030304,0.6931471805599453,6.029999999999987,8.189999999999998,5.61999999999999,3.240000000000009,175,0.03636363636363636,2.197224577336219,0.4,2.4,0.1,0.09999999999999999,0.6,2.8,0.1,0.05714285714285714,2.2,0.6,1.0,1.0,1.6,1.4,0.6,0.6799999999999999,H,3,1,2,4
2019-10-15,Sweden,Spain,False,UEFA Euro qualification,0.85,1799.9,2019.5,-219.5999999999999,0.3343728607747771,0.6656271392252229,-0.3,-0.24999999999999994,-0.2573529411764706,-0.8,0.8000000000000003,0.437137505868175,0.4718457929872959,0.279341549669224,0.6297159280283922,1.0214840061776849,5,38,12,1514.77,31,79.87,84.25,74.43,75.32,1.1185608072225173,5.430920732251576,140,4.948759890378168,0.02631578947368421,2.5649493574615367,2,16,1876.4,2,84.31,84.06,85.96,81.55,1.030778663396689,2.2120201927951126,920,6.825460036255307,0.5,2.833213344056216,-4.439999999999998,0.18999999999999773,-11.529999999999987,-6.230000000000004,-780,-0.4736842105263158,-0.2682639865946794,2.0,1.4,0.6,0.5882352941176471,2.4,1.3,0.7,0.6923076923076923,1.2,2.2,0.3,0.33088235294117646,1.2,1.5,0.45,0.49107142857142855,D,1,1,0,2
2019-10-15,Algeria,Colombia,False,Friendly,0.3,1719.2,1959.7,-240.5,0.3081498886688289,0.691850111331171,0.09999999999999998,-0.30000000000000004,-0.03968253968253965,-0.6000000000000001,-0.2,0.5218209794474559,0.4781790205525442,0.2390895102762721,3.0,0.0,1,28,4,1564.26,26,77.52,79.27,75.35,77.16,1.02734577501296,1.9619123323940861,160,5.081404364984463,0.03571428571428571,1.6094379124341003,13,6,1693.09,12,79.68,82.37,79.35,78.43,1.0502358791278847,2.0611647192788847,380,5.942799375126701,0.07692307692307693,1.9459101490553132,-2.160000000000011,-3.1000000000000085,-4.0,-1.2700000000000102,-220,-0.041208791208791215,-0.33647223662121295,1.6,0.4,0.8,0.9047619047619048,1.5,0.5,0.8,0.846774193548387,1.0,0.2,0.9,0.8650793650793651,0.8888888888888888,1.2222222222222223,0.5,0.6264367816091955,H,3,0,3,3
2019-10-15,Canada,United States,False,CONCACAF Nations League,0.55,1589.0,1728.9,-139.9000000000001,0.44283039170649324,0.5571696082935067,-0.09999999999999998,0.0,-0.26928104575163403,0.4,0.7,0.5210223834983208,0.3715113439277806,0.2294282819824697,1.469673454936615,1.2678214187781534,9,30,2,1556.48,27,78.82,80.96,76.66,78.52,1.031074885379521,2.1565095254446076,200,5.303304908059076,0.03333333333333333,1.0986122886681098,16,11,1675.7,15,,,,,,,250,5.5254529391317835,0.0625,2.4849066497880004,,,,,-50,-0.029166666666666667,-1.3862943611198906,0.6,0.8,0.6,0.6222222222222222,0.9,1.3,0.5,0.5333333333333333,1.0,1.5,0.5,0.3529411764705882,1.0,1.5,0.5,0.3529411764705882,H,2,0,2,2
2019-11-14,Uzbekistan,Saudi Arabia,False,FIFA World Cup qualification,1.0,1498.3,1547.2,-48.90000000000009,0.5730131001586777,0.4269868998413223,0.0,-0.14999999999999997,0.10576923076923081,0.19999999999999996,0.6000000000000001,0.4456231616801543,0.5543768383198457,0.22281158084007716,0.7666000131834908,3.0,2,50,0,1465.34,37,72.62,72.67,74.08,70.68,1.02815506508206,1.7082251998297293,40,3.713572066704308,0.02,0.0,61,6,1421.0,41,75.74,75.38,76.06,74.85,1.0070808283233132,0.6065476073648342,55,4.02535169073515,0.01639344262295082,1.9459101490553132,-3.1199999999999903,-2.7099999999999937,-1.980000000000004,-4.1699999999999875,-15,0.00360655737704918,-1.9459101490553132,0.4,1.0,0.3,0.17307692307692304,0.7,1.1,0.35,0.31818181818181823,0.6,1.6,0.3,0.27884615384615385,0.4,1.6,0.2,0.21341463414634143,A,2,3,-1,5
2019-11-14,Iraq,Iran,True,FIFA World Cup qualification,1.0,1589.9,1747.9,-158.0,0.287097842594546,0.7129021574054539,-0.39999999999999997,-0.3142857142857143,-0.24096736596736593,-0.6000000000000001,0.6000000000000001,0.4111837514557399,0.5613696616283772,0.21545174526447178,0.28368033389243646,1.378340611619646,5,57,1,1447.0,39,70.2,71.16,69.09,70.18,1.013964092333998,1.0354870029765348,15,2.772588722239781,0.017543859649122806,0.6931471805599453,21,6,1616.04,19,75.74,78.83,74.88,72.88,1.0816410537870473,3.0277879714405382,75,4.330733340286331,0.047619047619047616,1.9459101490553132,-5.539999999999992,-7.670000000000002,-5.789999999999992,-2.6999999999999886,-60,-0.03007518796992481,-1.252762968495368,0.8,1.0,0.6,0.4621212121212121,0.9,0.9,0.6,0.5040322580645162,0.2,1.6,0.2,0.22115384615384617,1.0,1.7142857142857142,0.2857142857142857,0.2734375,H,2,1,1,3
2019-11-14,Ghana,South Africa,False,African Cup of Nations qualification,0.85,1692.4,1591.1,101.30000000000018,0.761110227080836,0.23888977291916402,0.5,0.5,0.6195652173913043,0.75,-0.75,0.47728336478498845,0.43841577755174643,0.27309043607498557,0.7684577715739206,0.4654547234918732,5,74,4,1346.0,45,75.83,76.81,77.55,73.19,1.0494603087853533,2.3331523739353166,130,4.875197323201151,0.013513513513513514,1.6094379124341003,60,3,1429.0,40,71.74,72.79,72.69,69.92,1.0410469107551488,1.6288953311984171,35,3.58351893845611,0.016666666666666666,1.3862943611198906,4.090000000000003,4.019999999999996,4.859999999999999,3.269999999999996,95,-0.003153153153153152,0.2231435513142097,0.25,0.75,0.25,0.13043478260869565,0.25,0.75,0.25,0.13043478260869565,1.0,0.0,0.75,0.75,1.0,0.0,0.75,0.75,H,2,0,2,2
2019-11-14,Jordan,Australia,False,FIFA World Cup qualification,1.0,1581.5,1676.2,-94.70000000000005,0.5076267215411453,0.4923732784588547,0.09999999999999998,0.14285714285714285,0.3939393939393939,0.0,0.19999999999999996,0.426020711715441,0.573979288284559,0.19863010207959167,0.5281732494466617,1.2482378327867072,4,63,0,1391.0,42,70.24,72.37,69.09,67.57,1.0710374426520648,2.453188401516149,20,3.044522437723423,0.015873015873015872,0.0,27,6,1578.66,24,73.3,73.31,72.57,72.76,1.0075590984057174,0.3843175770115159,120,4.795790545596741,0.037037037037037035,1.9459101490553132,-3.0600000000000023,-0.9399999999999977,-3.4799999999999898,-5.190000000000012,-100,-0.021164021164021163,-1.9459101490553132,1.2,0.8,0.4,0.26515151515151514,1.0,1.1428571428571428,0.35714285714285715,0.26282051282051283,1.2,1.0,0.5,0.6590909090909091,1.2,1.0,0.5,0.6590909090909091,A,0,1,-1,1
2019-11-15,Brazil,Argentina,True,Superclásico de las Américas,0.45,2063.1,1890.6,172.5,0.7296780634015003,0.2703219365984997,0.20000000000000007,0.25,0.2312271062271063,0.0,-0.4,0.3438096986974668,0.6051900209500378,0.20030003166959748,0.5206055765356633,1.8000448108907503,7,6,22,1761.16,6,85.24,85.72,84.39,84.78,1.0110875206416607,0.6836909633257792,1000,6.90875477931522,0.16666666666666666,3.1354942159291497,3,18,1874.81,3,84.24,84.97,83.57,83.76,1.0144460362941738,0.7594076639065482,570,6.3473892096560105,0.3333333333333333,2.9444389791664403,1.0,0.75,0.8200000000000074,1.019999999999996,430,-0.16666666666666666,0.1910552367627094,1.8,1.0,0.6,0.5476190476190477,1.4,0.8,0.6,0.4906542056074766,1.8,0.6,0.8,0.778846153846154,1.6,0.4,0.85,0.8294117647058823,A,0,1,-1,1
2019-11-15,United States,Canada,False,CONCACAF Nations League,0.55,1687.1,1630.8,56.299999999999955,0.7108950677078169,0.28910493229218315,0.16666666666666669,0.21666666666666673,0.34126984126984133,-0.7333333333333333,-1.0,0.3715113439277806,0.5210223834983208,0.2294282819824697,1.2678214187781534,1.469673454936615,9,16,11,1675.7,15,,,,,,,250,5.5254529391317835,0.0625,2.4849066497880004,30,2,1556.48,27,78.82,80.96,76.66,78.52,1.031074885379521,2.1565095254446076,200,5.303304908059076,0.03333333333333333,1.0986122886681098,,,,,50,0.029166666666666667,1.3862943611198906,1.3333333333333333,2.0,0.3333333333333333,0.21428571428571425,1.3333333333333333,2.0,0.3333333333333333,0.21428571428571425,0.6,1.0,0.5,0.5555555555555556,1.0,1.2,0.55,0.5733333333333334,H,4,1,3,5
2019-11-15,Panama,Mexico,False,CONCACAF Nations League,0.55,1536.9,1838.4,-301.5,0.23868050617145883,0.7613194938285411,-0.7000000000000001,-0.5,-0.780952380952381,-1.4000000000000001,1.2000000000000002,0.21517973992031494,0.7500928921379321,0.1423172379019105,0.2716128599086043,1.691619627055401,10,33,1,1540.64,29,71.68,71.04,71.68,72.16,0.984478935698448,0.5619015334854749,55,4.02535169073515,0.030303030303030304,0.6931471805599453,15,17,1684.13,14,77.71,79.23,77.3,75.4,1.0507957559681698,1.9150195821453098,230,5.442417710521793,0.06666666666666667,2.8903717578961645,-6.029999999999987,-8.189999999999998,-5.61999999999999,-3.240000000000009,-175,-0.03636363636363636,-2.197224577336219,1.6,1.0,0.8,0.8666666666666667,1.5,1.4,0.6,0.6799999999999999,0.2,2.2,0.1,0.08571428571428572,0.6,2.6,0.1,0.0625,A,0,3,-3,3
2019-11-18,Argentina,Uruguay,True,Friendly,0.3,1916.1,1890.1,26.0,0.5373473171664928,0.46265268283350724,0.19999999999999996,0.24999999999999994,0.009615384615384692,0.9999999999999998,0.19999999999999996,0.5815338330334088,0.3905121088474669,0.17688090984293825,1.0840873515813148,0.5966592788293559,6,3,18,1874.81,3,84.24,84.97,83.57,83.76,1.0144460362941738,0.7594076639065482,570,6.3473892096560105,0.3333333333333333,2.9444389791664403,17,14,1673.07,16,82.26,82.38,83.75,80.54,1.0228457909113482,1.6107244746800498,270,5.602118820879701,0.058823529411764705,2.70805020110221,1.9799999999999898,2.5900000000000034,-0.18000000000000682,3.219999999999999,300,0.2745098039215686,0.2363887780642302,1.8,0.8,0.5,0.6057692307692307,1.9,1.4,0.45,0.5088495575221239,2.8,1.0,0.7,0.6153846153846154,2.0,0.8,0.7,0.5625,D,2,2,0,4
2019-11-19,Brazil,South Korea,True,Friendly,0.3,2037.5,1741.4,296.0999999999999,0.8461200650293701,0.1538799349706299,0.0,0.15000000000000002,0.20895872420262662,0.0,0.19999999999999996,0.6752316395913127,0.3247683604086874,0.1623841802043437,4.608949813069251,0.40319309101639783,4,6,22,1761.16,6,85.24,85.72,84.39,84.78,1.0110875206416607,0.6836909633257792,1000,6.90875477931522,0.16666666666666666,3.1354942159291497,25,10,1589.65,23,80.06,83.51,76.56,79.68,1.048067269076305,3.481039116892159,210,5.351858133476067,0.04,2.3978952727983707,5.179999999999993,2.2099999999999937,7.829999999999998,5.099999999999994,790,0.12666666666666665,0.737598943130779,1.4,0.4,0.7,0.5121951219512195,1.5,0.8,0.65,0.5353535353535354,1.4,0.6,0.7,0.7211538461538461,1.5,0.5,0.8,0.7941176470588235,H,3,0,3,3
2019-11-19,Ecuador,Colombia,True,Friendly,0.3,1675.1,1935.5,-260.4000000000001,0.18257727033009988,0.8174227296699001,-0.6000000000000001,-0.5,-0.6735347985347986,-0.8,1.6,0.4745458377831048,0.3814402652440116,0.2973029259873447,0.9360994670951664,0.2939002701221679,6,23,4,1596.48,21,79.42,73.4,81.21,78.83,0.9311175948243056,4.003028020553102,220,5.3981627015177525,0.043478260869565216,1.6094379124341003,13,6,1693.09,12,79.68,82.37,79.35,78.43,1.0502358791278847,2.0611647192788847,380,5.942799375126701,0.07692307692307693,1.9459101490553132,-0.2600000000000051,-8.969999999999999,1.8599999999999994,0.3999999999999915,-160,-0.03344481605351171,-0.33647223662121295,1.8,0.4,0.9,0.9523809523809524,1.6,0.7,0.75,0.8000000000000002,1.0,2.0,0.3,0.27884615384615385,1.3333333333333333,2.3333333333333335,0.25,0.25,A,0,1,-1,1
2019-11-19,Saudi Arabia,Paraguay,False,Friendly,0.3,1570.1,1703.1,-133.0,0.45265148195413535,0.5473485180458646,-0.09999999999999998,0.02777777777777779,-0.22207792207792204,-0.39999999999999997,0.19999999999999996,0.47757116723757037,0.47757116723757037,0.28364324914364447,0.0,0.0,1,61,6,1421.0,41,75.74,75.38,76.06,74.85,1.0070808283233132,0.6065476073648342,55,4.02535169073515,0.01639344262295082,1.9459101490553132,40,8,1503.5,32,74.7,74.93,75.23,74.05,1.011883862255233,0.6132971003790402,100,4.61512051684126,0.025,2.1972245773362196,1.039999999999992,0.44999999999998863,0.8299999999999983,0.7999999999999972,-45,-0.00860655737704918,-0.25131442828090633,0.6,1.2,0.3,0.3311688311688311,0.8888888888888888,1.7777777777777777,0.2222222222222222,0.2821782178217822,0.2,1.4,0.2,0.10909090909090909,0.5,1.4,0.25,0.25663716814159293,D,0,0,0,0
2019-11-26,Qatar,Iraq,False,Gulf Cup,0.45,1706.9,1618.4,88.5,0.7474566182778508,0.2525433817221492,0.2,0.23750000000000004,0.2954781704781705,1.0,0.3999999999999999,0.4430318744394863,0.45418658522561883,0.272657315036854,1.168283251010976,0.8349711713472883,6,55,1,1454.0,38,72.65,75.52,71.59,70.64,1.0690826727066818,2.587205699849418,18,2.9444389791664403,0.01818181818181818,0.6931471805599453,57,1,1447.0,39,70.2,71.16,69.09,70.18,1.013964092333998,1.0354870029765348,15,2.772588722239781,0.017543859649122806,0.6931471805599453,2.450000000000003,4.359999999999999,2.5,0.45999999999999375,3,0.0006379585326953749,0.0,0.2,0.8,0.3,0.27884615384615385,0.875,1.5,0.3125,0.29285714285714287,1.2,1.2,0.5,0.5743243243243243,1.2,0.9,0.55,0.6547619047619049,A,1,2,-1,3
2019-12-05,Qatar,Saudi Arabia,False,Gulf Cup,0.45,1680.7,1571.1,109.60000000000014,0.7696887555556012,0.23031124444439877,0.0,0.10000000000000003,0.011261261261261257,0.4,0.0,0.4948997310219207,0.5051002689780794,0.23060332032080386,0.8685272669747294,0.5657363665126355,2,55,1,1454.0,38,72.65,75.52,71.59,70.64,1.0690826727066818,2.587205699849418,18,2.9444389791664403,0.01818181818181818,0.6931471805599453,61,6,1421.0,41,75.74,75.38,76.06,74.85,1.0070808283233132,0.6065476073648342,55,4.02535169073515,0.01639344262295082,1.9459101490553132,-3.089999999999989,0.14000000000000057,-4.469999999999999,-4.209999999999994,-37,0.0017883755588673604,-1.252762968495368,0.6,1.6,0.3,0.3333333333333333,0.7,1.4,0.35,0.3858267716535433,1.0,1.6,0.3,0.34459459459459457,1.0,1.1,0.45,0.5583941605839418,A,0,1,-1,1
2019-12-18,South Korea,Japan,False,EAFF Championship,0.45,1736.0,1800.7,-64.70000000000005,0.5506266989623811,0.44937330103761886,0.19999999999999996,0.09999999999999998,-0.002534051314539043,-0.5999999999999999,-0.7999999999999999,0.44794814870259214,0.5520518512974079,0.20431994030127815,0.21512815635142313,2.354615530945731,3,25,10,1589.65,23,80.06,83.51,76.56,79.68,1.048067269076305,3.481039116892159,210,5.351858133476067,0.04,2.3978952727983707,18,7,1661.58,17,76.86,73.58,78.41,76.46,0.9623332461417735,2.4298765400735887,290,5.673323267171493,0.05555555555555555,2.0794415416798357,3.200000000000003,9.930000000000007,-1.8499999999999943,3.220000000000013,-80,-0.015555555555555552,0.3184537311185349,1.4,1.4,0.4,0.44155844155844154,1.9,1.4,0.6,0.5771812080536913,0.8,0.6,0.6,0.4390243902439025,1.5,0.7,0.7,0.6588235294117647,H,1,0,1,1
2020-09-03,Germany,Spain,False,UEFA Nations League,0.7,1844.5,2011.2,-166.70000000000005,0.405173097925164,0.594826902074836,-0.39999999999999997,-0.29999999999999993,-0.36730911786508513,-0.19999999999999996,1.6,0.34342522268262676,0.5161855759343266,0.31210181272435994,0.8610938684703567,2.1073109350397194,5,10,20,1731.3,10,83.78,84.42,84.51,82.18,1.0272572402044293,1.3200126262022376,850,6.7464121285733745,0.1,3.044522437723423,2,16,1876.4,2,84.31,84.06,85.96,81.55,1.030778663396689,2.2120201927951126,920,6.825460036255307,0.5,2.833213344056216,-0.5300000000000011,0.35999999999999943,-1.4499999999999886,0.6300000000000097,-70,-0.4,0.21130909366720685,1.8,1.0,0.7,0.6830985915492956,2.2,1.1,0.7,0.6960784313725491,1.6,2.6,0.3,0.3157894736842105,1.2,1.8,0.4,0.3653846153846154,D,1,1,0,2
2020-09-04,Norway,Austria,False,UEFA Nations League,0.7,1772.7,1716.0,56.700000000000045,0.7113680726245526,0.2886319273754474,0.09999999999999998,0.09999999999999998,0.08531746031746029,1.0,0.1499999999999999,0.45786119648436635,0.5006028632737305,0.20536702763907602,1.3777436019476614,2.667072598146333,4,31,3,1550.94,28,82.05,84.71,81.34,77.67,1.0906398867001414,3.521065179743194,320,5.771441123130016,0.03225806451612903,1.3862943611198906,24,7,1593.45,22,78.91,78.39,79.48,78.32,1.0008937691521962,0.6504613747179809,195,5.278114659230517,0.041666666666666664,2.0794415416798357,3.1400000000000006,6.319999999999993,1.8599999999999994,-0.6499999999999915,125,-0.009408602150537633,-0.6931471805599452,1.0,1.25,0.5,0.375,1.0,1.25,0.5,0.375,2.0,1.4,0.6,0.4603174603174603,2.0,1.4,0.6,0.4603174603174603,A,1,2,-1,3
2020-09-05,Sweden,France,False,UEFA Nations League,0.7,1808.2,1990.4,-182.20000000000005,0.38386356448294623,0.6161364355170538,-0.19999999999999996,-0.35,-0.13067185978578388,0.3999999999999999,0.8,0.4452459527916434,0.5547540472083565,0.2226229763958217,1.0299704878146958,2.5449557317220437,2,38,12,1514.77,31,79.87,84.25,74.43,75.32,1.1185608072225173,5.430920732251576,140,4.948759890378168,0.02631578947368421,2.5649493574615367,1,16,1877.32,1,84.99,86.44,82.82,84.39,1.024291977722479,1.815296119094625,1280,7.155396301896734,1.0,2.833213344056216,-5.11999999999999,-2.1899999999999977,-8.389999999999986,-9.070000000000007,-1140,-0.9736842105263158,-0.2682639865946794,1.0,1.2,0.6,0.5230769230769231,1.6,1.1,0.75,0.7610062893081762,1.4,2.0,0.4,0.3924050632911392,1.2,1.6,0.4,0.4303030303030303,A,0,1,-1,1
2020-09-05,Portugal,Croatia,False,UEFA Nations League,0.7,1965.8,1892.9,72.89999999999986,0.7301320034082064,0.2698679965917936,0.09999999999999998,0.050000000000000044,0.06451612903225806,0.6000000000000001,-1.0000000000000002,0.46961271652440323,0.39128636136944894,0.28210080752260014,1.6730627923106929,1.3306338753532294,6,5,8,1763.83,5,83.74,82.45,86.12,82.24,1.0025535019455254,2.182025053323941,850,6.7464121285733745,0.2,2.1972245773362196,11,6,1717.07,11,80.81,78.83,81.31,81.29,0.9697379751506949,1.4260902262246042,340,5.831882477283517,0.09090909090909091,1.9459101490553132,2.9299999999999926,3.6200000000000045,4.810000000000002,0.9499999999999886,510,0.1090909090909091,0.25131442828090633,1.2,2.2,0.5,0.43548387096774194,1.6,1.8,0.6,0.5671641791044776,1.8,1.2,0.6,0.5,1.8,1.1,0.65,0.6048387096774194,H,4,1,3,5
2020-09-06,Switzerland,Germany,False,UEFA Nations League,0.7,1874.7,1849.2,25.5,0.6731432312003183,0.32685676879968173,-0.2,0.050000000000000044,-0.1377995642701525,-0.6000000000000001,-0.5999999999999999,0.3080101438110223,0.502515200902193,0.34347972719229586,2.210544228681239,2.717094577100994,4,19,12,1650.75,18,79.03,79.12,77.93,79.65,0.9933458882611425,0.8808518604169482,280,5.638354669333745,0.05263157894736842,2.5649493574615367,10,20,1731.3,10,83.78,84.42,84.51,82.18,1.0272572402044293,1.3200126262022376,850,6.7464121285733745,0.1,3.044522437723423,-4.75,-5.299999999999997,-6.579999999999998,-2.530000000000001,-570,-0.04736842105263159,-0.4795730802618863,2.0,2.4,0.4,0.39705882352941174,1.2,1.9,0.35,0.34615384615384615,1.4,1.8,0.2,0.25925925925925924,1.7,1.2,0.4,0.34821428571428575,D,1,1,0,2
2020-09-07,Czech Republic,Scotland,False,UEFA Nations League,0.7,1717.3,1588.7,128.5999999999999,0.7885033307879401,0.2114966692120599,0.0,0.0,0.0,0.0,0.75,0.4807198208772983,0.5192801791227016,0.20893936645447794,1.069227031072738,0.9213924287643002,3,41,9,1503.04,33,,,,,,,95,4.564348191467836,0.024390243902439025,2.302585092994046,43,7,1499.92,34,77.5,73.76,79.29,77.16,0.9559357179885952,2.7891994072373767,135,4.912654885736052,0.023255813953488372,2.0794415416798357,,,,,-40,0.0011344299489506535,0.22314355131421015,0.25,2.75,0.0,0.0,0.25,2.75,0.0,0.0,0.25,3.5,0.0,0.0,0.25,3.5,0.0,0.0,A,1,2,-1,3
2020-09-08,France,Croatia,False,UEFA Nations League,0.7,2009.6,1869.3,140.29999999999995,0.7995169446040257,0.20048305539597433,0.0,0.19999999999999996,-0.08088235294117646,-0.5999999999999999,-0.19999999999999996,0.4865714400984966,0.4580602810197889,0.19267510080111355,1.2853513340659828,1.110351672845078,7,1,16,1877.32,1,84.99,86.44,82.82,84.39,1.024291977722479,1.815296119094625,1280,7.155396301896734,1.0,2.833213344056216,11,6,1717.07,11,80.81,78.83,81.31,81.29,0.9697379751506949,1.4260902262246042,340,5.831882477283517,0.09090909090909091,1.9459101490553132,4.179999999999993,7.609999999999999,1.509999999999991,3.0999999999999943,940,0.9090909090909091,0.8873031950009029,1.4,1.4,0.5,0.5,1.5,1.9,0.5,0.5223880597014926,0.8,1.2,0.5,0.41911764705882354,1.3,0.9,0.7,0.701923076923077,H,4,2,2,6
2020-09-08,Sweden,Portugal,False,UEFA Nations League,0.7,1789.0,1989.4,-200.4000000000001,0.35940469777131323,0.6405953022286868,-0.19999999999999996,-0.24999999999999994,-0.13495934959349581,-0.6000000000000001,0.6000000000000001,0.3864342600776626,0.6135657399223374,0.1932171300388313,1.17396614079818,3.970510556129515,3,38,12,1514.77,31,79.87,84.25,74.43,75.32,1.1185608072225173,5.430920732251576,140,4.948759890378168,0.02631578947368421,2.5649493574615367,5,8,1763.83,5,83.74,82.45,86.12,82.24,1.0025535019455254,2.182025053323941,850,6.7464121285733745,0.2,2.1972245773362196,-3.8699999999999903,1.7999999999999972,-11.689999999999998,-6.920000000000002,-710,-0.1736842105263158,0.3677247801253172,1.8,1.0,0.7,0.6166666666666666,1.7,0.9,0.7,0.6515151515151514,1.2,1.6,0.5,0.48170731707317077,1.2,1.5,0.45,0.4907407407407407,A,0,2,-2,2
2020-10-07,Germany,Turkey,False,Friendly,0.3,1857.9,1864.9,-7.0,0.6307302886162022,0.3692697113837978,-0.19999999999999996,-0.3142857142857143,-0.20175438596491224,0.6000000000000001,1.6,0.410835452958622,0.5388511282702002,0.25573114525048873,2.282138027055917,3.0,2,10,20,1731.3,10,83.78,84.42,84.51,82.18,1.0272572402044293,1.3200126262022376,850,6.7464121285733745,0.1,3.044522437723423,22,2,1599.04,20,80.6,73.08,82.57,79.88,0.9148723084626941,4.891083724492965,460,6.133398042996649,0.045454545454545456,1.0986122886681098,3.180000000000007,11.340000000000003,1.940000000000012,2.3000000000000114,390,0.05454545454545455,1.9459101490553132,1.4,0.6,0.7,0.7017543859649122,1.5714285714285714,0.8571428571428571,0.7142857142857143,0.7101449275362318,2.0,2.2,0.5,0.5,1.3,1.9,0.4,0.4066666666666666,D,3,3,0,6
2020-10-07,Netherlands,Mexico,False,Friendly,0.3,1992.5,1859.3,133.20000000000005,0.7928855109764301,0.20711448902356988,-0.30000000000000004,-0.19999999999999996,-0.38721461187214623,0.19999999999999996,0.3999999999999999,0.47115004401647026,0.5288499559835297,0.23557502200823513,0.0,1.0,1,7,10,1757.87,7,83.2,80.93,83.63,84.01,0.963337697893108,1.6793252613276926,720,6.580639137284949,0.14285714285714285,2.3978952727983707,15,17,1684.13,14,77.71,79.23,77.3,75.4,1.0507957559681698,1.9150195821453098,230,5.442417710521793,0.06666666666666667,2.8903717578961645,5.490000000000009,1.7000000000000028,6.329999999999998,8.61,490,0.07619047619047618,-0.49247648509779385,1.6,1.0,0.8,0.8666666666666667,1.8,1.4,0.7,0.7750000000000001,1.8,1.4,0.5,0.47945205479452047,1.7,1.1,0.5,0.4873949579831933,A,0,1,-1,1
2020-10-07,Portugal,Spain,False,Friendly,0.3,2016.4,2006.5,9.900000000000091,0.6530867577364651,0.3469132422635349,0.09999999999999998,0.09999999999999998,0.17417417417417425,0.7999999999999998,0.20000000000000007,0.3075204245554147,0.3755536582177983,0.4706861295044943,1.100922119780034,1.2776505687732373,6,5,8,1763.83,5,83.74,82.45,86.12,82.24,1.0025535019455254,2.182025053323941,850,6.7464121285733745,0.2,2.1972245773362196,2,16,1876.4,2,84.31,84.06,85.96,81.55,1.030778663396689,2.2120201927951126,920,6.825460036255307,0.5,2.833213344056216,-0.5700000000000074,-1.6099999999999994,0.1600000000000108,0.6899999999999977,-70,-0.3,-0.6359887667199966,1.6,0.6,0.8,0.7702702702702702,2.2,1.2,0.65,0.6333333333333334,2.4,0.8,0.9,0.9444444444444444,2.1,1.0,0.75,0.6928571428571428,D,0,0,0,0
2020-10-07,Switzerland,Croatia,False,Friendly,0.3,1866.0,1854.3,11.700000000000045,0.655430596509133,0.34456940349086695,-0.10000000000000003,-0.050000000000000044,-0.031660692951015534,-0.20000000000000018,-0.6000000000000001,0.47115004401647026,0.5288499559835297,0.23557502200823513,1.0,2.0,1,19,12,1650.75,18,79.03,79.12,77.93,79.65,0.9933458882611425,0.8808518604169482,280,5.638354669333745,0.05263157894736842,2.5649493574615367,11,6,1717.07,11,80.81,78.83,81.31,81.29,0.9697379751506949,1.4260902262246042,340,5.831882477283517,0.09090909090909091,1.9459101490553132,-1.7800000000000011,0.29000000000000625,-3.3799999999999955,-1.6400000000000006,-60,-0.038277511961722493,0.6190392084062235,1.6,2.2,0.4,0.37037037037037035,1.3,2.3,0.4,0.390625,1.4,1.6,0.3,0.3387096774193548,1.1,1.2,0.35,0.3333333333333333,A,1,2,-1,3
2020-10-08,Belgium,Ivory Coast,False,Friendly,0.3,2009.3,1695.4,313.89999999999986,0.9154908011018066,0.08450919889819342,0.07499999999999996,0.125,0.14912280701754377,1.4,0.6499999999999999,0.4711277071013543,0.4711277071013543,0.29330843934796846,1.0,1.0,1,9,13,1734.71,9,82.71,82.46,84.06,79.53,1.0368414434804476,2.2973100211624318,600,6.398594934535208,0.1111111111111111,2.6390573296152584,34,3,1532.98,30,78.81,77.58,80.29,78.73,0.9853931157119268,1.3601593043953875,145,4.983606621708336,0.029411764705882353,1.3862943611198906,3.8999999999999915,4.8799999999999955,3.769999999999996,0.7999999999999972,455,0.08169934640522875,1.2527629684953678,1.0,0.75,0.625,0.5526315789473685,1.0,0.75,0.625,0.5526315789473685,2.4,1.4,0.7,0.7017543859649122,2.0,1.1,0.75,0.7643312101910829,D,1,1,0,2
2020-10-08,Uzbekistan,Iran,False,Friendly,0.3,1475.3,1719.3,-244.0,0.3038712295704002,0.6961287704295998,-0.39999999999999997,-0.35000000000000003,-0.23076923076923075,-0.6000000000000001,0.6000000000000001,0.2151655324313998,0.32778741952653156,0.5646298142577685,0.6351428812412022,0.8328399648429395,9,50,0,1465.34,37,72.62,72.67,74.08,70.68,1.02815506508206,1.7082251998297293,40,3.713572066704308,0.02,0.0,21,6,1616.04,19,75.74,78.83,74.88,72.88,1.0816410537870473,3.0277879714405382,75,4.330733340286331,0.047619047619047616,1.9459101490553132,-3.1199999999999903,-6.159999999999997,-0.7999999999999972,-2.1999999999999886,-35,-0.027619047619047616,-1.9459101490553132,0.8,1.0,0.6,0.4519230769230769,0.8,0.9,0.55,0.4798387096774194,0.2,1.6,0.2,0.22115384615384617,0.3,1.5,0.2,0.2134146341463415,A,1,2,-1,3
2020-10-08,Argentina,Ecuador,False,FIFA World Cup qualification,1.0,1915.4,1671.4,244.0,0.8787049512118514,0.12129504878814856,0.6,0.48571428571428565,0.3819930069930069,1.8,-2.0,0.49100944282620096,0.3718481423672996,0.2581657428123545,1.1054746234136885,0.5601759349441328,8,3,18,1874.81,3,84.24,84.97,83.57,83.76,1.0144460362941738,0.7594076639065482,570,6.3473892096560105,0.3333333333333333,2.9444389791664403,23,4,1596.48,21,79.42,73.4,81.21,78.83,0.9311175948243056,4.003028020553102,220,5.3981627015177525,0.043478260869565216,1.6094379124341003,4.819999999999993,11.569999999999993,2.3599999999999994,4.930000000000007,350,0.28985507246376807,1.33500106673234,0.8,3.0,0.1,0.1634615384615385,1.2857142857142858,2.857142857142857,0.21428571428571427,0.2265625,2.6,1.0,0.7,0.5454545454545454,1.9,0.8,0.7,0.5747663551401869,H,1,0,1,1
2020-10-09,Morocco,Senegal,False,Friendly,0.3,1729.9,1709.3,20.600000000000136,0.6669071177123461,0.3330928822876539,0.2,0.1111111111111111,0.18155757286192065,0.20000000000000007,-0.19999999999999996,0.6323331273571486,0.36766687264285136,0.18383343632142568,3.0,0.17040614976566273,2,8,6,1756.21,8,80.56,78.97,78.23,82.18,0.9609394013141883,2.0997698286558326,310,5.739792912179234,0.125,1.9459101490553132,14,3,1686.41,13,79.32,80.15,76.69,79.3,1.0107187894073142,1.8030622100563654,260,5.564520407322694,0.07142857142857142,1.3862943611198906,1.240000000000009,-1.1800000000000068,1.5400000000000063,2.8800000000000097,50,0.053571428571428575,0.5596157879354227,0.6,1.0,0.3,0.29670329670329676,0.7777777777777778,0.8888888888888888,0.3888888888888889,0.33913043478260874,0.8,0.8,0.5,0.4782608695652174,0.8571428571428571,0.7142857142857143,0.5,0.4105263157894737,H,3,1,2,4
2020-10-10,Spain,Switzerland,False,UEFA Nations League,0.7,2009.6,1852.9,156.69999999999982,0.8142225051953259,0.1857774948046741,0.29999999999999993,0.30000000000000004,0.2557041699449253,0.20000000000000018,-0.5999999999999999,0.5786596313455927,0.32964572577711,0.22671930076496968,2.193662499498587,1.1859465471253519,8,2,16,1876.4,2,84.31,84.06,85.96,81.55,1.030778663396689,2.2120201927951126,920,6.825460036255307,0.5,2.833213344056216,19,12,1650.75,18,79.03,79.12,77.93,79.65,0.9933458882611425,0.8808518604169482,280,5.638354669333745,0.05263157894736842,2.5649493574615367,5.280000000000001,4.939999999999998,8.029999999999987,1.8999999999999915,640,0.4473684210526316,0.2682639865946794,1.4,1.4,0.4,0.4516129032258065,1.1,1.2,0.35,0.34375,1.6,0.8,0.7,0.7073170731707318,2.1,1.1,0.65,0.638888888888889,H,1,0,1,1
2020-10-11,Bosnia and Herzegovina,Netherlands,False,UEFA Nations League,0.7,1732.8,1976.7,-243.9000000000001,0.30399301179040306,0.6960069882095969,0.19999999999999996,-0.02857142857142858,0.2173913043478261,-1.4000000000000001,-1.6,0.32602538288946675,0.4965881192814194,0.34039918927384727,1.256582089146477,2.6086800979225813,4,65,1,1385.0,43,,,,,,,70,4.2626798770413155,0.015384615384615385,0.6931471805599453,7,10,1757.87,7,83.2,80.93,83.63,84.01,0.963337697893108,1.6793252613276926,720,6.580639137284949,0.14285714285714285,2.3978952727983707,,,,,-650,-0.12747252747252746,-1.7047480922384253,2.2,1.8,0.5,0.49999999999999994,2.1,1.2,0.6,0.576923076923077,0.8,0.2,0.7,0.717391304347826,0.5714285714285714,0.2857142857142857,0.5714285714285714,0.6206896551724138,D,0,0,0,0
2020-10-11,England,Belgium,False,UEFA Nations League,0.7,1888.7,2001.0,-112.29999999999995,0.4823062684434104,0.5176937315565896,0.0,-0.15000000000000002,-0.07307692307692304,-0.19999999999999973,-0.5999999999999999,0.41278377708726705,0.45986464946363814,0.3111591824656085,1.3031719351728415,1.7435506493019146,5,4,16,1825.97,4,84.06,85.32,85.54,81.18,1.0509977827050996,2.456203031781639,1300,7.170888478512505,0.25,2.833213344056216,9,13,1734.71,9,82.71,82.46,84.06,79.53,1.0368414434804476,2.2973100211624318,600,6.398594934535208,0.1111111111111111,2.6390573296152584,1.3500000000000085,2.8599999999999994,1.480000000000004,1.6500000000000057,700,0.1388888888888889,0.19415601444095776,2.4,1.4,0.7,0.75,2.3,1.1,0.75,0.7597402597402597,2.2,0.8,0.7,0.676923076923077,1.6,1.0,0.6,0.5338345864661653,H,2,1,1,3
2020-10-11,Croatia,Sweden,False,UEFA Nations League,0.7,1867.4,1762.0,105.40000000000009,0.7653750054521097,0.23462499454789032,-0.09999999999999998,-0.04999999999999999,-0.08516915814319431,0.6000000000000001,0.9999999999999998,0.4992264838843211,0.5007735161156789,0.22229949783394395,1.4930189341781428,1.5069810658218572,2,11,6,1717.07,11,80.81,78.83,81.31,81.29,0.9697379751506949,1.4260902262246042,340,5.831882477283517,0.09090909090909091,1.9459101490553132,38,12,1514.77,31,79.87,84.25,74.43,75.32,1.1185608072225173,5.430920732251576,140,4.948759890378168,0.02631578947368421,2.5649493574615367,0.9399999999999977,-5.420000000000002,6.8799999999999955,5.970000000000013,200,0.0645933014354067,-0.6190392084062235,1.0,1.8,0.3,0.31097560975609756,0.9,1.6,0.35,0.3814102564102564,1.6,2.8,0.2,0.22580645161290325,1.3,2.6,0.3,0.24590163934426226,H,2,1,1,3
2020-10-11,France,Portugal,False,UEFA Nations League,0.7,2024.6,2013.3,11.299999999999955,0.6549103916826584,0.3450896083173416,-0.5,-0.050000000000000044,-0.5808823529411766,-2.0,0.4,0.40558374905204325,0.360087188488819,0.4143726567035472,0.5524896618112443,0.38990068917956894,4,1,16,1877.32,1,84.99,86.44,82.82,84.39,1.024291977722479,1.815296119094625,1280,7.155396301896734,1.0,2.833213344056216,5,8,1763.83,5,83.74,82.45,86.12,82.24,1.0025535019455254,2.182025053323941,850,6.7464121285733745,0.2,2.1972245773362196,1.25,3.989999999999995,-3.3000000000000114,2.1500000000000057,430,0.8,0.6359887667199966,2.6,0.6,1.0,1.0,2.0,1.0,0.75,0.7094594594594594,0.6,1.0,0.5,0.41911764705882343,1.2,0.9,0.7,0.6900000000000001,D,0,0,0,0
2020-10-12,Ghana,Qatar,True,Friendly,0.3,1706.7,1653.8,52.90000000000009,0.575546332283509,0.42445366771649096,0.5666666666666667,0.21666666666666662,0.47466039707419017,0.4,-1.4666666666666668,0.5289618029967917,0.47103819700320826,0.23551909850160413,5.0,1.0,1,74,4,1346.0,45,75.83,76.81,77.55,73.19,1.0494603087853533,2.3331523739353166,130,4.875197323201151,0.013513513513513514,1.6094379124341003,55,1,1454.0,38,72.65,75.52,71.59,70.64,1.0690826727066818,2.587205699849418,18,2.9444389791664403,0.01818181818181818,0.6931471805599453,3.1799999999999926,1.2900000000000063,5.959999999999994,2.549999999999997,112,-0.004668304668304667,0.916290731874155,0.6,1.8,0.1,0.12878787878787878,1.1,1.2,0.45,0.5464285714285715,1.0,0.3333333333333333,0.6666666666666666,0.603448275862069,1.0,0.3333333333333333,0.6666666666666666,0.603448275862069,H,5,1,4,6
2020-10-13,Germany,Switzerland,False,UEFA Nations League,0.7,1855.3,1843.6,11.700000000000045,0.655430596509133,0.34456940349086695,0.09999999999999998,0.09999999999999998,0.048387096774193505,0.19999999999999996,0.3999999999999999,0.502515200902193,0.3080101438110223,0.34347972719229586,2.717094577100994,2.210544228681239,4,10,20,1731.3,10,83.78,84.42,84.51,82.18,1.0272572402044293,1.3200126262022376,850,6.7464121285733745,0.1,3.044522437723423,19,12,1650.75,18,79.03,79.12,77.93,79.65,0.9933458882611425,0.8808518604169482,280,5.638354669333745,0.05263157894736842,2.5649493574615367,4.75,5.299999999999997,6.579999999999998,2.530000000000001,570,0.04736842105263159,0.4795730802618863,1.6,1.6,0.4,0.4516129032258065,1.0,1.4,0.25,0.29687499999999994,1.8,2.0,0.5,0.5,1.2,1.9,0.35,0.33333333333333337,D,3,3,0,6
2020-10-13,Japan,Ivory Coast,True,Friendly,0.3,1785.0,1703.7,81.29999999999995,0.6149103735970832,0.3850896264029168,-0.29999999999999993,0.0,-0.21842650103519679,-0.19999999999999996,0.5999999999999999,0.5289842211815532,0.4710157788184469,0.23550788940922346,1.0,0.0,1,18,7,1661.58,17,76.86,73.58,78.41,76.46,0.9623332461417735,2.4298765400735887,290,5.673323267171493,0.05555555555555555,2.0794415416798357,34,3,1532.98,30,78.81,77.58,80.29,78.73,0.9853931157119268,1.3601593043953875,145,4.983606621708336,0.029411764705882353,1.3862943611198906,-1.9500000000000028,-4.0,-1.8800000000000097,-2.2700000000000102,145,0.0261437908496732,0.6931471805599452,1.4,0.8,0.7,0.5952380952380953,1.4,0.8,0.7,0.5952380952380953,1.2,1.4,0.4,0.37681159420289856,1.9,1.1,0.7,0.6884057971014493,H,1,0,1,1
2020-10-13,Mexico,Algeria,True,Friendly,0.3,1875.1,1743.4,131.69999999999982,0.6809467607243662,0.3190532392756338,0.0,0.30000000000000004,0.049206349206349254,1.0,0.6,0.4710157788184469,0.4710157788184469,0.2934763317723297,2.0,2.0,1,15,17,1684.13,14,77.71,79.23,77.3,75.4,1.0507957559681698,1.9150195821453098,230,5.442417710521793,0.06666666666666667,2.8903717578961645,28,4,1564.26,26,77.52,79.27,75.35,77.16,1.02734577501296,1.9619123323940861,160,5.081404364984463,0.03571428571428571,1.6094379124341003,0.18999999999999773,-0.03999999999999204,1.9500000000000028,-1.759999999999991,70,0.030952380952380953,1.2809338454620642,1.0,0.4,0.8,0.8174603174603174,0.9,1.2,0.5,0.6182795698924732,2.0,1.0,0.8,0.8666666666666667,2.1,1.2,0.8,0.8588235294117648,D,2,2,0,4
2020-10-13,Morocco,DR Congo,False,Friendly,0.3,1739.9,1602.7,137.20000000000005,0.7966412773543764,0.2033587226456236,0.44999999999999996,0.3125,0.6271409749670619,0.5,-0.9,0.4203954651891094,0.3531211026072151,0.40304398350728304,1.6870390891006135,1.0,4,8,6,1756.21,8,80.56,78.97,78.23,82.18,0.9609394013141883,2.0997698286558326,310,5.739792912179234,0.125,1.9459101490553132,46,1,1478.35,36,74.39,76.91,71.1,74.48,1.032626208378088,2.9179159229376954,65,4.189654742026425,0.021739130434782608,0.6931471805599453,6.170000000000002,2.0600000000000023,7.13000000000001,7.700000000000003,245,0.10326086956521739,1.252762968495368,0.5,1.5,0.25,0.13043478260869565,0.5,1.5,0.25,0.13043478260869565,1.0,0.6,0.7,0.7575757575757576,0.875,0.625,0.5625,0.5,D,1,1,0,2
2020-10-13,Ecuador,Uruguay,False,FIFA World Cup qualification,1.0,1666.6,1890.9,-224.30000000000018,0.32837843684693463,0.6716215631530653,-0.5,-0.21250000000000002,-0.5,-1.2,2.2,0.4616708307609629,0.4050741192667114,0.29604616866930344,1.0099795076250166,0.9642407820992716,5,23,4,1596.48,21,79.42,73.4,81.21,78.83,0.9311175948243056,4.003028020553102,220,5.3981627015177525,0.043478260869565216,1.6094379124341003,17,14,1673.07,16,82.26,82.38,83.75,80.54,1.0228457909113482,1.6107244746800498,270,5.602118820879701,0.058823529411764705,2.70805020110221,-2.8400000000000034,-8.97999999999999,-2.5400000000000063,-1.710000000000008,-50,-0.015345268542199489,-1.0986122886681098,2.0,0.8,0.6,0.6634615384615385,1.8,1.4,0.4,0.4090909090909091,0.8,3.0,0.1,0.1634615384615385,1.125,2.625,0.1875,0.20714285714285716,H,4,2,2,6
2020-10-14,Portugal,Sweden,False,UEFA Nations League,0.7,2021.1,1750.3,270.79999999999995,0.894211109756674,0.10578889024332605,0.7,0.5,0.7364230298080849,1.6,-1.2000000000000002,0.6135657399223374,0.3864342600776626,0.1932171300388313,3.970510556129515,1.17396614079818,3,5,8,1763.83,5,83.74,82.45,86.12,82.24,1.0025535019455254,2.182025053323941,850,6.7464121285733745,0.2,2.1972245773362196,38,12,1514.77,31,79.87,84.25,74.43,75.32,1.1185608072225173,5.430920732251576,140,4.948759890378168,0.02631578947368421,2.5649493574615367,3.8699999999999903,-1.7999999999999972,11.689999999999998,6.920000000000002,710,0.1736842105263158,-0.3677247801253172,0.4,1.6,0.2,0.2151898734177215,0.8,1.8,0.25,0.2633333333333333,2.0,0.4,0.9,0.9516129032258065,1.7,0.7,0.75,0.7313432835820897,H,3,0,3,3
2020-10-14,Croatia,France,False,UEFA Nations League,0.7,1879.1,2016.9,-137.80000000000018,0.4458150511354006,0.5541849488645993,-0.49999999999999994,-0.29999999999999993,-0.5138888888888887,0.0,1.6,0.4580602810197889,0.4865714400984966,0.19267510080111355,1.110351672845078,1.2853513340659828,7,11,6,1717.07,11,80.81,78.83,81.31,81.29,0.9697379751506949,1.4260902262246042,340,5.831882477283517,0.09090909090909091,1.9459101490553132,1,16,1877.32,1,84.99,86.44,82.82,84.39,1.024291977722479,1.815296119094625,1280,7.155396301896734,1.0,2.833213344056216,-4.179999999999993,-7.609999999999999,-1.509999999999991,-3.0999999999999943,-940,-0.9090909090909091,-0.8873031950009029,1.4,1.0,0.7,0.6249999999999999,1.5,1.1,0.7,0.6770833333333334,1.4,2.6,0.2,0.11111111111111112,1.3,2.3,0.4,0.3333333333333333,A,1,2,-1,3
2020-10-14,Scotland,Czech Republic,False,UEFA Nations League,0.7,1628.1,1677.9,-49.80000000000018,0.5717450376941593,0.4282549623058407,-0.2,-0.2,-0.3269230769230769,-0.39999999999999997,0.0,0.5192801791227016,0.4807198208772983,0.20893936645447794,0.9213924287643002,1.069227031072738,3,43,7,1499.92,34,77.5,73.76,79.29,77.16,0.9559357179885952,2.7891994072373767,135,4.912654885736052,0.023255813953488372,2.0794415416798357,41,9,1503.04,33,,,,,,,95,4.564348191467836,0.024390243902439025,2.302585092994046,,,,,40,-0.0011344299489506535,-0.22314355131421015,0.6,3.0,0.2,0.3269230769230769,0.6,3.0,0.2,0.3269230769230769,0.2,3.0,0.0,0.0,0.2,3.0,0.0,0.0,H,1,0,1,1
2020-11-11,Belgium,Switzerland,False,Friendly,0.3,1975.1,1851.4,123.69999999999982,0.7837611463942795,0.21623885360572048,0.39999999999999997,0.49999999999999994,0.4408602150537634,1.6,0.0,0.5273871150948268,0.4726128849051732,0.22094186212558098,2.0,2.057506189378476,3,9,13,1734.71,9,82.71,82.46,84.06,79.53,1.0368414434804476,2.2973100211624318,600,6.398594934535208,0.1111111111111111,2.6390573296152584,19,12,1650.75,18,79.03,79.12,77.93,79.65,0.9933458882611425,0.8808518604169482,280,5.638354669333745,0.05263157894736842,2.5649493574615367,3.6799999999999926,3.339999999999989,6.1299999999999955,-0.12000000000000455,320,0.05847953216374269,0.07410797215372167,0.6,1.4,0.2,0.22580645161290325,0.9,1.4,0.2,0.22950819672131148,2.2,1.4,0.6,0.6666666666666666,2.1,1.0,0.7,0.7142857142857144,H,2,1,1,3
2020-11-11,Germany,Czech Republic,False,Friendly,0.3,1847.5,1656.5,191.0,0.8422586724704255,0.15774132752957448,0.2,0.23333333333333336,0.06754385964912285,1.0,-0.7999999999999998,0.5296414736747386,0.47035852632526154,0.23517926316263077,1.0,0.0,1,10,20,1731.3,10,83.78,84.42,84.51,82.18,1.0272572402044293,1.3200126262022376,850,6.7464121285733745,0.1,3.044522437723423,41,9,1503.04,33,,,,,,,95,4.564348191467836,0.024390243902439025,2.302585092994046,,,,,755,0.07560975609756099,0.7419373447293771,0.8,3.0,0.2,0.2833333333333333,0.6666666666666666,2.8333333333333335,0.16666666666666666,0.25757575757575757,1.8,2.2,0.4,0.3508771929824562,1.5,2.0,0.4,0.3923076923076923,H,1,0,1,1
2020-11-11,Netherlands,Spain,False,Friendly,0.3,1966.9,2018.9,-52.0,0.5686413918836677,0.4313586081163323,-0.19999999999999996,-0.09999999999999998,-0.16383595691797848,0.6000000000000001,1.0,0.3270485601964714,0.3270485601964714,0.509427159705293,2.3217909445272134,2.3217909445272134,3,7,10,1757.87,7,83.2,80.93,83.63,84.01,0.963337697893108,1.6793252613276926,720,6.580639137284949,0.14285714285714285,2.3978952727983707,2,16,1876.4,2,84.31,84.06,85.96,81.55,1.030778663396689,2.2120201927951126,920,6.825460036255307,0.5,2.833213344056216,-1.1099999999999994,-3.1299999999999955,-2.3299999999999983,2.460000000000008,-200,-0.35714285714285715,-0.4353180712578455,1.2,0.6,0.6,0.6197183098591549,1.9,1.0,0.6,0.5955882352941176,1.8,1.6,0.4,0.4558823529411764,1.8,1.3,0.5,0.5307692307692308,D,1,1,0,2
2020-11-11,Turkey,Croatia,False,Friendly,0.3,1867.5,1856.8,10.700000000000045,0.6541293886743461,0.3458706113256539,0.19999999999999996,0.2375,0.2046296296296296,-0.6000000000000001,-2.0,0.48497902815812105,0.4680832244383714,0.23314280876451204,0.9929555269285556,1.3016684894192005,3,22,2,1599.04,20,80.6,73.08,82.57,79.88,0.9148723084626941,4.891083724492965,460,6.133398042996649,0.045454545454545456,1.0986122886681098,11,6,1717.07,11,80.81,78.83,81.31,81.29,0.9697379751506949,1.4260902262246042,340,5.831882477283517,0.09090909090909091,1.9459101490553132,-0.21000000000000796,-5.75,1.259999999999991,-1.4100000000000108,120,-0.045454545454545456,-0.8472978603872034,1.6,2.4,0.4,0.37037037037037035,1.4,2.3,0.45,0.4051724137931035,1.0,0.4,0.6,0.575,1.5,0.875,0.6875,0.6686046511627907,D,3,3,0,6
2020-11-12,Bosnia and Herzegovina,Iran,False,Friendly,0.3,1742.6,1725.4,17.199999999999818,0.6625452504655654,0.33745474953443455,0.19999999999999996,0.04999999999999999,0.38702239789196313,0.0,-0.9999999999999999,0.4703356151667222,0.5296643848332778,0.2351678075833611,0.0,2.0,1,65,1,1385.0,43,,,,,,,70,4.2626798770413155,0.015384615384615385,0.6931471805599453,21,6,1616.04,19,75.74,78.83,74.88,72.88,1.0816410537870473,3.0277879714405382,75,4.330733340286331,0.047619047619047616,1.9459101490553132,,,,,-5,-0.03223443223443223,-1.252762968495368,0.8,1.4,0.4,0.26515151515151514,0.8,1.1,0.45,0.38768115942028986,0.8,0.4,0.6,0.6521739130434783,0.5,0.375,0.5,0.5625000000000001,A,0,2,-2,2
2020-11-12,Jordan,Iraq,True,Friendly,0.3,1561.2,1644.6,-83.39999999999986,0.38223111131221427,0.6177688886877857,0.09999999999999998,0.02777777777777779,0.18181818181818188,0.9999999999999999,0.5999999999999999,0.48312904626075825,0.3788465890372518,0.2645051049517858,0.8043609285925262,0.5932957525333444,5,63,0,1391.0,42,70.24,72.37,69.09,67.57,1.0710374426520648,2.453188401516149,20,3.044522437723423,0.015873015873015872,0.0,57,1,1447.0,39,70.2,71.16,69.09,70.18,1.013964092333998,1.0354870029765348,15,2.772588722239781,0.017543859649122806,0.6931471805599453,0.03999999999999204,1.210000000000008,0.0,-2.6100000000000136,5,-0.001670843776106934,-0.6931471805599453,0.4,0.8,0.4,0.4772727272727273,1.0,1.4444444444444444,0.3888888888888889,0.44999999999999996,1.4,1.4,0.5,0.6590909090909092,1.3333333333333333,1.5,0.4166666666666667,0.58,D,0,0,0,0
2020-11-12,Argentina,Paraguay,False,FIFA World Cup qualification,1.0,1920.2,1702.1,218.10000000000014,0.861896381612048,0.13810361838795204,0.4,0.35000000000000003,0.46969696969696967,2.0,-0.19999999999999996,0.4476130605859152,0.43713439749280586,0.2692281266756188,0.8674879792398645,0.8402067324176327,6,3,18,1874.81,3,84.24,84.97,83.57,83.76,1.0144460362941738,0.7594076639065482,570,6.3473892096560105,0.3333333333333333,2.9444389791664403,40,8,1503.5,32,74.7,74.93,75.23,74.05,1.011883862255233,0.6132971003790402,100,4.61512051684126,0.025,2.1972245773362196,9.539999999999992,10.039999999999992,8.33999999999999,9.710000000000008,470,0.3083333333333333,0.7472144018302207,1.0,1.2,0.4,0.34848484848484845,1.2,1.8,0.3,0.32242990654205606,3.0,1.0,0.8,0.8181818181818181,1.9,1.0,0.65,0.5467289719626169,D,1,1,0,2
2020-11-13,Colombia,Uruguay,False,FIFA World Cup qualification,1.0,1939.1,1850.6,88.5,0.7474566182778508,0.2525433817221492,0.0,0.24999999999999994,0.13598901098901106,-1.2,0.0,0.3887742576464622,0.4362144022899572,0.3160822300408531,1.1799107006208922,1.4522853729453333,6,13,6,1693.09,12,79.68,82.37,79.35,78.43,1.0502358791278847,2.0611647192788847,380,5.942799375126701,0.07692307692307693,1.9459101490553132,17,14,1673.07,16,82.26,82.38,83.75,80.54,1.0228457909113482,1.6107244746800498,270,5.602118820879701,0.058823529411764705,2.70805020110221,-2.5799999999999983,-0.009999999999990905,-4.400000000000006,-2.1099999999999994,110,0.018099547511312222,-0.7621400520468968,2.4,1.0,0.7,0.7211538461538461,2.0,1.4,0.45,0.5117647058823529,1.2,1.0,0.7,0.8571428571428572,1.5,0.9,0.7,0.8125000000000001,A,0,3,-3,3
2020-11-13,Japan,Panama,True,Friendly,0.3,1792.7,1516.0,276.70000000000005,0.8310115378941302,0.16898846210586982,0.30000000000000004,0.5,0.3512295081967213,0.6,-1.2000000000000002,0.5441501315164268,0.45584986848357323,0.22792493424178661,1.6965210608648935,0.0,2,18,7,1661.58,17,76.86,73.58,78.41,76.46,0.9623332461417735,2.4298765400735887,290,5.673323267171493,0.05555555555555555,2.0794415416798357,33,1,1540.64,29,71.68,71.04,71.68,72.16,0.984478935698448,0.5619015334854749,55,4.02535169073515,0.030303030303030304,0.6931471805599453,5.179999999999993,2.539999999999992,6.72999999999999,4.299999999999997,235,0.02525252525252525,1.3862943611198904,0.4,2.2,0.1,0.075,0.6,2.3,0.1,0.06896551724137931,1.0,1.0,0.4,0.4262295081967213,1.6,1.2,0.6,0.6231884057971014,H,1,0,1,1
2020-11-14,Portugal,France,False,UEFA Nations League,0.7,2030.3,2039.2,-8.900000000000091,0.6281792692829272,0.3718207307170728,0.20000000000000007,0.04999999999999993,0.26634125636672334,0.19999999999999996,-0.8,0.360087188488819,0.40558374905204325,0.4143726567035472,0.38990068917956894,0.5524896618112443,4,5,8,1763.83,5,83.74,82.45,86.12,82.24,1.0025535019455254,2.182025053323941,850,6.7464121285733745,0.2,2.1972245773362196,1,16,1877.32,1,84.99,86.44,82.82,84.39,1.024291977722479,1.815296119094625,1280,7.155396301896734,1.0,2.833213344056216,-1.25,-3.989999999999995,3.3000000000000114,-2.1500000000000057,-430,-0.8,-0.6359887667199966,1.2,1.0,0.6,0.5723684210526315,1.1,0.9,0.65,0.6123188405797101,1.4,0.2,0.8,0.8387096774193549,1.6,0.7,0.7,0.6640625,A,0,1,-1,1
2020-11-14,Sweden,Croatia,False,UEFA Nations League,0.7,1741.0,1859.9,-118.90000000000009,0.4728275112884584,0.5271724887115417,-0.2,-0.2,-0.09889643463497458,-1.0,-1.0,0.5007735161156789,0.4992264838843211,0.22229949783394395,1.5069810658218572,1.4930189341781428,2,38,12,1514.77,31,79.87,84.25,74.43,75.32,1.1185608072225173,5.430920732251576,140,4.948759890378168,0.02631578947368421,2.5649493574615367,11,6,1717.07,11,80.81,78.83,81.31,81.29,0.9697379751506949,1.4260902262246042,340,5.831882477283517,0.09090909090909091,1.9459101490553132,-0.9399999999999977,5.420000000000002,-6.8799999999999955,-5.970000000000013,-200,-0.0645933014354067,0.6190392084062235,1.6,2.4,0.4,0.32258064516129037,1.5,1.9,0.45,0.4051724137931033,0.6,1.4,0.2,0.2236842105263158,0.9,1.8,0.25,0.2743055555555556,H,2,1,1,3
2020-11-14,Switzerland,Spain,False,UEFA Nations League,0.7,1847.1,2020.2,-173.10000000000014,0.3963259489134354,0.6036740510865646,-0.3,-0.35,-0.2642314990512335,0.19999999999999996,0.7999999999999999,0.32964572577711,0.5786596313455927,0.22671930076496968,1.1859465471253519,2.193662499498587,8,19,12,1650.75,18,79.03,79.12,77.93,79.65,0.9933458882611425,0.8808518604169482,280,5.638354669333745,0.05263157894736842,2.5649493574615367,2,16,1876.4,2,84.31,84.06,85.96,81.55,1.030778663396689,2.2120201927951126,920,6.825460036255307,0.5,2.833213344056216,-5.280000000000001,-4.939999999999998,-8.029999999999987,-1.8999999999999915,-640,-0.4473684210526316,-0.2682639865946794,0.8,0.6,0.6,0.6029411764705883,1.4,1.0,0.6,0.5955882352941176,1.0,1.4,0.3,0.3387096774193548,1.2,1.6,0.25,0.3017241379310344,D,1,1,0,2
2020-11-14,Mexico,South Korea,True,Friendly,0.3,1871.5,1751.7,119.79999999999995,0.665883330822358,0.33411666917764204,0.30000000000000004,0.30000000000000004,0.4841463414634147,1.2,-0.19999999999999996,0.43606624108241454,0.36708071119873126,0.3803934033182199,2.174467467157569,1.91496589102882,3,15,17,1684.13,14,77.71,79.23,77.3,75.4,1.0507957559681698,1.9150195821453098,230,5.442417710521793,0.06666666666666667,2.8903717578961645,25,10,1589.65,23,80.06,83.51,76.56,79.68,1.048067269076305,3.481039116892159,210,5.351858133476067,0.04,2.3978952727983707,-2.3500000000000085,-4.280000000000001,0.7399999999999949,-4.280000000000001,20,0.026666666666666665,0.49247648509779385,0.8,1.2,0.5,0.3658536585365854,1.3,1.0,0.6,0.5070422535211268,2.0,1.0,0.8,0.8500000000000001,2.2,1.0,0.9,0.9294117647058824,H,3,2,1,5
2020-11-15,Netherlands,Bosnia and Herzegovina,False,UEFA Nations League,0.7,1965.5,1722.7,242.79999999999995,0.8779667768411707,0.12203322315882925,0.0,0.050000000000000044,0.010541310541310578,1.2,0.8,0.4965881192814194,0.32602538288946675,0.34039918927384727,2.6086800979225813,1.256582089146477,4,7,10,1757.87,7,83.2,80.93,83.63,84.01,0.963337697893108,1.6793252613276926,720,6.580639137284949,0.14285714285714285,2.3978952727983707,65,1,1385.0,43,,,,,,,70,4.2626798770413155,0.015384615384615385,0.6931471805599453,,,,,650,0.12747252747252746,1.7047480922384253,0.2,0.2,0.5,0.574074074074074,0.4444444444444444,0.3333333333333333,0.5,0.5512820512820513,1.4,1.0,0.5,0.5846153846153845,1.7,1.1,0.55,0.5846153846153845,H,3,1,2,4
2020-11-15,Belgium,England,False,UEFA Nations League,0.7,1979.4,1914.5,64.90000000000009,0.7209624519475339,0.27903754805246606,0.0,0.0,0.04411764705882365,0.40000000000000013,0.40000000000000013,0.45986464946363814,0.41278377708726705,0.3111591824656085,1.7435506493019146,1.3031719351728415,5,9,13,1734.71,9,82.71,82.46,84.06,79.53,1.0368414434804476,2.2973100211624318,600,6.398594934535208,0.1111111111111111,2.6390573296152584,4,16,1825.97,4,84.06,85.32,85.54,81.18,1.0509977827050996,2.456203031781639,1300,7.170888478512505,0.25,2.833213344056216,-1.3500000000000085,-2.8599999999999994,-1.480000000000004,-1.6500000000000057,-700,-0.1388888888888889,-0.19415601444095776,1.8,1.2,0.5,0.49999999999999994,1.7,1.0,0.6,0.5461538461538463,2.2,1.6,0.5,0.5441176470588236,2.0,1.1,0.6,0.5970149253731343,H,2,0,2,2
2020-11-16,United States,Panama,True,Friendly,0.3,1712.4,1512.6,199.80000000000018,0.759536716614274,0.24046328338572598,0.3,0.35,0.3111111111111111,0.2,-1.2000000000000002,0.4516318132174868,0.48111021112847935,0.18724496445098837,1.6082991481938786,0.9701150733592296,9,16,11,1675.7,15,,,,,,,250,5.5254529391317835,0.0625,2.4849066497880004,33,1,1540.64,29,71.68,71.04,71.68,72.16,0.984478935698448,0.5619015334854749,55,4.02535169073515,0.030303030303030304,0.6931471805599453,,,,,195,0.032196969696969696,1.791759469228055,0.2,2.6,0.0,0.0,0.5,2.4,0.1,0.07692307692307691,0.4,1.4,0.3,0.3111111111111111,0.9,1.4,0.45,0.4625,H,6,2,4,8
2020-11-17,Uruguay,Brazil,False,FIFA World Cup qualification,1.0,1902.9,2042.9,-140.0,0.44268836623770724,0.5573116337622928,0.0,-0.35,-0.0954545454545454,1.2000000000000002,1.0,0.3763303763029415,0.3933071535448259,0.37471458895256066,0.8160399097644911,0.9625199960655055,6,17,14,1673.07,16,82.26,82.38,83.75,80.54,1.0228457909113482,1.6107244746800498,270,5.602118820879701,0.058823529411764705,2.70805020110221,6,22,1761.16,6,85.24,85.72,84.39,84.78,1.0110875206416607,0.6836909633257792,1000,6.90875477931522,0.16666666666666666,3.1354942159291497,-2.9799999999999898,-3.3400000000000034,-0.6400000000000006,-4.239999999999995,-730,-0.10784313725490195,-0.4274440148269396,1.0,0.8,0.5,0.5727272727272726,1.3,0.6,0.7,0.6988636363636364,2.2,1.8,0.5,0.47727272727272724,1.8,1.7,0.35,0.3787878787878788,A,0,2,-2,2
2020-11-17,Croatia,Portugal,False,UEFA Nations League,0.7,1833.6,1998.9,-165.30000000000018,0.4071168667203027,0.5928831332796973,-0.30000000000000004,-0.3,-0.41278375149342894,0.19999999999999996,2.0,0.39128636136944894,0.46961271652440323,0.28210080752260014,1.3306338753532294,1.6730627923106929,6,11,6,1717.07,11,80.81,78.83,81.31,81.29,0.9697379751506949,1.4260902262246042,340,5.831882477283517,0.09090909090909091,1.9459101490553132,5,8,1763.83,5,83.74,82.45,86.12,82.24,1.0025535019455254,2.182025053323941,850,6.7464121285733745,0.2,2.1972245773362196,-2.9299999999999926,-3.6200000000000045,-4.810000000000002,-0.9499999999999886,-510,-0.1090909090909091,-0.25131442828090633,1.8,0.2,0.8,0.8387096774193549,1.8,0.6,0.75,0.7295081967213115,2.0,2.2,0.5,0.42592592592592593,1.8,2.2,0.45,0.3981481481481481,A,2,3,-1,5
2020-11-17,France,Sweden,False,UEFA Nations League,0.7,2070.6,1767.4,303.1999999999998,0.9106018506239723,0.08939814937602775,0.7000000000000001,0.44999999999999996,0.6712328767123287,1.2000000000000002,-1.0,0.5547540472083565,0.4452459527916434,0.2226229763958217,2.5449557317220437,1.0299704878146958,2,1,16,1877.32,1,84.99,86.44,82.82,84.39,1.024291977722479,1.815296119094625,1280,7.155396301896734,1.0,2.833213344056216,38,12,1514.77,31,79.87,84.25,74.43,75.32,1.1185608072225173,5.430920732251576,140,4.948759890378168,0.02631578947368421,2.5649493574615367,5.11999999999999,2.1899999999999977,8.389999999999986,9.070000000000007,1140,0.9736842105263158,0.2682639865946794,0.4,1.8,0.1,0.11643835616438354,0.9,1.9,0.25,0.2598684210526316,1.6,0.8,0.8,0.7876712328767123,1.3,1.0,0.7,0.6630434782608695,H,4,2,2,6
2020-11-17,Spain,Germany,False,UEFA Nations League,0.7,2015.0,1850.7,164.29999999999995,0.8207494149484809,0.17925058505151914,0.09999999999999998,0.25,0.1228070175438597,-1.2,-1.4,0.5161855759343266,0.34342522268262676,0.31210181272435994,2.1073109350397194,0.8610938684703567,5,2,16,1876.4,2,84.31,84.06,85.96,81.55,1.030778663396689,2.2120201927951126,920,6.825460036255307,0.5,2.833213344056216,10,20,1731.3,10,83.78,84.42,84.51,82.18,1.0272572402044293,1.3200126262022376,850,6.7464121285733745,0.1,3.044522437723423,0.5300000000000011,-0.35999999999999943,1.4499999999999886,-0.6300000000000097,70,0.4,-0.21130909366720685,2.0,2.0,0.5,0.5,1.8,2.3,0.4,0.3923076923076923,0.8,0.6,0.6,0.6228070175438597,1.3,0.8,0.65,0.65625,H,6,0,6,6
2020-11-17,Japan,Mexico,True,Friendly,0.3,1796.1,1878.2,-82.10000000000014,0.3839997210221177,0.6160002789778822,-0.09999999999999998,-0.25,-0.22327586206896555,-0.6000000000000001,-0.5999999999999999,0.375712858227493,0.4233008178975366,0.38884275298871696,0.0,0.3828872318678606,2,18,7,1661.58,17,76.86,73.58,78.41,76.46,0.9623332461417735,2.4298765400735887,290,5.673323267171493,0.05555555555555555,2.0794415416798357,15,17,1684.13,14,77.71,79.23,77.3,75.4,1.0507957559681698,1.9150195821453098,230,5.442417710521793,0.06666666666666667,2.8903717578961645,-0.8499999999999943,-5.650000000000006,1.1099999999999994,1.059999999999988,60,-0.011111111111111113,-0.8109302162163288,1.8,1.4,0.7,0.775,2.0,1.0,0.85,0.8941176470588236,1.2,0.8,0.6,0.5517241379310345,1.3,0.9,0.6,0.6148148148148147,A,0,2,-2,2
2020-11-17,South Korea,Qatar,True,Friendly,0.3,1745.0,1637.8,107.20000000000005,0.6495570640274513,0.3504429359725487,0.6,0.14999999999999997,0.6040843214756259,0.4,-0.6000000000000001,0.5120727010674628,0.4879272989325371,0.22725245263393185,1.2653626976390284,1.0,2,25,10,1589.65,23,80.06,83.51,76.56,79.68,1.048067269076305,3.481039116892159,210,5.351858133476067,0.04,2.3978952727983707,55,1,1454.0,38,72.65,75.52,71.59,70.64,1.0690826727066818,2.587205699849418,18,2.9444389791664403,0.01818181818181818,0.6931471805599453,7.409999999999997,7.990000000000009,4.969999999999999,9.040000000000006,192,0.02181818181818182,1.7047480922384253,0.6,1.6,0.1,0.12318840579710144,1.0,1.1,0.45,0.5349650349650349,1.0,1.0,0.7,0.7272727272727273,1.2,0.9,0.6,0.527027027027027,H,2,1,1,3
2020-11-17,Uzbekistan,Iraq,True,Friendly,0.3,1469.3,1642.2,-172.9000000000001,0.2698679965917936,0.7301320034082064,-0.3,-0.25,-0.37748171368861017,-0.20000000000000007,0.3999999999999999,0.42437018791633313,0.5380272858306049,0.24978762021122852,0.3553553649034617,1.1067594394536968,3,50,0,1465.34,37,72.62,72.67,74.08,70.68,1.02815506508206,1.7082251998297293,40,3.713572066704308,0.02,0.0,57,1,1447.0,39,70.2,71.16,69.09,70.18,1.013964092333998,1.0354870029765348,15,2.772588722239781,0.017543859649122806,0.6931471805599453,2.4200000000000017,1.5100000000000051,4.989999999999995,0.5,25,0.0024561403508771944,-0.6931471805599453,0.8,1.0,0.5,0.5517241379310344,1.1,1.4,0.45,0.5,0.6,1.4,0.2,0.17424242424242423,0.5,1.6,0.2,0.18229166666666669,A,1,2,-1,3
2020-11-17,Ecuador,Colombia,False,FIFA World Cup qualification,1.0,1706.9,1886.8,-179.89999999999986,0.3869997320668045,0.6130002679331955,-0.6,-0.5833333333333334,-0.6981351981351982,-0.6,1.6,0.4745458377831048,0.3814402652440116,0.2973029259873447,0.9360994670951664,0.2939002701221679,6,23,4,1596.48,21,79.42,73.4,81.21,78.83,0.9311175948243056,4.003028020553102,220,5.3981627015177525,0.043478260869565216,1.6094379124341003,13,6,1693.09,12,79.68,82.37,79.35,78.43,1.0502358791278847,2.0611647192788847,380,5.942799375126701,0.07692307692307693,1.9459101490553132,-0.2600000000000051,-8.969999999999999,1.8599999999999994,0.3999999999999915,-160,-0.03344481605351171,-0.33647223662121295,1.0,1.0,0.7,0.826923076923077,1.6,0.9,0.75,0.8437500000000001,0.4,2.6,0.1,0.12878787878787878,1.0,2.4444444444444446,0.16666666666666666,0.1611111111111111,H,6,1,5,7
2020-11-18,Austria,Norway,False,UEFA Nations League,0.7,1751.6,1737.1,14.5,0.659061553616965,0.34093844638303505,0.0,-0.08333333333333337,-0.01263219741480609,-0.5999999999999999,-0.3999999999999999,0.5006028632737305,0.45786119648436635,0.20536702763907602,2.667072598146333,1.3777436019476614,4,24,7,1593.45,22,78.91,78.39,79.48,78.32,1.0008937691521962,0.6504613747179809,195,5.278114659230517,0.041666666666666664,2.0794415416798357,31,3,1550.94,28,82.05,84.71,81.34,77.67,1.0906398867001414,3.521065179743194,320,5.771441123130016,0.03225806451612903,1.3862943611198906,-3.1400000000000006,-6.319999999999993,-1.8599999999999994,0.6499999999999915,-125,0.009408602150537633,0.6931471805599452,1.4,1.4,0.5,0.42567567567567566,1.8333333333333333,1.3333333333333333,0.5833333333333334,0.46875,0.8,1.0,0.5,0.41304347826086957,0.8,1.0,0.5,0.41304347826086957,D,1,1,0,2
2021-02-15,Jordan,Uzbekistan,True,Friendly,0.3,1563.5,1463.9,99.59999999999991,0.6395343552095345,0.3604656447904655,0.2,0.15714285714285714,0.23918495297805645,0.6,0.0,0.4245576108221538,0.4137867238598924,0.3437194916648313,0.667133077404574,0.36548328008354825,3,63,0,1391.0,42,70.24,72.37,69.09,67.57,1.0710374426520648,2.453188401516149,20,3.044522437723423,0.015873015873015872,0.0,50,0,1465.34,37,72.62,72.67,74.08,70.68,1.02815506508206,1.7082251998297293,40,3.713572066704308,0.02,0.0,-2.3800000000000097,-0.29999999999999716,-4.989999999999995,-3.1100000000000136,-20,-0.004126984126984128,0.0,0.6,1.4,0.2,0.20909090909090908,0.6,1.7,0.2,0.18229166666666669,1.2,1.4,0.4,0.4482758620689655,1.1428571428571428,1.4285714285714286,0.35714285714285715,0.41428571428571426,A,0,2,-2,2
2021-03-24,Turkey,Netherlands,False,FIFA World Cup qualification,1.0,1864.5,1974.6,-110.09999999999991,0.4854690246141657,0.5145309753858343,0.19999999999999996,0.16666666666666663,0.10131578947368414,0.6000000000000001,0.0,0.42582370398063285,0.574176296019367,0.18666876836216886,1.6215673440133564,2.9505993298363133,3,22,2,1599.04,20,80.6,73.08,82.57,79.88,0.9148723084626941,4.891083724492965,460,6.133398042996649,0.045454545454545456,1.0986122886681098,7,10,1757.87,7,83.2,80.93,83.63,84.01,0.963337697893108,1.6793252613276926,720,6.580639137284949,0.14285714285714285,2.3978952727983707,-2.6000000000000085,-7.8500000000000085,-1.0600000000000023,-4.13000000000001,-260,-0.0974025974025974,-1.2992829841302609,1.0,1.0,0.4,0.4736842105263158,1.5,1.2,0.5,0.5327868852459017,1.6,1.0,0.6,0.575,1.6666666666666667,1.1111111111111112,0.6666666666666666,0.6576086956521738,H,4,2,2,6
2021-03-25,Japan,South Korea,False,Friendly,0.3,1784.6,1752.1,32.5,0.6819464372432311,0.3180535627567689,0.19999999999999996,0.04999999999999993,0.08220502901353988,0.0,-0.9999999999999999,0.5520518512974079,0.44794814870259214,0.20431994030127815,2.354615530945731,0.21512815635142313,3,18,7,1661.58,17,76.86,73.58,78.41,76.46,0.9623332461417735,2.4298765400735887,290,5.673323267171493,0.05555555555555555,2.0794415416798357,25,10,1589.65,23,80.06,83.51,76.56,79.68,1.048067269076305,3.481039116892159,210,5.351858133476067,0.04,2.3978952727983707,-3.200000000000003,-9.930000000000007,1.8499999999999943,-3.220000000000013,80,0.015555555555555552,-0.3184537311185349,1.0,1.4,0.5,0.5454545454545454,1.2,1.0,0.55,0.48648648648648646,1.0,0.4,0.7,0.6276595744680853,1.2,0.8,0.6,0.5806451612903226,H,3,0,3,3
2021-03-25,Scotland,Austria,False,FIFA World Cup qualification,1.0,1649.5,1743.6,-94.09999999999991,0.5084899664521774,0.49151003354782263,-0.3,-0.41666666666666674,-0.2666666666666667,-0.20000000000000007,2.0,0.4659052685643783,0.401208331145633,0.33349056586280523,1.6725587381557556,1.3451174763115115,3,43,7,1499.92,34,77.5,73.76,79.29,77.16,0.9559357179885952,2.7891994072373767,135,4.912654885736052,0.023255813953488372,2.0794415416798357,24,7,1593.45,22,78.91,78.39,79.48,78.32,1.0008937691521962,0.6504613747179809,195,5.278114659230517,0.041666666666666664,2.0794415416798357,-1.4099999999999966,-4.6299999999999955,-0.18999999999999773,-1.1599999999999966,-60,-0.018410852713178293,0.0,0.8,1.0,0.5,0.5,1.0,1.0,0.5833333333333334,0.5499999999999999,0.6,3.0,0.2,0.2333333333333333,0.5,2.6666666666666665,0.16666666666666666,0.21212121212121213,D,2,2,0,4
2021-03-25,South Africa,Ghana,False,African Cup of Nations qualification,0.85,1576.7,1722.7,-146.0,0.43418479693076684,0.5658152030692332,-0.35,-0.35,-0.38492063492063505,-0.85,0.35,0.43841577755174643,0.47728336478498845,0.27309043607498557,0.4654547234918732,0.7684577715739206,5,60,3,1429.0,40,71.74,72.79,72.69,69.92,1.0410469107551488,1.6288953311984171,35,3.58351893845611,0.016666666666666666,1.3862943611198906,74,4,1346.0,45,75.83,76.81,77.55,73.19,1.0494603087853533,2.3331523739353166,130,4.875197323201151,0.013513513513513514,1.6094379124341003,-4.090000000000003,-4.019999999999996,-4.859999999999999,-3.269999999999996,-95,0.003153153153153152,-0.2231435513142097,1.25,0.25,0.75,0.7500000000000001,1.25,0.25,0.75,0.7500000000000001,0.4,0.6,0.4,0.36507936507936506,0.4,0.6,0.4,0.36507936507936506,D,1,1,0,2
2021-03-27,Czech Republic,Belgium,False,FIFA World Cup qualification,1.0,1653.3,2000.4,-347.10000000000014,0.19428218037914238,0.8057178196208576,-0.49999999999999994,-0.5571428571428572,-0.4666666666666667,-1.4000000000000001,1.5999999999999999,0.43441925525074787,0.5043566462196103,0.27843372615501577,0.46678410533253384,2.066431789334932,2,41,9,1503.04,33,,,,,,,95,4.564348191467836,0.024390243902439025,2.302585092994046,9,13,1734.71,9,82.71,82.46,84.06,79.53,1.0368414434804476,2.2973100211624318,600,6.398594934535208,0.1111111111111111,2.6390573296152584,,,,,-505,-0.08672086720867209,-0.3364722366212125,2.2,0.8,0.7,0.7166666666666667,2.2,1.1,0.7,0.7166666666666667,0.8,2.4,0.2,0.24999999999999997,0.5714285714285714,2.5714285714285716,0.14285714285714285,0.2125,D,1,1,0,2
2021-03-27,Norway,Turkey,True,FIFA World Cup qualification,1.0,1745.0,1895.3,-150.29999999999995,0.29625482403542164,0.7037451759645783,-0.39999999999999997,-0.15000000000000002,-0.4101782363977486,-0.8000000000000003,0.40000000000000013,0.4335860945964724,0.49469277312372745,0.28851417957803627,0.5399556903334177,1.9200886193331645,2,31,3,1550.94,28,82.05,84.71,81.34,77.67,1.0906398867001414,3.521065179743194,320,5.771441123130016,0.03225806451612903,1.3862943611198906,22,2,1599.04,20,80.6,73.08,82.57,79.88,0.9148723084626941,4.891083724492965,460,6.133398042996649,0.045454545454545456,1.0986122886681098,1.4500000000000028,11.629999999999995,-1.2299999999999898,-2.2099999999999937,-140,-0.013196480938416424,0.2876820724517808,2.2,1.4,0.7,0.7211538461538461,1.8,1.3,0.65,0.6479591836734693,1.4,1.8,0.3,0.31097560975609756,1.7142857142857142,1.4285714285714286,0.5,0.39893617021276595,A,0,3,-3,3
2021-03-29,Uzbekistan,Iraq,False,Friendly,0.3,1483.1,1647.6,-164.5,0.40822890289049885,0.5917710971095012,-0.5,-0.2,-0.6764990328820115,0.0,1.0,0.42437018791633313,0.5380272858306049,0.24978762021122852,0.3553553649034617,1.1067594394536968,3,50,0,1465.34,37,72.62,72.67,74.08,70.68,1.02815506508206,1.7082251998297293,40,3.713572066704308,0.02,0.0,57,1,1447.0,39,70.2,71.16,69.09,70.18,1.013964092333998,1.0354870029765348,15,2.772588722239781,0.017543859649122806,0.6931471805599453,2.4200000000000017,1.5100000000000051,4.989999999999995,0.5,25,0.0024561403508771944,-0.6931471805599453,0.8,0.8,0.6,0.7446808510638296,0.7,1.3,0.4,0.4696969696969696,0.8,1.8,0.1,0.06818181818181818,0.7,1.6,0.2,0.18229166666666669,A,0,1,-1,1
2021-03-31,Bosnia and Herzegovina,France,False,FIFA World Cup qualification,1.0,1713.6,2077.3,-363.7000000000003,0.17975928192688054,0.8202407180731195,-0.6000000000000001,-0.24999999999999994,-0.5304347826086957,-1.6,0.0,0.4344313841433354,0.49585867538587264,0.2869256325424597,0.5315800826357266,1.0,2,65,1,1385.0,43,,,,,,,70,4.2626798770413155,0.015384615384615385,0.6931471805599453,1,16,1877.32,1,84.99,86.44,82.82,84.39,1.024291977722479,1.815296119094625,1280,7.155396301896734,1.0,2.833213344056216,,,,,-1210,-0.9846153846153847,-2.1400661634962708,1.6,0.6,0.9,0.9000000000000001,1.2,0.9,0.7,0.6630434782608695,0.0,0.6,0.3,0.3695652173913044,0.4,0.5,0.45,0.5119047619047619,A,0,1,-1,1
2021-05-30,Switzerland,United States,False,Friendly,0.3,1852.2,1721.4,130.79999999999995,0.7906075732629554,0.2093924267370446,-0.09999999999999998,-0.30000000000000004,-0.05185185185185187,0.19999999999999996,0.19999999999999996,0.6220974932026112,0.37790250679738874,0.18895125339869437,3.5402562850434345,0.2298718574782827,2,19,12,1650.75,18,79.03,79.12,77.93,79.65,0.9933458882611425,0.8808518604169482,280,5.638354669333745,0.05263157894736842,2.5649493574615367,16,11,1675.7,15,,,,,,,250,5.5254529391317835,0.0625,2.4849066497880004,,,,,30,-0.009868421052631582,0.08004270767353638,1.0,1.6,0.3,0.3111111111111111,1.1,1.1,0.55,0.5647058823529413,1.2,1.8,0.2,0.25925925925925924,1.3,1.7,0.25,0.3017241379310345,H,2,1,1,3
2021-06-02,England,Austria,False,Friendly,0.3,1893.6,1744.0,149.5999999999999,0.8079606562271449,0.19203934377285514,-0.09999999999999998,0.12857142857142856,-0.048387096774193505,0.8,0.6,0.5346469845523927,0.46535301544760727,0.23267650772380363,1.0,0.0,1,4,16,1825.97,4,84.06,85.32,85.54,81.18,1.0509977827050996,2.456203031781639,1300,7.170888478512505,0.25,2.833213344056216,24,7,1593.45,22,78.91,78.39,79.48,78.32,1.0008937691521962,0.6504613747179809,195,5.278114659230517,0.041666666666666664,2.0794415416798357,5.150000000000006,6.929999999999993,6.060000000000002,2.8600000000000136,1105,0.20833333333333334,0.7537718023763804,1.0,0.6,0.6,0.5483870967741935,1.0,1.0,0.5714285714285714,0.5405405405405406,1.8,1.2,0.5,0.5,1.8,0.9,0.7,0.653846153846154,H,1,0,1,1
2021-06-02,Netherlands,Scotland,True,Friendly,0.3,1943.8,1649.2,294.5999999999999,0.8449924570722092,0.15500754292779084,0.19999999999999996,0.26428571428571435,0.30753353973168224,0.8,-1.2000000000000002,0.539368143622492,0.40093076285834095,0.26016647494833745,3.397380102626606,0.6026198973733938,2,7,10,1757.87,7,83.2,80.93,83.63,84.01,0.963337697893108,1.6793252613276926,720,6.580639137284949,0.14285714285714285,2.3978952727983707,43,7,1499.92,34,77.5,73.76,79.29,77.16,0.9559357179885952,2.7891994072373767,135,4.912654885736052,0.023255813953488372,2.0794415416798357,5.700000000000003,7.170000000000002,4.339999999999989,6.8500000000000085,585,0.11960132890365448,0.3184537311185349,0.8,2.2,0.4,0.41176470588235287,0.5714285714285714,2.2857142857142856,0.2857142857142857,0.35000000000000003,1.6,1.0,0.6,0.7192982456140351,1.7,1.2,0.55,0.5846153846153845,D,2,2,0,4
2021-06-03,Uruguay,Paraguay,False,FIFA World Cup qualification,1.0,1876.4,1716.6,159.80000000000018,0.816906698030447,0.18309330196955298,0.09999999999999998,0.10000000000000003,0.18181818181818177,1.2,0.8,0.39513644359646793,0.4432294221694167,0.3098113513590455,0.2425341523709063,0.7212285098304706,5,17,14,1673.07,16,82.26,82.38,83.75,80.54,1.0228457909113482,1.6107244746800498,270,5.602118820879701,0.058823529411764705,2.70805020110221,40,8,1503.5,32,74.7,74.93,75.23,74.05,1.011883862255233,0.6132971003790402,100,4.61512051684126,0.025,2.1972245773362196,7.560000000000002,7.449999999999989,8.519999999999996,6.490000000000009,170,0.033823529411764704,0.5108256237659905,0.8,1.0,0.4,0.31818181818181823,1.2,1.7,0.35,0.35046728971962615,2.0,1.8,0.5,0.5,2.0,1.5,0.45,0.5088495575221239,D,0,0,0,0
2021-06-04,Spain,Portugal,False,Friendly,0.3,2034.1,2019.3,14.799999999999955,0.6594494891136214,0.34055051088637855,0.0,-0.050000000000000044,0.016726403823177916,-0.19999999999999996,0.39999999999999997,0.3755536582177983,0.3075204245554147,0.4706861295044943,1.2776505687732373,1.100922119780034,6,2,16,1876.4,2,84.31,84.06,85.96,81.55,1.030778663396689,2.2120201927951126,920,6.825460036255307,0.5,2.833213344056216,5,8,1763.83,5,83.74,82.45,86.12,82.24,1.0025535019455254,2.182025053323941,850,6.7464121285733745,0.2,2.1972245773362196,0.5700000000000074,1.6099999999999994,-0.1600000000000108,-0.6899999999999977,70,0.3,0.6359887667199966,1.0,0.2,0.6,0.6129032258064516,1.7,0.5,0.75,0.7672413793103448,0.8,0.6,0.6,0.6296296296296295,1.2,0.6,0.7,0.7109375,D,0,0,0,0
2021-06-04,Brazil,Ecuador,False,FIFA World Cup qualification,1.0,2069.5,1755.9,313.5999999999999,0.9153570964418799,0.0846429035581201,0.3,0.44999999999999996,0.2460474308300396,0.40000000000000013,-1.4000000000000001,0.4580251896841232,0.29635464835742453,0.39379748613716453,0.7479110494205677,0.24244370698735074,5,6,22,1761.16,6,85.24,85.72,84.39,84.78,1.0110875206416607,0.6836909633257792,1000,6.90875477931522,0.16666666666666666,3.1354942159291497,23,4,1596.48,21,79.42,73.4,81.21,78.83,0.9311175948243056,4.003028020553102,220,5.3981627015177525,0.043478260869565216,1.6094379124341003,5.819999999999993,12.319999999999993,3.180000000000007,5.950000000000003,780,0.12318840579710144,1.5260563034950494,1.2,2.2,0.3,0.41304347826086957,1.3,2.4,0.25,0.31363636363636366,1.6,0.8,0.6,0.6590909090909092,1.5,0.6,0.7,0.6882352941176471,H,2,0,2,2
2021-06-05,Tunisia,DR Congo,False,Friendly,0.3,1661.6,1608.6,53.0,0.7069752948085409,0.29302470519145907,0.33333333333333337,0.18333333333333332,0.2907824933687002,0.33333333333333337,-1.2,0.5347265255789444,0.46527347442105554,0.23263673721052777,1.0,0.0,1,44,6,1483.05,35,72.99,70.78,75.39,71.78,0.9860685427695737,2.42501546386822,80,4.394449154672439,0.022727272727272728,1.9459101490553132,46,1,1478.35,36,74.39,76.91,71.1,74.48,1.032626208378088,2.9179159229376954,65,4.189654742026425,0.021739130434782608,0.6931471805599453,-1.4000000000000057,-6.1299999999999955,4.290000000000006,-2.700000000000003,15,0.0009881422924901198,1.252762968495368,0.6666666666666666,2.0,0.16666666666666666,0.10344827586206896,0.6666666666666666,2.0,0.16666666666666666,0.10344827586206896,1.0,0.8,0.5,0.39423076923076916,1.2,1.6,0.35,0.30000000000000004,H,1,0,1,1
2021-06-06,United States,Mexico,False,CONCACAF Nations League,0.55,1717.2,1889.7,-172.5,0.39715259015949556,0.6028474098405044,-0.4,-0.19999999999999996,-0.42500000000000004,-0.19999999999999973,0.8,0.46032287936138394,0.4405605693471523,0.2089240279939869,1.2646380603690555,1.0420859802399014,10,16,11,1675.7,15,,,,,,,250,5.5254529391317835,0.0625,2.4849066497880004,15,17,1684.13,14,77.71,79.23,77.3,75.4,1.0507957559681698,1.9150195821453098,230,5.442417710521793,0.06666666666666667,2.8903717578961645,,,,,20,-0.004166666666666666,-0.40546510810816416,2.4,1.0,0.9,0.925,2.0,1.0,0.85,0.8941176470588236,2.2,1.8,0.5,0.5,1.7,1.0,0.65,0.6352941176470589,H,3,2,1,5
2021-06-06,Belgium,Croatia,False,Friendly,0.3,1988.1,1813.2,174.89999999999986,0.8295514448801844,0.1704485551198156,0.19999999999999996,0.35,0.2758284600389865,0.19999999999999996,-1.0,0.48238021584814067,0.4196813837768279,0.30777909226344535,0.3903131989792925,0.0,2,9,13,1734.71,9,82.71,82.46,84.06,79.53,1.0368414434804476,2.2973100211624318,600,6.398594934535208,0.1111111111111111,2.6390573296152584,11,6,1717.07,11,80.81,78.83,81.31,81.29,0.9697379751506949,1.4260902262246042,340,5.831882477283517,0.09090909090909091,1.9459101490553132,1.8999999999999915,3.6299999999999955,2.75,-1.7600000000000051,260,0.020202020202020193,0.6931471805599452,1.8,1.8,0.5,0.4259259259259259,1.7,2.3,0.35,0.3189655172413793,2.0,0.8,0.7,0.7017543859649124,2.2,1.1,0.7,0.7017543859649122,H,1,0,1,1
2021-06-08,Morocco,Ghana,False,Friendly,0.3,1734.0,1720.0,14.0,0.6584145209169125,0.34158547908308745,0.0,-0.18888888888888888,0.10576923076923073,-0.8,0.0,0.5705081380781153,0.42949186192188465,0.21474593096094233,1.0,0.0,2,8,6,1756.21,8,80.56,78.97,78.23,82.18,0.9609394013141883,2.0997698286558326,310,5.739792912179234,0.125,1.9459101490553132,74,4,1346.0,45,75.83,76.81,77.55,73.19,1.0494603087853533,2.3331523739353166,130,4.875197323201151,0.013513513513513514,1.6094379124341003,4.730000000000004,2.1599999999999966,0.6800000000000068,8.990000000000009,180,0.11148648648648649,0.33647223662121295,2.0,0.4,0.8,0.778846153846154,2.0,0.4,0.8,0.778846153846154,1.2,0.4,0.8,0.8846153846153847,1.1111111111111112,0.6666666666666666,0.6111111111111112,0.5254237288135593,H,1,0,1,1
2021-06-08,Senegal,Cape Verde,False,Friendly,0.3,1699.3,1556.2,143.0999999999999,0.8020880397158109,0.19791196028418911,,,,,,0.5709163632582241,0.4290836367417758,0.2145418183708879,2.0,0.0,2,14,3,1686.41,13,79.32,80.15,76.69,79.3,1.0107187894073142,1.8030622100563654,260,5.564520407322694,0.07142857142857142,1.3862943611198906,69,0,1366.0,44,71.83,71.91,72.04,71.65,1.0036287508722959,0.19857828011475231,30,3.4339872044851463,0.014492753623188406,0.0,7.489999999999995,8.240000000000009,4.6499999999999915,7.6499999999999915,230,0.05693581780538302,1.3862943611198906,,,,,,,,,0.4,0.8,0.3,0.2597402597402597,0.8,0.9,0.4,0.34710743801652894,H,2,0,2,2
2021-06-08,Colombia,Argentina,False,FIFA World Cup qualification,1.0,1837.8,1905.8,-68.0,0.5459219227804837,0.4540780772195163,-0.30000000000000004,0.0,-0.3996131528046421,-1.5999999999999999,0.6000000000000001,0.37881711702788384,0.3995163608859277,0.3496237643278885,1.0015699244973322,1.00068848731219,8,13,6,1693.09,12,79.68,82.37,79.35,78.43,1.0502358791278847,2.0611647192788847,380,5.942799375126701,0.07692307692307693,1.9459101490553132,3,18,1874.81,3,84.24,84.97,83.57,83.76,1.0144460362941738,0.7594076639065482,570,6.3473892096560105,0.3333333333333333,2.9444389791664403,-4.559999999999988,-2.5999999999999943,-4.219999999999999,-5.329999999999998,-190,-0.2564102564102564,-0.998528830111127,2.4,1.0,0.8,0.8723404255319148,1.9,1.0,0.65,0.5991735537190082,0.8,1.6,0.5,0.4727272727272727,1.2,1.0,0.65,0.6818181818181819,D,2,2,0,4
2021-06-08,Paraguay,Brazil,False,FIFA World Cup qualification,1.0,1729.3,2074.6,-345.29999999999995,0.19590929503133148,0.8040907049686685,-0.09999999999999998,-0.29999999999999993,-0.2067131327953045,-0.6000000000000001,0.19999999999999996,0.3793378958184875,0.5980316719436943,0.15833274228573807,0.4582370023494872,1.793762096531162,6,40,8,1503.5,32,74.7,74.93,75.23,74.05,1.011883862255233,0.6132971003790402,100,4.61512051684126,0.025,2.1972245773362196,6,22,1761.16,6,85.24,85.72,84.39,84.78,1.0110875206416607,0.6836909633257792,1000,6.90875477931522,0.16666666666666666,3.1354942159291497,-10.539999999999992,-10.789999999999992,-9.159999999999997,-10.730000000000004,-900,-0.14166666666666666,-0.9382696385929301,1.6,0.8,0.6,0.6808510638297872,1.6,0.6,0.7,0.7323232323232324,1.0,1.0,0.5,0.4741379310344827,1.1,1.4,0.4,0.3925619834710744,A,0,2,-2,2
2021-06-11,Tunisia,Algeria,False,Friendly,0.3,1667.5,1747.1,-79.59999999999991,0.529324268627281,0.470675731372719,-0.30000000000000004,-0.25,-0.4232295482295483,-0.19999999999999996,0.6,0.37343230293576374,0.5237793449614982,0.28950450357061985,0.40606076624184106,1.4799770959612246,4,44,6,1483.05,35,72.99,70.78,75.39,71.78,0.9860685427695737,2.42501546386822,80,4.394449154672439,0.022727272727272728,1.9459101490553132,28,4,1564.26,26,77.52,79.27,75.35,77.16,1.02734577501296,1.9619123323940861,160,5.081404364984463,0.03571428571428571,1.6094379124341003,-4.530000000000001,-8.489999999999995,0.04000000000000625,-5.3799999999999955,-80,-0.012987012987012984,0.33647223662121295,1.4,0.4,0.8,0.8174603174603176,1.1,1.0,0.6,0.6827956989247311,1.2,1.0,0.5,0.3942307692307693,1.2,1.6,0.35,0.3347107438016529,A,0,2,-2,2
2021-06-12,Haiti,Canada,False,FIFA World Cup qualification,1.0,1513.6,1605.5,-91.90000000000009,0.5116547255555703,0.48834527444442966,-0.25,-0.25,-0.15384615384615385,-0.75,0.5,0.4268484057136024,0.5731515942863976,0.19697306731160266,0.7518664173897824,2.573697378866297,4,83,1,1291.0,47,69.56,70.06,68.5,69.54,1.0074777106701178,0.7943131204590139,10,2.3978952727983707,0.012048192771084338,0.6931471805599453,30,2,1556.48,27,78.82,80.96,76.66,78.52,1.031074885379521,2.1565095254446076,200,5.303304908059076,0.03333333333333333,1.0986122886681098,-9.259999999999991,-10.899999999999991,-8.159999999999997,-8.97999999999999,-190,-0.021285140562248995,-0.4054651081081645,1.5,1.5,0.5,0.4358974358974359,1.5,1.5,0.5,0.4358974358974359,0.75,2.0,0.25,0.28205128205128205,0.75,2.0,0.25,0.28205128205128205,A,0,1,-1,1
2021-06-12,Panama,Curaçao,False,FIFA World Cup qualification,1.0,1503.6,1516.1,-12.5,0.623326217078607,0.376673782921393,-0.5,-0.4,-0.5,-0.3,1.7000000000000002,0.5580351297641947,0.3841486787529509,0.2498905308593298,1.5009449105930934,0.7504724552965467,3,33,1,1540.64,29,71.68,71.04,71.68,72.16,0.984478935698448,0.5619015334854749,55,4.02535169073515,0.030303030303030304,0.6931471805599453,82,0,1294.0,46,,,,,,,12,2.5649493574615367,0.012195121951219513,0.0,,,,,43,0.01810790835181079,0.6931471805599453,0.5,0.5,0.5,0.5,0.5,0.5,0.5,0.5,0.2,2.2,0.0,0.0,0.5,2.2,0.1,0.08,H,2,1,1,3
2021-06-12,Ghana,Ivory Coast,False,Friendly,0.3,1713.2,1696.0,17.200000000000045,0.6625452504655658,0.3374547495344342,0.09999999999999998,0.08333333333333337,0.23061660561660563,0.40000000000000013,-0.4,0.4650872211580577,0.4650872211580577,0.3023691682629135,0.0,0.0,1,74,4,1346.0,45,75.83,76.81,77.55,73.19,1.0494603087853533,2.3331523739353166,130,4.875197323201151,0.013513513513513514,1.6094379124341003,34,3,1532.98,30,78.81,77.58,80.29,78.73,0.9853931157119268,1.3601593043953875,145,4.983606621708336,0.029411764705882353,1.3862943611198906,-2.980000000000004,-0.769999999999996,-2.740000000000009,-5.540000000000006,-15,-0.01589825119236884,0.2231435513142097,1.4,1.0,0.6,0.4519230769230769,1.3333333333333333,0.8333333333333334,0.6666666666666666,0.5869565217391305,1.8,0.6,0.7,0.6825396825396826,1.8333333333333333,0.5,0.75,0.7101449275362318,D,0,0,0,0
2021-06-13,England,Croatia,False,UEFA Euro,0.85,1897.5,1809.8,87.70000000000005,0.7465863320824722,0.25341366791752784,0.0,0.35,0.013477684489615449,-1.0,-0.6000000000000001,0.5191170081291272,0.45217377045563084,0.24149715567806074,1.0059514973727706,0.556210020063378,4,4,16,1825.97,4,84.06,85.32,85.54,81.18,1.0509977827050996,2.456203031781639,1300,7.170888478512505,0.25,2.833213344056216,11,6,1717.07,11,80.81,78.83,81.31,81.29,0.9697379751506949,1.4260902262246042,340,5.831882477283517,0.09090909090909091,1.9459101490553132,3.25,6.489999999999995,4.230000000000004,-0.10999999999999943,960,0.1590909090909091,0.8873031950009029,1.8,2.2,0.3,0.2741935483870968,1.6,2.4,0.25,0.19827586206896547,0.8,1.6,0.3,0.28767123287671226,1.7,1.1,0.6,0.572463768115942,H,1,0,1,1
2021-06-13,Colombia,Ecuador,True,Copa América,0.85,1835.9,1750.8,85.10000000000014,0.6200769800385355,0.3799230199614645,-0.10000000000000003,0.20000000000000007,-0.40038314176245215,-1.4000000000000001,0.5999999999999996,0.3814402652440116,0.4745458377831048,0.2973029259873447,0.2939002701221679,0.9360994670951664,6,13,6,1693.09,12,79.68,82.37,79.35,78.43,1.0502358791278847,2.0611647192788847,380,5.942799375126701,0.07692307692307693,1.9459101490553132,23,4,1596.48,21,79.42,73.4,81.21,78.83,0.9311175948243056,4.003028020553102,220,5.3981627015177525,0.043478260869565216,1.6094379124341003,0.2600000000000051,8.969999999999999,-1.8599999999999994,-0.3999999999999915,160,0.03344481605351171,0.33647223662121295,2.2,2.2,0.4,0.5555555555555556,1.6,2.1,0.35,0.43951612903225806,0.8,2.8,0.3,0.15517241379310343,1.2,1.6,0.55,0.5454545454545454,H,1,0,1,1
2021-06-14,Scotland,Czech Republic,False,UEFA Euro,0.85,1656.1,1665.5,-9.400000000000091,0.6275067529201432,0.37249324707985676,0.3,0.1875,0.16516902011125373,0.19999999999999996,0.3999999999999999,0.5192801791227016,0.4807198208772983,0.20893936645447794,0.9213924287643002,1.069227031072738,3,43,7,1499.92,34,77.5,73.76,79.29,77.16,0.9559357179885952,2.7891994072373767,135,4.912654885736052,0.023255813953488372,2.0794415416798357,41,9,1503.04,33,,,,,,,95,4.564348191467836,0.024390243902439025,2.302585092994046,,,,,40,-0.0011344299489506535,-0.22314355131421015,0.8,1.6,0.2,0.29824561403508776,0.5,2.375,0.125,0.19767441860465115,1.0,2.0,0.5,0.4634146341463415,0.75,2.25,0.3125,0.38,A,0,2,-2,2
2021-06-14,Spain,Sweden,False,UEFA Euro,0.85,2030.9,1760.7,270.20000000000005,0.8938839360776752,0.10611606392232475,0.49999999999999994,0.35,0.5592592592592592,1.2000000000000002,-1.4,0.4718457929872959,0.437137505868175,0.279341549669224,1.0214840061776849,0.6297159280283922,5,2,16,1876.4,2,84.31,84.06,85.96,81.55,1.030778663396689,2.2120201927951126,920,6.825460036255307,0.5,2.833213344056216,38,12,1514.77,31,79.87,84.25,74.43,75.32,1.1185608072225173,5.430920732251576,140,4.948759890378168,0.02631578947368421,2.5649493574615367,4.439999999999998,-0.18999999999999773,11.529999999999987,6.230000000000004,780,0.4736842105263158,0.2682639865946794,0.6,1.8,0.2,0.19999999999999998,0.9,1.7,0.35,0.3519736842105263,1.8,0.4,0.7,0.7592592592592592,1.7,0.6,0.7,0.7279411764705882,D,0,0,0,0
2021-06-15,Germany,France,False,UEFA Euro,0.85,1831.6,2084.5,-252.9000000000001,0.29314397098651507,0.7068560290134849,-0.30000000000000004,-0.19999999999999996,-0.3444444444444442,-0.40000000000000013,0.6000000000000001,0.4795350197742455,0.5013202101367101,0.1653009894903818,0.9490923831918627,1.1079821578361368,6,10,20,1731.3,10,83.78,84.42,84.51,82.18,1.0272572402044293,1.3200126262022376,850,6.7464121285733745,0.1,3.044522437723423,1,16,1877.32,1,84.99,86.44,82.82,84.39,1.024291977722479,1.815296119094625,1280,7.155396301896734,1.0,2.833213344056216,-1.2099999999999937,-2.019999999999996,1.690000000000012,-2.2099999999999937,-430,-0.9,0.21130909366720685,2.2,1.0,0.9,0.8999999999999998,1.4,1.0,0.7,0.6630434782608695,1.8,1.6,0.6,0.5555555555555556,1.9,2.0,0.5,0.4672131147540984,A,0,1,-1,1
2021-06-15,Canada,Haiti,True,FIFA World Cup qualification,1.0,1625.9,1493.1,132.80000000000018,0.6823208847432579,0.3176791152567421,0.10000000000000003,0.10000000000000003,0.010000000000000009,0.5999999999999999,0.19999999999999996,0.5731515942863976,0.4268484057136024,0.19697306731160266,2.573697378866297,0.7518664173897824,4,30,2,1556.48,27,78.82,80.96,76.66,78.52,1.031074885379521,2.1565095254446076,200,5.303304908059076,0.03333333333333333,1.0986122886681098,83,1,1291.0,47,69.56,70.06,68.5,69.54,1.0074777106701178,0.7943131204590139,10,2.3978952727983707,0.012048192771084338,0.6931471805599453,9.259999999999991,10.899999999999991,8.159999999999997,8.97999999999999,190,0.021285140562248995,0.4054651081081645,0.8,1.8,0.3,0.33,0.8,1.8,0.3,0.33,1.4,2.0,0.4,0.34,1.4,2.0,0.4,0.34,H,3,0,3,3
2021-06-15,Curaçao,Panama,False,FIFA World Cup qualification,1.0,1501.0,1518.7,-17.700000000000045,0.6162725738523586,0.38372742614764144,0.5,0.45,0.5,0.06666666666666665,-2.1333333333333333,0.3841486787529509,0.5580351297641947,0.2498905308593298,0.7504724552965467,1.5009449105930934,3,82,0,1294.0,46,,,,,,,12,2.5649493574615367,0.012195121951219513,0.0,33,1,1540.64,29,71.68,71.04,71.68,72.16,0.984478935698448,0.5619015334854749,55,4.02535169073515,0.030303030303030304,0.6931471805599453,,,,,-43,-0.01810790835181079,-0.6931471805599453,0.6,2.8,0.0,0.0,0.5,2.6,0.05,0.04,0.6666666666666666,0.6666666666666666,0.5,0.5,0.6666666666666666,0.6666666666666666,0.5,0.5,D,0,0,0,0
2021-06-15,Iran,Iraq,False,FIFA World Cup qualification,1.0,1745.3,1655.8,89.5,0.7485416895908262,0.25145831040917377,-0.4,0.050000000000000044,-0.6071889103803998,-0.3999999999999999,0.7999999999999999,0.5613696616283772,0.4111837514557399,0.21545174526447178,1.378340611619646,0.28368033389243646,5,21,6,1616.04,19,75.74,78.83,74.88,72.88,1.0816410537870473,3.0277879714405382,75,4.330733340286331,0.047619047619047616,1.9459101490553132,57,1,1447.0,39,70.2,71.16,69.09,70.18,1.013964092333998,1.0354870029765348,15,2.772588722239781,0.017543859649122806,0.6931471805599453,5.539999999999992,7.670000000000002,5.789999999999992,2.6999999999999886,60,0.03007518796992481,1.252762968495368,1.2,0.6,0.8,0.8723404255319149,0.7,1.1,0.5,0.5303030303030303,0.8,1.4,0.4,0.26515151515151514,0.9,1.0,0.55,0.43115942028985504,H,1,0,1,1
2021-06-15,Saudi Arabia,Uzbekistan,False,FIFA World Cup qualification,1.0,1598.0,1474.9,123.09999999999991,0.7831752108737217,0.21682478912627834,0.0,0.10000000000000003,0.1287878787878788,-0.6,0.20000000000000018,0.5543768383198457,0.4456231616801543,0.22281158084007716,3.0,0.7666000131834908,2,61,6,1421.0,41,75.74,75.38,76.06,74.85,1.0070808283233132,0.6065476073648342,55,4.02535169073515,0.01639344262295082,1.9459101490553132,50,0,1465.34,37,72.62,72.67,74.08,70.68,1.02815506508206,1.7082251998297293,40,3.713572066704308,0.02,0.0,3.1199999999999903,2.7099999999999937,1.980000000000004,4.1699999999999875,15,-0.00360655737704918,1.9459101490553132,1.2,1.4,0.3,0.2045454545454545,0.9,1.5,0.3,0.24479166666666674,0.6,1.6,0.3,0.3333333333333333,0.7,1.3,0.4,0.4601769911504425,H,3,0,3,3
2021-06-15,Australia,Jordan,True,FIFA World Cup qualification,1.0,1696.5,1544.3,152.20000000000005,0.7060203735990216,0.2939796264009784,-0.3,-0.0625,-0.3257575757575758,-0.7999999999999999,0.0,0.573979288284559,0.426020711715441,0.19863010207959167,1.2482378327867072,0.5281732494466617,4,27,6,1578.66,24,73.3,73.31,72.57,72.76,1.0075590984057174,0.3843175770115159,120,4.795790545596741,0.037037037037037035,1.9459101490553132,63,0,1391.0,42,70.24,72.37,69.09,67.57,1.0710374426520648,2.453188401516149,20,3.044522437723423,0.015873015873015872,0.0,3.0600000000000023,0.9399999999999977,3.4799999999999898,5.190000000000012,100,0.021164021164021163,1.9459101490553132,1.2,1.0,0.5,0.5,1.0,1.25,0.375,0.42105263157894735,0.4,1.0,0.2,0.17424242424242423,0.875,1.125,0.3125,0.244047619047619,H,1,0,1,1
2021-06-17,Netherlands,Austria,False,UEFA Euro,0.85,1936.9,1740.1,196.80000000000018,0.8466439812573487,0.15335601874265126,-0.09999999999999998,-0.11249999999999999,-0.10000000000000003,0.19999999999999996,0.3999999999999999,0.45591248335836165,0.5440875166416383,0.19809325475894354,2.0,2.137020050624846,2,7,10,1757.87,7,83.2,80.93,83.63,84.01,0.963337697893108,1.6793252613276926,720,6.580639137284949,0.14285714285714285,2.3978952727983707,24,7,1593.45,22,78.91,78.39,79.48,78.32,1.0008937691521962,0.6504613747179809,195,5.278114659230517,0.041666666666666664,2.0794415416798357,4.290000000000006,2.5400000000000063,4.1499999999999915,5.690000000000012,525,0.10119047619047619,0.3184537311185349,1.0,1.0,0.5,0.5,1.125,1.125,0.5625,0.5319148936170214,1.2,1.4,0.4,0.39999999999999997,1.7,1.6,0.45,0.4558823529411764,H,2,0,2,2
2021-06-18,Croatia,Czech Republic,True,UEFA Euro,0.85,1797.1,1712.6,84.5,0.6192629735135592,0.3807370264864408,-0.19999999999999998,0.08333333333333334,-0.32472613458528954,0.5999999999999999,1.0000000000000002,0.46821463956480336,0.3127191654951563,0.37542577768761853,2.2016646837534495,0.5411052946331987,3,11,6,1717.07,11,80.81,78.83,81.31,81.29,0.9697379751506949,1.4260902262246042,340,5.831882477283517,0.09090909090909091,1.9459101490553132,41,9,1503.04,33,,,,,,,95,4.564348191467836,0.024390243902439025,2.302585092994046,,,,,245,0.0665188470066519,-0.35667494393873267,0.8,1.2,0.3,0.3802816901408451,0.5555555555555556,2.2222222222222223,0.16666666666666666,0.25471698113207547,1.4,2.2,0.1,0.05555555555555556,1.5,2.3,0.25,0.21296296296296294,D,1,1,0,2
2021-06-18,England,Scotland,False,UEFA Euro,0.85,1910.1,1609.0,301.0999999999999,0.9096128700487834,0.09038712995121656,-0.09999999999999998,0.3166666666666667,-0.16208017334777902,-0.5999999999999999,-0.8,0.5294461374706977,0.408865809734567,0.26612095766201876,1.9846612020955203,0.66155373403184,2,4,16,1825.97,4,84.06,85.32,85.54,81.18,1.0509977827050996,2.456203031781639,1300,7.170888478512505,0.25,2.833213344056216,43,7,1499.92,34,77.5,73.76,79.29,77.16,0.9559357179885952,2.7891994072373767,135,4.912654885736052,0.023255813953488372,2.0794415416798357,6.560000000000002,11.559999999999988,6.25,4.02000000000001,1165,0.22674418604651164,0.7537718023763804,1.4,1.8,0.6,0.5774647887323944,0.8888888888888888,2.2222222222222223,0.3333333333333333,0.38679245283018865,0.8,1.0,0.5,0.41538461538461535,1.8,1.1,0.65,0.5999999999999999,D,0,0,0,0
2021-06-18,Argentina,Uruguay,True,Copa América,0.85,1907.6,1863.7,43.899999999999864,0.5628430950365155,0.43715690496348447,0.4,0.24999999999999994,0.4257741347905282,0.6000000000000001,-1.0,0.5815338330334088,0.3905121088474669,0.17688090984293825,1.0840873515813148,0.5966592788293559,6,3,18,1874.81,3,84.24,84.97,83.57,83.76,1.0144460362941738,0.7594076639065482,570,6.3473892096560105,0.3333333333333333,2.9444389791664403,17,14,1673.07,16,82.26,82.38,83.75,80.54,1.0228457909113482,1.6107244746800498,270,5.602118820879701,0.058823529411764705,2.70805020110221,1.9799999999999898,2.5900000000000034,-0.18000000000000682,3.219999999999999,300,0.2745098039215686,0.2363887780642302,1.6,1.8,0.4,0.3611111111111111,1.7,1.3,0.45,0.4637096774193548,2.2,0.8,0.8,0.7868852459016393,2.0,0.9,0.7,0.6653225806451614,H,1,0,1,1
2021-06-19,Germany,Portugal,False,UEFA Euro,0.85,1817.0,2022.4,-205.4000000000001,0.35280522188450647,0.6471947781154935,-0.09999999999999998,-0.30000000000000004,-0.18697729988052575,0.40000000000000013,2.0,0.43496352050372245,0.5650364794962776,0.18895026788607086,1.701022544518601,2.0,2,10,20,1731.3,10,83.78,84.42,84.51,82.18,1.0272572402044293,1.3200126262022376,850,6.7464121285733745,0.1,3.044522437723423,5,8,1763.83,5,83.74,82.45,86.12,82.24,1.0025535019455254,2.182025053323941,850,6.7464121285733745,0.2,2.1972245773362196,0.04000000000000625,1.9699999999999989,-1.6099999999999994,-0.05999999999998806,0,-0.1,0.8472978603872034,1.2,0.6,0.6,0.6129032258064516,1.9,0.6,0.8,0.8064516129032258,1.6,2.6,0.5,0.4259259259259259,1.8,2.4,0.5,0.4672131147540983,H,4,2,2,6
2021-06-20,Switzerland,Turkey,True,UEFA Euro,0.85,1856.4,1916.1,-59.69999999999982,0.414920493855876,0.5850795061441241,-0.49999999999999994,-0.35000000000000003,-0.521043771043771,-1.4000000000000001,0.0,0.5351267708670001,0.4648732291329999,0.23243661456649994,3.0,1.0,1,19,12,1650.75,18,79.03,79.12,77.93,79.65,0.9933458882611425,0.8808518604169482,280,5.638354669333745,0.05263157894736842,2.5649493574615367,22,2,1599.04,20,80.6,73.08,82.57,79.88,0.9148723084626941,4.891083724492965,460,6.133398042996649,0.045454545454545456,1.0986122886681098,-1.5699999999999932,6.040000000000006,-4.639999999999986,-0.22999999999998977,-180,0.007177033492822962,1.466337068793427,2.6,1.8,0.7,0.7803030303030303,2.0,1.4,0.65,0.6919642857142857,1.2,1.8,0.2,0.25925925925925924,1.3,1.6,0.3,0.3620689655172413,H,3,1,2,4
2021-06-21,Argentina,Paraguay,True,Copa América,0.85,1929.5,1717.5,212.0,0.7721286734685839,0.22787132653141606,0.19999999999999996,0.29999999999999993,0.21792349726775956,0.3999999999999999,0.0,0.4476130605859152,0.43713439749280586,0.2692281266756188,0.8674879792398645,0.8402067324176327,6,3,18,1874.81,3,84.24,84.97,83.57,83.76,1.0144460362941738,0.7594076639065482,570,6.3473892096560105,0.3333333333333333,2.9444389791664403,40,8,1503.5,32,74.7,74.93,75.23,74.05,1.011883862255233,0.6132971003790402,100,4.61512051684126,0.025,2.1972245773362196,9.539999999999992,10.039999999999992,8.33999999999999,9.710000000000008,470,0.3083333333333333,0.7472144018302207,1.0,1.0,0.5,0.4754098360655738,1.0,1.3,0.4,0.40370370370370373,1.4,1.0,0.7,0.6933333333333334,2.1,1.0,0.7,0.6614173228346456,H,1,0,1,1
2021-06-22,Scotland,Croatia,False,UEFA Euro,0.85,1629.5,1791.2,-161.70000000000005,0.4121283648283454,0.5878716351716546,0.5,0.04999999999999999,0.5248332097850259,0.19999999999999996,-0.6000000000000001,0.47653783519372533,0.5234621648062745,0.16781424420850458,1.0,1.2972816469876407,3,43,7,1499.92,34,77.5,73.76,79.29,77.16,0.9559357179885952,2.7891994072373767,135,4.912654885736052,0.023255813953488372,2.0794415416798357,11,6,1717.07,11,80.81,78.83,81.31,81.29,0.9697379751506949,1.4260902262246042,340,5.831882477283517,0.09090909090909091,1.9459101490553132,-3.3100000000000023,-5.069999999999993,-2.019999999999996,-4.13000000000001,-205,-0.06765327695560254,0.13353139262452252,1.2,2.0,0.1,0.05263157894736842,1.4,2.2,0.25,0.19327731092436976,1.4,1.4,0.6,0.5774647887323944,0.8,2.2,0.3,0.3333333333333333,A,1,3,-2,4
2021-06-22,England,Czech Republic,False,UEFA Euro,0.85,1889.6,1718.6,171.0,0.8263535539440318,0.17364644605596824,0.3,0.4,0.16383595691797853,0.19999999999999996,0.0,0.5296209776608257,0.4703790223391743,0.21557881720253344,1.964461795375887,0.5697274867758777,3,4,16,1825.97,4,84.06,85.32,85.54,81.18,1.0509977827050996,2.456203031781639,1300,7.170888478512505,0.25,2.833213344056216,41,9,1503.04,33,,,,,,,95,4.564348191467836,0.024390243902439025,2.302585092994046,,,,,1205,0.22560975609756098,0.5306282510621703,0.8,1.0,0.3,0.38028169014084506,0.7,2.0,0.25,0.3577235772357724,1.0,1.0,0.6,0.5441176470588236,1.6,0.9,0.65,0.6090225563909775,H,1,0,1,1
2021-06-23,Portugal,France,True,UEFA Euro,0.85,1973.9,2099.1,-125.19999999999982,0.32723684588516927,0.6727631541148307,-0.30000000000000004,-0.050000000000000044,-0.2949915110356536,-0.40000000000000013,0.0,0.360087188488819,0.40558374905204325,0.4143726567035472,0.38990068917956894,0.5524896618112443,4,5,8,1763.83,5,83.74,82.45,86.12,82.24,1.0025535019455254,2.182025053323941,850,6.7464121285733745,0.2,2.1972245773362196,1,16,1877.32,1,84.99,86.44,82.82,84.39,1.024291977722479,1.815296119094625,1280,7.155396301896734,1.0,2.833213344056216,-1.25,-3.989999999999995,3.3000000000000114,-2.1500000000000057,-430,-0.8,-0.6359887667199966,1.6,0.6,0.9,0.9078947368421052,1.5,0.8,0.8,0.7743055555555556,1.2,0.6,0.6,0.6129032258064516,1.6,0.5,0.75,0.7822580645161292,D,2,2,0,4
2021-06-23,Brazil,Colombia,False,Copa América,0.85,2086.3,1854.9,231.4000000000001,0.8707596057788245,0.1292403942211755,0.39999999999999997,0.15000000000000002,0.5810564663023681,0.8,-2.4,0.47936939918012095,0.3517379341472963,0.30303248456195764,1.3122706035539813,1.0368708443188364,7,6,22,1761.16,6,85.24,85.72,84.39,84.78,1.0110875206416607,0.6836909633257792,1000,6.90875477931522,0.16666666666666666,3.1354942159291497,13,6,1693.09,12,79.68,82.37,79.35,78.43,1.0502358791278847,2.0611647192788847,380,5.942799375126701,0.07692307692307693,1.9459101490553132,5.559999999999988,3.3499999999999943,5.040000000000006,6.349999999999994,620,0.08974358974358973,1.1895840668738364,0.8,2.8,0.3,0.22222222222222224,1.3,1.6,0.6,0.5629629629629629,1.6,0.4,0.7,0.8032786885245903,1.7,0.5,0.75,0.7920353982300884,H,2,1,1,3
2021-06-27,Netherlands,Czech Republic,True,UEFA Euro,0.85,1948.4,1709.9,238.5,0.7978509270551571,0.20214907294484286,0.09999999999999998,0.15000000000000002,-0.029729729729729815,0.8,0.8,0.46468499211974806,0.535315007880252,0.23234249605987403,0.0,2.0,1,7,10,1757.87,7,83.2,80.93,83.63,84.01,0.963337697893108,1.6793252613276926,720,6.580639137284949,0.14285714285714285,2.3978952727983707,41,9,1503.04,33,,,,,,,95,4.564348191467836,0.024390243902439025,2.302585092994046,,,,,625,0.11846689895470383,0.09531017980432477,0.8,0.8,0.4,0.47972972972972977,0.8,1.9,0.3,0.3917910447761194,1.6,1.6,0.5,0.44999999999999996,1.7,1.6,0.45,0.453125,A,0,2,-2,2
2021-06-27,Belgium,Portugal,True,UEFA Euro,0.85,1991.6,1982.5,9.099999999999909,0.5130929588606263,0.48690704113937366,0.09999999999999998,0.0,0.07307692307692298,-0.20000000000000018,-0.3999999999999999,0.5206703185963388,0.4519725382854374,0.2533434122609425,0.7151927028664027,0.0,2,9,13,1734.71,9,82.71,82.46,84.06,79.53,1.0368414434804476,2.2973100211624318,600,6.398594934535208,0.1111111111111111,2.6390573296152584,5,8,1763.83,5,83.74,82.45,86.12,82.24,1.0025535019455254,2.182025053323941,850,6.7464121285733745,0.2,2.1972245773362196,-1.0300000000000011,0.009999999999990905,-2.0600000000000023,-2.7099999999999937,-250,-0.0888888888888889,0.44183275227903884,1.6,1.4,0.5,0.47692307692307695,1.5,0.8,0.65,0.6535433070866143,1.4,1.0,0.6,0.5499999999999999,1.9,1.2,0.65,0.6562500000000001,H,1,0,1,1
2021-06-27,Brazil,Ecuador,False,Copa América,0.85,2092.8,1731.8,361.0000000000002,0.9342404734144619,0.06575952658553808,0.4,0.5,0.41488372093023257,-0.19999999999999996,-1.2,0.4580251896841232,0.29635464835742453,0.39379748613716453,0.7479110494205677,0.24244370698735074,5,6,22,1761.16,6,85.24,85.72,84.39,84.78,1.0110875206416607,0.6836909633257792,1000,6.90875477931522,0.16666666666666666,3.1354942159291497,23,4,1596.48,21,79.42,73.4,81.21,78.83,0.9311175948243056,4.003028020553102,220,5.3981627015177525,0.043478260869565216,1.6094379124341003,5.819999999999993,12.319999999999993,3.180000000000007,5.950000000000003,780,0.12318840579710144,1.5260563034950494,2.0,1.4,0.4,0.46511627906976744,1.4,2.2,0.25,0.3514492753623188,1.8,0.2,0.8,0.88,1.6,0.4,0.75,0.8149606299212598,D,1,1,0,2
2021-06-28,Uruguay,Paraguay,True,Copa América,0.85,1841.8,1706.1,135.70000000000005,0.685928341637588,0.314071658362412,-0.09999999999999998,0.09999999999999998,-0.01905684754521958,0.3999999999999999,0.6000000000000001,0.39513644359646793,0.4432294221694167,0.3098113513590455,0.2425341523709063,0.7212285098304706,5,17,14,1673.07,16,82.26,82.38,83.75,80.54,1.0228457909113482,1.6107244746800498,270,5.602118820879701,0.058823529411764705,2.70805020110221,40,8,1503.5,32,74.7,74.93,75.23,74.05,1.011883862255233,0.6132971003790402,100,4.61512051684126,0.025,2.1972245773362196,7.560000000000002,7.449999999999989,8.519999999999996,6.490000000000009,170,0.033823529411764704,0.5108256237659905,1.0,1.0,0.5,0.40277777777777773,0.8,1.1,0.4,0.3657718120805369,1.4,1.6,0.4,0.38372093023255816,1.7,1.2,0.5,0.48913043478260865,H,1,0,1,1
2021-06-28,Croatia,Spain,True,UEFA Euro,0.85,1822.1,2011.2,-189.10000000000014,0.25189196714429185,0.7481080328557081,-0.6,-0.35000000000000003,-0.6342592592592593,-1.0,1.2000000000000002,0.36468481324691954,0.5416003773846314,0.2642286474142548,0.7127126674408887,2.579281162614069,5,11,6,1717.07,11,80.81,78.83,81.31,81.29,0.9697379751506949,1.4260902262246042,340,5.831882477283517,0.09090909090909091,1.9459101490553132,2,16,1876.4,2,84.31,84.06,85.96,81.55,1.030778663396689,2.2120201927951126,920,6.825460036255307,0.5,2.833213344056216,-3.5,-5.230000000000004,-4.6499999999999915,-0.2599999999999909,-580,-0.40909090909090906,-0.8873031950009029,1.8,0.4,0.7,0.7592592592592593,1.5,0.5,0.65,0.68,0.8,1.6,0.1,0.125,1.4,1.9,0.3,0.2581967213114754,A,3,5,-2,8
2021-06-28,France,Switzerland,True,UEFA Euro,0.85,2090.5,1900.3,190.20000000000005,0.7492993950325438,0.25070060496745616,0.6,0.4,0.6296296296296295,0.40000000000000013,-1.0,0.4646580251503201,0.4646580251503201,0.3030129622745199,3.0,3.0,1,1,16,1877.32,1,84.99,86.44,82.82,84.39,1.024291977722479,1.815296119094625,1280,7.155396301896734,1.0,2.833213344056216,19,12,1650.75,18,79.03,79.12,77.93,79.65,0.9933458882611425,0.8808518604169482,280,5.638354669333745,0.05263157894736842,2.5649493574615367,5.959999999999994,7.319999999999993,4.889999999999986,4.739999999999995,1000,0.9473684210526316,0.2682639865946794,1.4,1.6,0.4,0.3703703703703704,1.5,1.6,0.4,0.41379310344827586,1.8,0.6,1.0,1.0,1.5,0.8,0.8,0.7903225806451613,D,3,3,0,6
2021-06-29,England,Germany,False,UEFA Euro,0.85,1898.3,1865.5,32.799999999999955,0.6823208847432576,0.3176791152567424,0.29999999999999993,0.14999999999999997,0.3884158926728586,-0.5999999999999999,-2.0,0.44745942555117457,0.38833692851036317,0.35837211019364373,2.0334939653316866,1.5040217212666607,3,4,16,1825.97,4,84.06,85.32,85.54,81.18,1.0509977827050996,2.456203031781639,1300,7.170888478512505,0.25,2.833213344056216,10,20,1731.3,10,83.78,84.42,84.51,82.18,1.0272572402044293,1.3200126262022376,850,6.7464121285733745,0.1,3.044522437723423,0.28000000000000114,0.8999999999999915,1.0300000000000011,-1.0,450,0.15,-0.21130909366720685,1.4,2.6,0.4,0.2807017543859649,1.6,2.3,0.45,0.4,0.8,0.6,0.7,0.6691176470588235,1.3,0.9,0.6,0.5798611111111112,H,2,0,2,2
2021-06-30,Mexico,Panama,True,Friendly,0.3,1859.6,1523.3,336.29999999999995,0.8739008493296142,0.1260991506703858,0.7,0.7,0.5439153439153439,1.2000000000000002,-1.9999999999999998,0.7500928921379321,0.21517973992031494,0.1423172379019105,1.691619627055401,0.2716128599086043,10,15,17,1684.13,14,77.71,79.23,77.3,75.4,1.0507957559681698,1.9150195821453098,230,5.442417710521793,0.06666666666666667,2.8903717578961645,33,1,1540.64,29,71.68,71.04,71.68,72.16,0.984478935698448,0.5619015334854749,55,4.02535169073515,0.030303030303030304,0.6931471805599453,6.029999999999987,8.189999999999998,5.61999999999999,3.240000000000009,175,0.03636363636363636,2.197224577336219,1.0,2.8,0.2,0.37037037037037035,0.6,2.5,0.15,0.2584269662921348,2.2,0.8,0.9,0.9142857142857143,1.9,0.9,0.85,0.8875,H,3,0,3,3
2021-07-02,Switzerland,Spain,True,UEFA Euro,0.85,1912.8,2030.1,-117.29999999999995,0.3373260591373188,0.6626739408626812,0.0,-0.19999999999999996,0.026315789473684292,0.3999999999999999,1.2000000000000002,0.32964572577711,0.5786596313455927,0.22671930076496968,1.1859465471253519,2.193662499498587,8,19,12,1650.75,18,79.03,79.12,77.93,79.65,0.9933458882611425,0.8808518604169482,280,5.638354669333745,0.05263157894736842,2.5649493574615367,2,16,1876.4,2,84.31,84.06,85.96,81.55,1.030778663396689,2.2120201927951126,920,6.825460036255307,0.5,2.833213344056216,-5.280000000000001,-4.939999999999998,-8.029999999999987,-1.8999999999999915,-640,-0.4473684210526316,-0.2682639865946794,1.6,0.4,0.6,0.6228070175438596,1.2,0.5,0.6,0.6120000000000001,2.0,1.6,0.6,0.6491228070175439,1.3,1.5,0.4,0.4285714285714286,D,1,1,0,2
2021-07-03,Uruguay,Colombia,True,Copa América,0.85,1857.5,1848.5,9.0,0.5129491448928637,0.4870508551071363,-0.2,-0.09999999999999998,-0.0883120109303192,0.0,-0.8000000000000003,0.4362144022899572,0.3887742576464622,0.3160822300408531,1.4522853729453333,1.1799107006208922,6,17,14,1673.07,16,82.26,82.38,83.75,80.54,1.0228457909113482,1.6107244746800498,270,5.602118820879701,0.058823529411764705,2.70805020110221,13,6,1693.09,12,79.68,82.37,79.35,78.43,1.0502358791278847,2.0611647192788847,380,5.942799375126701,0.07692307692307693,1.9459101490553132,2.5799999999999983,0.009999999999990905,4.400000000000006,2.1099999999999994,-110,-0.018099547511312222,0.7621400520468968,1.0,2.2,0.5,0.39759036144578314,1.1,1.6,0.6,0.5958904109589042,1.0,1.4,0.3,0.30927835051546393,1.7,1.2,0.5,0.453020134228188,D,0,0,0,0
2021-07-03,Argentina,Ecuador,True,Copa América,0.85,1940.9,1753.5,187.4000000000001,0.7462594644682786,0.2537405355317214,0.29999999999999993,0.44999999999999996,0.31052043224444176,-0.6000000000000001,-0.3999999999999999,0.49100944282620096,0.3718481423672996,0.2581657428123545,1.1054746234136885,0.5601759349441328,8,3,18,1874.81,3,84.24,84.97,83.57,83.76,1.0144460362941738,0.7594076639065482,570,6.3473892096560105,0.3333333333333333,2.9444389791664403,23,4,1596.48,21,79.42,73.4,81.21,78.83,0.9311175948243056,4.003028020553102,220,5.3981627015177525,0.043478260869565216,1.6094379124341003,4.819999999999993,11.569999999999993,2.3599999999999994,4.930000000000007,350,0.28985507246376807,1.33500106673234,2.0,1.4,0.4,0.4123711340206186,1.4,2.2,0.25,0.325503355704698,1.4,1.0,0.7,0.7228915662650603,2.0,1.0,0.7,0.6614173228346457,H,3,0,3,3
2021-07-06,Argentina,Colombia,True,Copa América,0.85,1963.1,1849.1,114.0,0.6584145209169125,0.34158547908308745,0.5,0.30000000000000004,0.5,0.19999999999999996,-2.0,0.3995163608859277,0.37881711702788384,0.3496237643278885,1.00068848731219,1.0015699244973322,8,3,18,1874.81,3,84.24,84.97,83.57,83.76,1.0144460362941738,0.7594076639065482,570,6.3473892096560105,0.3333333333333333,2.9444389791664403,13,6,1693.09,12,79.68,82.37,79.35,78.43,1.0502358791278847,2.0611647192788847,380,5.942799375126701,0.07692307692307693,1.9459101490553132,4.559999999999988,2.5999999999999943,4.219999999999999,5.329999999999998,190,0.2564102564102564,0.998528830111127,1.0,2.6,0.3,0.2872340425531915,1.0,1.8,0.5,0.47945205479452063,1.2,0.6,0.8,0.7872340425531915,2.1,0.8,0.8,0.795275590551181,D,1,1,0,2
2021-07-10,Brazil,Argentina,False,Copa América,0.85,2071.1,1955.2,115.89999999999986,0.7760545474367319,0.22394545256326814,0.19999999999999996,-0.050000000000000044,0.21978021978021967,0.6000000000000001,-0.39999999999999997,0.3438096986974668,0.6051900209500378,0.20030003166959748,0.5206055765356633,1.8000448108907503,7,6,22,1761.16,6,85.24,85.72,84.39,84.78,1.0110875206416607,0.6836909633257792,1000,6.90875477931522,0.16666666666666666,3.1354942159291497,3,18,1874.81,3,84.24,84.97,83.57,83.76,1.0144460362941738,0.7594076639065482,570,6.3473892096560105,0.3333333333333333,2.9444389791664403,1.0,0.75,0.8200000000000074,1.019999999999996,430,-0.16666666666666666,0.1910552367627094,1.6,0.6,0.8,0.7802197802197803,2.0,0.8,0.8,0.8115942028985508,2.2,0.2,1.0,1.0,1.6,0.5,0.75,0.8297101449275363,A,0,1,-1,1
2021-07-11,United States,Haiti,False,Gold Cup,0.55,1747.4,1470.9,276.5,0.8972751236029974,0.10272487639700256,0.2,0.30000000000000004,0.2421875,1.5999999999999999,0.40000000000000013,0.6235404514941281,0.376459548505872,0.188229774252936,1.7657369816325332,0.7657369816325333,2,16,11,1675.7,15,,,,,,,250,5.5254529391317835,0.0625,2.4849066497880004,83,1,1291.0,47,69.56,70.06,68.5,69.54,1.0074777106701178,0.7943131204590139,10,2.3978952727983707,0.012048192771084338,0.6931471805599453,,,,,240,0.050451807228915665,1.791759469228055,0.8,1.2,0.3,0.2578125,0.6666666666666666,1.6666666666666667,0.25,0.23571428571428574,2.4,1.6,0.5,0.5,1.5,1.2,0.55,0.5647058823529412,H,1,0,1,1
2021-07-13,Qatar,Panama,True,Gold Cup,0.55,1630.8,1518.9,111.89999999999986,0.6556905594006147,0.3443094405993853,-0.3,0.14999999999999997,-0.47619047619047616,-0.4,0.0,0.4615820109971207,0.4805680818954086,0.24566680046548586,1.3888264375141166,2.7307863944128234,3,55,1,1454.0,38,72.65,75.52,71.59,70.64,1.0690826727066818,2.587205699849418,18,2.9444389791664403,0.01818181818181818,0.6931471805599453,33,1,1540.64,29,71.68,71.04,71.68,72.16,0.984478935698448,0.5619015334854749,55,4.02535169073515,0.030303030303030304,0.6931471805599453,0.9699999999999989,4.47999999999999,-0.09000000000000341,-1.519999999999996,-37,-0.012121212121212123,0.0,0.8,2.2,0.3,0.47619047619047616,0.6,2.2,0.2,0.3203883495145631,0.4,2.2,0.0,0.0,0.9,1.6,0.35,0.45075757575757575,D,3,3,0,6
2021-07-15,Haiti,Canada,True,Gold Cup,0.55,1467.3,1648.2,-180.9000000000001,0.2608907305842784,0.7391092694157215,-0.30000000000000004,-0.2857142857142857,-0.4090325342465754,-1.2,-0.6000000000000001,0.4268484057136024,0.5731515942863976,0.19697306731160266,0.7518664173897824,2.573697378866297,4,83,1,1291.0,47,69.56,70.06,68.5,69.54,1.0074777106701178,0.7943131204590139,10,2.3978952727983707,0.012048192771084338,0.6931471805599453,30,2,1556.48,27,78.82,80.96,76.66,78.52,1.031074885379521,2.1565095254446076,200,5.303304908059076,0.03333333333333333,1.0986122886681098,-9.259999999999991,-10.899999999999991,-8.159999999999997,-8.97999999999999,-190,-0.021285140562248995,-0.4054651081081645,1.4,2.0,0.4,0.484375,1.3333333333333333,1.6666666666666667,0.5,0.5285714285714286,0.2,1.4,0.1,0.07534246575342465,0.5714285714285714,1.8571428571428572,0.21428571428571427,0.18333333333333335,A,1,4,-3,5
2021-07-18,South Africa,Senegal,False,COSAFA Cup,0.45,1579.4,1705.3,-125.89999999999986,0.4627957945504607,0.5372042054495393,0.0,-0.016666666666666663,-0.04719004719004727,-0.39999999999999997,-0.3999999999999999,0.4641146758401669,0.4641146758401669,0.30382798623974966,0.0,0.0,1,60,3,1429.0,40,71.74,72.79,72.69,69.92,1.0410469107551488,1.6288953311984171,35,3.58351893845611,0.016666666666666666,1.3862943611198906,14,3,1686.41,13,79.32,80.15,76.69,79.3,1.0107187894073142,1.8030622100563654,260,5.564520407322694,0.07142857142857142,1.3862943611198906,-7.579999999999998,-7.359999999999999,-4.0,-9.379999999999995,-225,-0.05476190476190476,0.0,0.6,1.2,0.3,0.3174603174603175,0.8,1.1,0.35,0.3223140495867769,0.2,0.8,0.3,0.27027027027027023,0.3333333333333333,0.8333333333333334,0.3333333333333333,0.2875,D,0,0,0,0
2021-07-18,United States,Canada,False,Gold Cup,0.55,1751.0,1664.2,86.79999999999995,0.7456048949667369,0.2543951050332631,0.0,-0.021428571428571352,-0.07640791476407904,0.9999999999999998,0.40000000000000013,0.3715113439277806,0.5210223834983208,0.2294282819824697,1.2678214187781534,1.469673454936615,9,16,11,1675.7,15,,,,,,,250,5.5254529391317835,0.0625,2.4849066497880004,30,2,1556.48,27,78.82,80.96,76.66,78.52,1.031074885379521,2.1565095254446076,200,5.303304908059076,0.03333333333333333,1.0986122886681098,,,,,50,0.029166666666666667,1.3862943611198906,1.8,1.4,0.6,0.6986301369863013,1.5714285714285714,1.4285714285714286,0.5714285714285714,0.6333333333333333,2.8,1.8,0.6,0.6222222222222222,1.7,1.4,0.55,0.588888888888889,H,1,0,1,1
2021-07-29,Mexico,Canada,True,Gold Cup,0.55,1864.0,1655.3,208.70000000000005,0.7687690797911576,0.2312309202088424,-0.10000000000000009,0.125,-0.24931506849315055,-0.20000000000000018,0.3999999999999999,0.4956880028849314,0.3405589687271605,0.30919181815314145,1.2707226565174519,0.5186513744196701,6,15,17,1684.13,14,77.71,79.23,77.3,75.4,1.0507957559681698,1.9150195821453098,230,5.442417710521793,0.06666666666666667,2.8903717578961645,30,2,1556.48,27,78.82,80.96,76.66,78.52,1.031074885379521,2.1565095254446076,200,5.303304908059076,0.03333333333333333,1.0986122886681098,-1.1099999999999994,-1.7299999999999898,0.6400000000000006,-3.1199999999999903,30,0.03333333333333333,1.7917594692280547,2.2,1.0,0.8,0.8493150684931505,1.875,1.375,0.625,0.6732673267326732,2.0,1.4,0.7,0.6,2.0,1.2,0.75,0.75,H,2,1,1,3
2021-07-29,United States,Qatar,False,Gold Cup,0.55,1759.9,1625.4,134.5,0.7941117274730732,0.20588827252692676,0.8,0.30000000000000004,0.8666666666666667,2.4,-1.0,0.5361874420687935,0.4638125579312064,0.2319062789656032,1.0,0.0,1,16,11,1675.7,15,,,,,,,250,5.5254529391317835,0.0625,2.4849066497880004,55,1,1454.0,38,72.65,75.52,71.59,70.64,1.0690826727066818,2.587205699849418,18,2.9444389791664403,0.01818181818181818,0.6931471805599453,,,,,232,0.04431818181818182,1.791759469228055,0.6,2.4,0.0,0.0,0.9,1.8,0.25,0.35123966942148765,3.0,1.4,0.8,0.8666666666666667,1.7,1.4,0.55,0.588888888888889,H,1,0,1,1
2021-08-01,United States,Mexico,False,Gold Cup,0.55,1767.1,1872.1,-105.0,0.49280491829094863,0.5071950817090514,0.10000000000000009,-0.19999999999999996,0.2666666666666667,0.0,-0.19999999999999996,0.46032287936138394,0.4405605693471523,0.2089240279939869,1.2646380603690555,1.0420859802399014,10,16,11,1675.7,15,,,,,,,250,5.5254529391317835,0.0625,2.4849066497880004,15,17,1684.13,14,77.71,79.23,77.3,75.4,1.0507957559681698,1.9150195821453098,230,5.442417710521793,0.06666666666666667,2.8903717578961645,,,,,20,-0.004166666666666666,-0.40546510810816416,2.4,1.4,0.7,0.6,2.2,1.2,0.75,0.7333333333333333,2.4,1.2,0.8,0.8666666666666667,1.7,1.4,0.55,0.588888888888889,H,1,0,1,1
2021-09-01,France,Bosnia and Herzegovina,False,FIFA World Cup qualification,1.0,2078.0,1706.4,371.5999999999999,0.9378912908519678,0.06210870914803224,0.7,0.44999999999999996,0.637082204155375,1.6,-0.3999999999999999,0.49585867538587264,0.4344313841433354,0.2869256325424597,1.0,0.5315800826357266,2,1,16,1877.32,1,84.99,86.44,82.82,84.39,1.024291977722479,1.815296119094625,1280,7.155396301896734,1.0,2.833213344056216,65,1,1385.0,43,,,,,,,70,4.2626798770413155,0.015384615384615385,0.6931471805599453,,,,,1210,0.9846153846153847,2.1400661634962708,0.2,1.2,0.2,0.25925925925925924,0.5,0.8,0.4,0.4347826086956522,1.8,0.8,0.9,0.8963414634146342,1.7,0.8,0.85,0.8451612903225807,D,1,1,0,2
2021-09-01,Norway,Netherlands,False,FIFA World Cup qualification,1.0,1724.3,1888.5,-164.20000000000005,0.40864615945461813,0.5913538405453819,-0.19999999999999996,-0.050000000000000044,-0.1759091822382962,-0.6000000000000001,0.0,0.3375242719178137,0.6083157438783857,0.22292212016270727,0.8225933050684362,1.8333289998355808,3,31,3,1550.94,28,82.05,84.71,81.34,77.67,1.0906398867001414,3.521065179743194,320,5.771441123130016,0.03225806451612903,1.3862943611198906,7,10,1757.87,7,83.2,80.93,83.63,84.01,0.963337697893108,1.6793252613276926,720,6.580639137284949,0.14285714285714285,2.3978952727983707,-1.1500000000000057,3.779999999999987,-2.289999999999992,-6.340000000000003,-400,-0.11059907834101382,-1.01160091167848,2.0,1.6,0.6,0.5873015873015873,1.7,1.3,0.55,0.5859375,1.4,1.6,0.4,0.4113924050632911,1.625,1.375,0.5,0.41203703703703703,D,1,1,0,2
2021-09-02,South Korea,Iraq,False,FIFA World Cup qualification,1.0,1740.9,1645.7,95.20000000000005,0.7546672600160963,0.2453327399839037,-0.4,0.0,-0.39071566731141216,-0.19999999999999996,1.0,0.6740522178193116,0.2808455732217569,0.18552499556980992,1.958029076080453,0.5244937391475414,5,25,10,1589.65,23,80.06,83.51,76.56,79.68,1.048067269076305,3.481039116892159,210,5.351858133476067,0.04,2.3978952727983707,57,1,1447.0,39,70.2,71.16,69.09,70.18,1.013964092333998,1.0354870029765348,15,2.772588722239781,0.017543859649122806,0.6931471805599453,9.86,12.350000000000009,7.469999999999999,9.5,195,0.022456140350877195,1.7047480922384253,1.4,0.6,0.9,0.9361702127659575,0.8,0.7,0.6,0.5909090909090909,1.2,1.6,0.5,0.5454545454545453,1.3,1.0,0.6,0.5270270270270271,D,0,0,0,0
2021-09-02,Sweden,Spain,False,FIFA World Cup qualification,1.0,1780.4,2021.9,-241.5,0.3069240052549,0.6930759947451,-0.49999999999999994,-0.4,-0.5279411764705882,-1.4,1.5999999999999999,0.437137505868175,0.4718457929872959,0.279341549669224,0.6297159280283922,1.0214840061776849,5,38,12,1514.77,31,79.87,84.25,74.43,75.32,1.1185608072225173,5.430920732251576,140,4.948759890378168,0.02631578947368421,2.5649493574615367,2,16,1876.4,2,84.31,84.06,85.96,81.55,1.030778663396689,2.2120201927951126,920,6.825460036255307,0.5,2.833213344056216,-4.439999999999998,0.18999999999999773,-11.529999999999987,-6.230000000000004,-780,-0.4736842105263158,-0.2682639865946794,2.4,0.8,0.7,0.7279411764705882,1.6,0.7,0.65,0.68,1.0,2.4,0.2,0.19999999999999998,1.0,2.1,0.25,0.2598684210526316,H,2,1,1,3
2021-09-02,Ecuador,Paraguay,False,FIFA World Cup qualification,1.0,1731.3,1690.4,40.899999999999864,0.6923407906113249,0.3076592093886751,0.2,-0.04999999999999999,0.23884901307357087,2.0,0.5999999999999999,0.35254985378194004,0.3614011405435663,0.4379323305313391,0.39544985278988565,0.4405557776936394,4,23,4,1596.48,21,79.42,73.4,81.21,78.83,0.9311175948243056,4.003028020553102,220,5.3981627015177525,0.043478260869565216,1.6094379124341003,40,8,1503.5,32,74.7,74.93,75.23,74.05,1.011883862255233,0.6132971003790402,100,4.61512051684126,0.025,2.1972245773362196,4.719999999999999,-1.5300000000000011,5.97999999999999,4.780000000000001,120,0.018478260869565215,-0.5877866649021193,0.2,0.8,0.3,0.27710843373493976,0.6,1.0,0.35,0.3087248322147651,2.2,1.4,0.5,0.5159574468085106,1.3,2.0,0.3,0.35625,H,2,0,2,2
2021-09-04,Haiti,Jordan,True,Friendly,0.3,1451.3,1532.6,-81.29999999999995,0.3850896264029167,0.6149103735970833,-0.19999999999999998,-0.14583333333333331,-0.1799766831827456,-0.8,0.0,0.5372209413576473,0.4627790586423528,0.2313895293211764,2.0,0.0,1,83,1,1291.0,47,69.56,70.06,68.5,69.54,1.0074777106701178,0.7943131204590139,10,2.3978952727983707,0.012048192771084338,0.6931471805599453,63,0,1391.0,42,70.24,72.37,69.09,67.57,1.0710374426520648,2.453188401516149,20,3.044522437723423,0.015873015873015872,0.0,-0.6799999999999926,-2.3100000000000023,-0.5900000000000034,1.970000000000013,-10,-0.003824823101931534,0.6931471805599453,1.0,1.4,0.3,0.25531914893617025,0.8888888888888888,1.3333333333333333,0.3333333333333333,0.3902439024390244,0.2,1.4,0.1,0.07534246575342465,0.5,1.75,0.1875,0.16336633663366337,H,2,0,2,2
2021-09-04,Qatar,Portugal,True,Friendly,0.3,1618.2,1958.2,-340.0,0.12377068106893543,0.8762293189310646,-0.30000000000000004,-0.39999999999999997,-0.24085365853658533,-0.19999999999999996,0.8,0.4298471958052766,0.5701528041947234,0.2149235979026383,0.49281363658679006,3.0,2,55,1,1454.0,38,72.65,75.52,71.59,70.64,1.0690826727066818,2.587205699849418,18,2.9444389791664403,0.01818181818181818,0.6931471805599453,5,8,1763.83,5,83.74,82.45,86.12,82.24,1.0025535019455254,2.182025053323941,850,6.7464121285733745,0.2,2.1972245773362196,-11.08999999999999,-6.930000000000007,-14.530000000000001,-11.599999999999994,-832,-0.18181818181818182,-1.5040773967762742,1.4,1.8,0.4,0.375,1.6,1.0,0.6,0.5961538461538461,1.2,2.6,0.1,0.13414634146341467,1.1,2.1,0.2,0.26956521739130435,A,1,3,-2,4
2021-09-05,Sweden,Uzbekistan,False,Friendly,0.3,1808.1,1459.7,348.39999999999986,0.9296416610346999,0.07035833896530008,0.09999999999999998,0.04999999999999999,0.17185554171855544,-0.19999999999999996,0.3999999999999999,0.5372492470563651,0.46275075294363494,0.23137537647181747,2.0,1.0,1,38,12,1514.77,31,79.87,84.25,74.43,75.32,1.1185608072225173,5.430920732251576,140,4.948759890378168,0.02631578947368421,2.5649493574615367,50,0,1465.34,37,72.62,72.67,74.08,70.68,1.02815506508206,1.7082251998297293,40,3.713572066704308,0.02,0.0,7.25,11.579999999999998,0.3500000000000085,4.639999999999986,100,0.006315789473684209,2.5649493574615367,1.2,1.6,0.2,0.13636363636363635,0.7,1.6,0.2,0.1822916666666667,1.0,2.0,0.3,0.3082191780821918,0.7,1.8,0.25,0.2598684210526316,H,2,1,1,3
2021-09-05,Belgium,Czech Republic,False,FIFA World Cup qualification,1.0,2015.9,1769.7,246.20000000000005,0.8800482754474375,0.11995172455256253,0.29999999999999993,0.35000000000000003,0.1389610389610389,0.5999999999999999,0.0,0.5043566462196103,0.43441925525074787,0.27843372615501577,2.066431789334932,0.46678410533253384,2,9,13,1734.71,9,82.71,82.46,84.06,79.53,1.0368414434804476,2.2973100211624318,600,6.398594934535208,0.1111111111111111,2.6390573296152584,41,9,1503.04,33,,,,,,,95,4.564348191467836,0.024390243902439025,2.302585092994046,,,,,505,0.08672086720867209,0.3364722366212125,0.8,0.8,0.4,0.4610389610389611,0.8,1.6,0.3,0.36206896551724144,1.4,0.8,0.7,0.6,1.8,1.1,0.65,0.6333333333333333,H,3,0,3,3
2021-09-05,Paraguay,Colombia,False,FIFA World Cup qualification,1.0,1672.0,1857.0,-185.0,0.3800586409554767,0.6199413590445233,-0.2,-0.15000000000000002,-0.17734393266308165,-0.8,-1.0,0.2632623824995088,0.5264079481863103,0.3419608605639352,0.8164001798661072,1.500657499810129,7,40,8,1503.5,32,74.7,74.93,75.23,74.05,1.011883862255233,0.6132971003790402,100,4.61512051684126,0.025,2.1972245773362196,13,6,1693.09,12,79.68,82.37,79.35,78.43,1.0502358791278847,2.0611647192788847,380,5.942799375126701,0.07692307692307693,1.9459101490553132,-4.980000000000004,-7.439999999999998,-4.11999999999999,-4.38000000000001,-280,-0.051923076923076926,0.25131442828090633,1.0,2.0,0.4,0.39010989010989017,0.9,1.8,0.45,0.42123287671232884,0.2,1.0,0.2,0.2127659574468085,0.5,1.0,0.3,0.2516778523489933,D,1,1,0,2
2021-09-05,United States,Canada,False,FIFA World Cup qualification,1.0,1784.8,1647.2,137.5999999999999,0.7970140504562645,0.2029859495437355,0.20000000000000007,0.09444444444444444,0.18136986301369873,-0.40000000000000013,-0.3999999999999999,0.3715113439277806,0.5210223834983208,0.2294282819824697,1.2678214187781534,1.469673454936615,9,16,11,1675.7,15,,,,,,,250,5.5254529391317835,0.0625,2.4849066497880004,30,2,1556.48,27,78.82,80.96,76.66,78.52,1.031074885379521,2.1565095254446076,200,5.303304908059076,0.03333333333333333,1.0986122886681098,,,,,50,0.029166666666666667,1.3862943611198906,1.8,1.2,0.6,0.6986301369863014,1.6666666666666667,1.3333333333333333,0.5555555555555556,0.6071428571428571,1.4,0.8,0.8,0.8800000000000001,1.8,1.3,0.65,0.7111111111111111,D,1,1,0,2
2021-09-06,South Africa,Ghana,False,FIFA World Cup qualification,1.0,1580.7,1709.9,-129.20000000000005,0.4580764838751863,0.5419235161248137,-0.3,-0.28571428571428575,-0.3349206349206349,-1.4,0.19999999999999996,0.43841577755174643,0.47728336478498845,0.27309043607498557,0.4654547234918732,0.7684577715739206,5,60,3,1429.0,40,71.74,72.79,72.69,69.92,1.0410469107551488,1.6288953311984171,35,3.58351893845611,0.016666666666666666,1.3862943611198906,74,4,1346.0,45,75.83,76.81,77.55,73.19,1.0494603087853533,2.3331523739353166,130,4.875197323201151,0.013513513513513514,1.6094379124341003,-4.090000000000003,-4.019999999999996,-4.859999999999999,-3.269999999999996,-95,0.003153153153153152,-0.2231435513142097,1.8,0.8,0.6,0.6349206349206349,1.5714285714285714,0.5714285714285714,0.6428571428571429,0.6533333333333334,0.4,1.0,0.3,0.3,0.42857142857142855,0.8571428571428571,0.35714285714285715,0.3247422680412371,H,1,0,1,1
2021-09-07,Austria,Scotland,False,FIFA World Cup qualification,1.0,1728.6,1598.6,130.0,0.7898441797581306,0.2101558202418694,0.0,0.15000000000000002,0.07909379968203506,0.0,-0.19999999999999996,0.401208331145633,0.4659052685643783,0.33349056586280523,1.3451174763115115,1.6725587381557556,3,24,7,1593.45,22,78.91,78.39,79.48,78.32,1.0008937691521962,0.6504613747179809,195,5.278114659230517,0.041666666666666664,2.0794415416798357,43,7,1499.92,34,77.5,73.76,79.29,77.16,0.9559357179885952,2.7891994072373767,135,4.912654885736052,0.023255813953488372,2.0794415416798357,1.4099999999999966,4.6299999999999955,0.18999999999999773,1.1599999999999966,60,0.018410852713178293,0.0,1.0,1.2,0.5,0.47972972972972966,0.8,2.1,0.35,0.3694029850746269,1.0,1.0,0.5,0.5588235294117647,1.0,1.1111111111111112,0.5,0.5000000000000001,A,0,1,-1,1
2021-09-07,Iraq,Iran,True,FIFA World Cup qualification,1.0,1655.9,1755.4,-99.5,0.3605983592763654,0.6394016407236346,0.19999999999999996,0.0,0.23791102514506762,-0.19999999999999996,-0.7999999999999999,0.4111837514557399,0.5613696616283772,0.21545174526447178,0.28368033389243646,1.378340611619646,5,57,1,1447.0,39,70.2,71.16,69.09,70.18,1.013964092333998,1.0354870029765348,15,2.772588722239781,0.017543859649122806,0.6931471805599453,21,6,1616.04,19,75.74,78.83,74.88,72.88,1.0816410537870473,3.0277879714405382,75,4.330733340286331,0.047619047619047616,1.9459101490553132,-5.539999999999992,-7.670000000000002,-5.789999999999992,-2.6999999999999886,-60,-0.03007518796992481,-1.252762968495368,1.2,1.4,0.5,0.27272727272727276,1.0,1.0,0.55,0.36693548387096775,1.0,0.6,0.7,0.5106382978723404,0.7,0.7,0.55,0.49115044247787604,A,0,3,-3,3
2021-09-07,Netherlands,Turkey,False,FIFA World Cup qualification,1.0,1884.9,1872.2,12.700000000000045,0.656729477971313,0.343270522028687,-0.19999999999999996,-0.24999999999999994,-0.33039561300430864,-0.9999999999999998,0.0,0.574176296019367,0.42582370398063285,0.18666876836216886,2.9505993298363133,1.6215673440133564,3,7,10,1757.87,7,83.2,80.93,83.63,84.01,0.963337697893108,1.6793252613276926,720,6.580639137284949,0.14285714285714285,2.3978952727983707,22,2,1599.04,20,80.6,73.08,82.57,79.88,0.9148723084626941,4.891083724492965,460,6.133398042996649,0.045454545454545456,1.0986122886681098,2.6000000000000085,7.8500000000000085,1.0600000000000023,4.13000000000001,260,0.0974025974025974,1.2992829841302609,2.8,1.8,0.7,0.7898550724637681,2.1,1.2,0.7,0.75,1.8,1.8,0.5,0.45945945945945943,1.4,1.4,0.45,0.46564885496183217,H,6,1,5,7
2021-09-08,Panama,Mexico,False,FIFA World Cup qualification,1.0,1524.4,1854.3,-329.89999999999986,0.21025138791169187,0.7897486120883082,-0.5,-0.6,-0.20775862068965512,-1.5999999999999999,1.0000000000000002,0.21517973992031494,0.7500928921379321,0.1423172379019105,0.2716128599086043,1.691619627055401,10,33,1,1540.64,29,71.68,71.04,71.68,72.16,0.984478935698448,0.5619015334854749,55,4.02535169073515,0.030303030303030304,0.6931471805599453,15,17,1684.13,14,77.71,79.23,77.3,75.4,1.0507957559681698,1.9150195821453098,230,5.442417710521793,0.06666666666666667,2.8903717578961645,-6.029999999999987,-8.189999999999998,-5.61999999999999,-3.240000000000009,-175,-0.03636363636363636,-2.197224577336219,2.4,1.2,0.8,0.725,2.1,1.3,0.75,0.75,0.8,2.2,0.3,0.5172413793103449,0.5,2.4,0.15,0.2912621359223301,D,1,1,0,2
2021-09-09,Uruguay,Ecuador,False,FIFA World Cup qualification,1.0,1856.9,1749.8,107.10000000000014,0.7671277689938472,0.23287223100615284,0.2,0.2,0.18681318681318682,-0.5999999999999999,-1.0,0.4050741192667114,0.4616708307609629,0.29604616866930344,0.9642407820992716,1.0099795076250166,5,17,14,1673.07,16,82.26,82.38,83.75,80.54,1.0228457909113482,1.6107244746800498,270,5.602118820879701,0.058823529411764705,2.70805020110221,23,4,1596.48,21,79.42,73.4,81.21,78.83,0.9311175948243056,4.003028020553102,220,5.3981627015177525,0.043478260869565216,1.6094379124341003,2.8400000000000034,8.97999999999999,2.5400000000000063,1.710000000000008,50,0.015345268542199489,1.0986122886681098,1.4,1.6,0.3,0.3131868131868132,1.3,1.9,0.3,0.35624999999999996,0.8,0.6,0.5,0.5,1.5,1.2,0.5,0.4906250000000001,H,1,0,1,1
2021-10-07,Saudi Arabia,Japan,False,FIFA World Cup qualification,1.0,1613.2,1795.7,-182.5,0.383455204164224,0.6165447958357759,-0.09999999999999998,-0.09999999999999998,-0.058743169398907114,0.0,0.6,0.3536210339303705,0.5046163142767048,0.2934951268564714,0.12760086263420067,0.9669022864078871,5,61,6,1421.0,41,75.74,75.38,76.06,74.85,1.0070808283233132,0.6065476073648342,55,4.02535169073515,0.01639344262295082,1.9459101490553132,18,7,1661.58,17,76.86,73.58,78.41,76.46,0.9623332461417735,2.4298765400735887,290,5.673323267171493,0.05555555555555555,2.0794415416798357,-1.1200000000000045,1.7999999999999972,-2.3499999999999943,-1.6099999999999994,-235,-0.03916211293260473,-0.13353139262452252,0.8,0.6,0.6,0.5833333333333334,1.1,1.0,0.5,0.4867256637168142,0.8,1.2,0.5,0.5245901639344263,0.6,1.2,0.4,0.4019607843137255,H,1,0,1,1
2021-10-07,Mexico,Canada,False,FIFA World Cup qualification,1.0,1842.7,1659.0,183.70000000000005,0.8365950241282981,0.16340497587170189,0.0,0.25,-0.18751902587519031,0.0,0.19999999999999996,0.4956880028849314,0.3405589687271605,0.30919181815314145,1.2707226565174519,0.5186513744196701,6,15,17,1684.13,14,77.71,79.23,77.3,75.4,1.0507957559681698,1.9150195821453098,230,5.442417710521793,0.06666666666666667,2.8903717578961645,30,2,1556.48,27,78.82,80.96,76.66,78.52,1.031074885379521,2.1565095254446076,200,5.303304908059076,0.03333333333333333,1.0986122886681098,-1.1099999999999994,-1.7299999999999898,0.6400000000000006,-3.1199999999999903,30,0.03333333333333333,1.7917594692280547,1.8,0.8,0.6,0.6986301369863014,1.6,1.4,0.5,0.5528455284552845,1.8,1.0,0.6,0.5111111111111111,2.1,1.0,0.75,0.7058823529411765,D,1,1,0,2
2021-10-07,Paraguay,Argentina,False,FIFA World Cup qualification,1.0,1676.8,1994.0,-317.20000000000005,0.2226475703777425,0.7773524296222575,-0.7000000000000001,-0.5,-0.6833897485493229,-1.6,0.6,0.43713439749280586,0.4476130605859152,0.2692281266756188,0.8402067324176327,0.8674879792398645,6,40,8,1503.5,32,74.7,74.93,75.23,74.05,1.011883862255233,0.6132971003790402,100,4.61512051684126,0.025,2.1972245773362196,3,18,1874.81,3,84.24,84.97,83.57,83.76,1.0144460362941738,0.7594076639065482,570,6.3473892096560105,0.3333333333333333,2.9444389791664403,-9.539999999999992,-10.039999999999992,-8.33999999999999,-9.710000000000008,-470,-0.3083333333333333,-0.7472144018302207,1.6,0.6,0.8,0.7897727272727272,1.9,0.7,0.8,0.7885906040268456,0.0,1.2,0.1,0.10638297872340426,0.5,1.1,0.3,0.2467105263157895,D,0,0,0,0
2021-10-07,Uruguay,Colombia,False,FIFA World Cup qualification,1.0,1866.2,1852.2,14.0,0.6584145209169125,0.34158547908308745,-0.09999999999999998,0.04999999999999999,-0.10989010989010983,-0.8,-0.4,0.4362144022899572,0.3887742576464622,0.3160822300408531,1.4522853729453333,1.1799107006208922,6,17,14,1673.07,16,82.26,82.38,83.75,80.54,1.0228457909113482,1.6107244746800498,270,5.602118820879701,0.058823529411764705,2.70805020110221,13,6,1693.09,12,79.68,82.37,79.35,78.43,1.0502358791278847,2.0611647192788847,380,5.942799375126701,0.07692307692307693,1.9459101490553132,2.5799999999999983,0.009999999999990905,4.400000000000006,2.1099999999999994,-110,-0.018099547511312222,0.7621400520468968,1.0,1.0,0.5,0.5,0.9,1.9,0.4,0.36301369863013705,0.2,0.6,0.4,0.39010989010989017,1.1,1.2,0.45,0.4375,D,0,0,0,0
2021-10-07,Belgium,France,True,UEFA Nations League,0.7,2024.3,2060.5,-36.200000000000045,0.4480917146907858,0.5519082853092142,0.09999999999999998,-0.15000000000000002,0.041269841269841456,-0.8000000000000003,-0.9999999999999999,0.2933252436285647,0.7066747563714353,0.14666262181428236,0.5247730731049075,1.806749901596689,5,9,13,1734.71,9,82.71,82.46,84.06,79.53,1.0368414434804476,2.2973100211624318,600,6.398594934535208,0.1111111111111111,2.6390573296152584,1,16,1877.32,1,84.99,86.44,82.82,84.39,1.024291977722479,1.815296119094625,1280,7.155396301896734,1.0,2.833213344056216,-2.280000000000001,-3.980000000000004,1.240000000000009,-4.859999999999999,-680,-0.8888888888888888,-0.19415601444095776,2.2,1.4,0.8,0.7999999999999998,1.9,1.0,0.85,0.8451612903225806,1.4,0.4,0.9,0.8412698412698413,1.8,1.0,0.7,0.6870229007633588,A,2,3,-1,5
2021-10-08,Turkey,Norway,False,FIFA World Cup qualification,1.0,1844.7,1728.0,116.70000000000005,0.7768538802758621,0.2231461197241379,0.3,0.15555555555555556,0.3739837398373983,1.9999999999999998,0.6000000000000001,0.49469277312372745,0.4335860945964724,0.28851417957803627,1.9200886193331645,0.5399556903334177,2,22,2,1599.04,20,80.6,73.08,82.57,79.88,0.9148723084626941,4.891083724492965,460,6.133398042996649,0.045454545454545456,1.0986122886681098,31,3,1550.94,28,82.05,84.71,81.34,77.67,1.0906398867001414,3.521065179743194,320,5.771441123130016,0.03225806451612903,1.3862943611198906,-1.4500000000000028,-11.629999999999995,1.2299999999999898,2.2099999999999937,140,0.013196480938416424,-0.2876820724517808,0.8,1.6,0.3,0.29268292682926833,1.4444444444444444,1.5555555555555556,0.4444444444444444,0.34765625,2.8,2.2,0.6,0.6666666666666666,1.9,1.3,0.6,0.624031007751938,D,1,1,0,2
2021-10-09,Curaçao,New Zealand,True,Friendly,0.3,1496.4,1434.8,61.600000000000136,0.587732161361297,0.412267838638703,,,,,,0.4617765095693881,0.5382234904306119,0.23088825478469405,1.0,2.0,1,82,0,1294.0,46,,,,,,,12,2.5649493574615367,0.012195121951219513,0.0,85,2,1281.0,48,71.79,75.19,70.01,71.34,1.0539669189795347,2.690223039080585,9,2.302585092994046,0.011764705882352941,1.0986122886681098,,,,,3,0.0004304160688665716,-1.0986122886681098,,,,,,,,,0.75,1.0,0.375,0.3113207547169811,0.75,1.0,0.375,0.3113207547169811,A,1,2,-1,3
2021-10-09,Portugal,Qatar,False,Friendly,0.3,1961.9,1614.5,347.4000000000001,0.9292642095954485,0.07073579040455147,0.30000000000000004,0.4,0.23124795283327873,0.3999999999999999,-0.5999999999999999,0.5701528041947234,0.4298471958052766,0.2149235979026383,3.0,0.49281363658679006,2,5,8,1763.83,5,83.74,82.45,86.12,82.24,1.0025535019455254,2.182025053323941,850,6.7464121285733745,0.2,2.1972245773362196,55,1,1454.0,38,72.65,75.52,71.59,70.64,1.0690826727066818,2.587205699849418,18,2.9444389791664403,0.01818181818181818,0.6931471805599453,11.08999999999999,6.930000000000007,14.530000000000001,11.599999999999994,832,0.18181818181818182,1.5040773967762742,1.0,2.4,0.1,0.12790697674418602,0.8,2.1,0.1,0.12844036697247707,1.4,1.8,0.4,0.35915492957746475,1.2,1.0,0.5,0.47744360902255645,H,3,0,3,3
2021-10-10,Panama,United States,False,FIFA World Cup qualification,1.0,1535.9,1772.9,-237.0,0.3124617517876582,0.6875382482123418,-0.6,-0.55,-0.4365079365079364,0.0,2.2,0.48111021112847935,0.4516318132174868,0.18724496445098837,0.9701150733592296,1.6082991481938786,9,33,1,1540.64,29,71.68,71.04,71.68,72.16,0.984478935698448,0.5619015334854749,55,4.02535169073515,0.030303030303030304,0.6931471805599453,16,11,1675.7,15,,,,,,,250,5.5254529391317835,0.0625,2.4849066497880004,,,,,-195,-0.032196969696969696,-1.791759469228055,1.4,0.4,1.0,1.0,1.9,1.0,0.75,0.7894736842105263,1.4,2.6,0.4,0.5634920634920636,0.8,2.4,0.2,0.32870370370370366,H,1,0,1,1
2021-10-10,Colombia,Brazil,False,FIFA World Cup qualification,1.0,1858.6,2032.3,-173.70000000000005,0.39549989945812014,0.6045001005418799,-0.4,-0.35,-0.40957446808510645,-1.0,0.4,0.3517379341472963,0.47936939918012095,0.30303248456195764,1.0368708443188364,1.3122706035539813,7,13,6,1693.09,12,79.68,82.37,79.35,78.43,1.0502358791278847,2.0611647192788847,380,5.942799375126701,0.07692307692307693,1.9459101490553132,6,22,1761.16,6,85.24,85.72,84.39,84.78,1.0110875206416607,0.6836909633257792,1000,6.90875477931522,0.16666666666666666,3.1354942159291497,-5.559999999999988,-3.3499999999999943,-5.040000000000006,-6.349999999999994,-620,-0.08974358974358973,-1.1895840668738364,1.8,0.4,0.9,0.9095744680851064,1.7,0.6,0.75,0.8297101449275363,0.8,0.8,0.5,0.5,0.8,1.8,0.4,0.375,D,0,0,0,0
2021-10-10,Argentina,Uruguay,False,FIFA World Cup qualification,1.0,1982.9,1859.9,123.0,0.7830774434096761,0.2169225565903239,0.30000000000000004,0.30000000000000004,0.2901098901098901,0.9999999999999999,0.0,0.5815338330334088,0.3905121088474669,0.17688090984293825,1.0840873515813148,0.5966592788293559,6,3,18,1874.81,3,84.24,84.97,83.57,83.76,1.0144460362941738,0.7594076639065482,570,6.3473892096560105,0.3333333333333333,2.9444389791664403,17,14,1673.07,16,82.26,82.38,83.75,80.54,1.0228457909113482,1.6107244746800498,270,5.602118820879701,0.058823529411764705,2.70805020110221,1.9799999999999898,2.5900000000000034,-0.18000000000000682,3.219999999999999,300,0.2745098039215686,0.2363887780642302,0.4,0.2,0.6,0.6098901098901098,1.0,1.0,0.5,0.5,1.4,0.2,0.9,0.8999999999999999,1.4,0.6,0.8,0.8031250000000001,H,3,0,3,3
2021-10-10,Spain,France,True,UEFA Nations League,0.7,1994.2,2082.9,-88.70000000000005,0.3750532935601027,0.6249467064398972,0.0,-0.15000000000000002,0.015013155858226379,0.7999999999999998,-0.3999999999999999,0.6164145419627763,0.3835854580372237,0.1645321010805268,3.271638735859285,2.5905962425106384,3,2,16,1876.4,2,84.31,84.06,85.96,81.55,1.030778663396689,2.2120201927951126,920,6.825460036255307,0.5,2.833213344056216,1,16,1877.32,1,84.99,86.44,82.82,84.39,1.024291977722479,1.815296119094625,1280,7.155396301896734,1.0,2.833213344056216,-0.6799999999999926,-2.3799999999999955,3.1400000000000006,-2.8400000000000034,-360,-0.5,0.0,1.6,1.2,0.7,0.7032967032967031,1.9,1.1,0.8,0.7888198757763975,2.4,0.8,0.7,0.7183098591549295,1.6,0.7,0.65,0.68,A,1,2,-1,3
2021-10-12,Japan,Australia,False,FIFA World Cup qualification,1.0,1771.0,1708.3,62.700000000000045,0.7184076052318404,0.28159239476815956,0.19999999999999996,0.1111111111111111,0.06818181818181801,0.6,0.0,0.41578226072915747,0.45869331637996485,0.2788714159725077,0.8890074478307524,0.8494876042482822,4,18,7,1661.58,17,76.86,73.58,78.41,76.46,0.9623332461417735,2.4298765400735887,290,5.673323267171493,0.05555555555555555,2.0794415416798357,27,6,1578.66,24,73.3,73.31,72.57,72.76,1.0075590984057174,0.3843175770115159,120,4.795790545596741,0.037037037037037035,1.9459101490553132,3.5600000000000023,0.269999999999996,5.840000000000003,3.6999999999999886,170,0.018518518518518517,0.13353139262452252,0.4,0.6,0.4,0.4772727272727273,0.8888888888888888,1.0,0.3888888888888889,0.38942307692307687,1.0,0.6,0.6,0.5454545454545453,1.1,1.0,0.5,0.4313725490196078,H,2,1,1,3
2021-10-12,Jordan,Uzbekistan,False,Friendly,0.3,1514.1,1458.3,55.799999999999955,0.7103031653054331,0.28969683469456686,-0.1,0.09999999999999998,-0.08463949843260188,-0.4,0.0,0.4245576108221538,0.4137867238598924,0.3437194916648313,0.667133077404574,0.36548328008354825,3,63,0,1391.0,42,70.24,72.37,69.09,67.57,1.0710374426520648,2.453188401516149,20,3.044522437723423,0.015873015873015872,0.0,50,0,1465.34,37,72.62,72.67,74.08,70.68,1.02815506508206,1.7082251998297293,40,3.713572066704308,0.02,0.0,-2.3800000000000097,-0.29999999999999716,-4.989999999999995,-3.1100000000000136,-20,-0.004126984126984128,0.0,0.8,1.6,0.2,0.13636363636363635,0.7,1.5,0.2,0.15909090909090912,0.4,1.6,0.1,0.051724137931034475,0.8,1.3,0.3,0.3137254901960785,H,3,0,3,3
2021-10-12,Iran,South Korea,False,FIFA World Cup qualification,1.0,1780.6,1730.7,49.899999999999864,0.7032648897168581,0.2967351102831419,0.29999999999999993,0.15000000000000002,0.1489028213166143,0.3999999999999999,-1.2,0.41017480226352504,0.4879984076592614,0.30691419120897606,0.5668052653552085,1.4331947346447915,3,21,6,1616.04,19,75.74,78.83,74.88,72.88,1.0816410537870473,3.0277879714405382,75,4.330733340286331,0.047619047619047616,1.9459101490553132,25,10,1589.65,23,80.06,83.51,76.56,79.68,1.048067269076305,3.481039116892159,210,5.351858133476067,0.04,2.3978952727983707,-4.320000000000007,-4.680000000000007,-1.6800000000000068,-6.800000000000011,-135,0.007619047619047616,-0.45198512374305744,1.0,2.0,0.4,0.45454545454545453,0.9,1.3,0.5,0.445945945945946,1.4,0.8,0.7,0.6034482758620688,1.1,0.9,0.65,0.5282258064516129,D,1,1,0,2
2021-10-13,Canada,Panama,False,FIFA World Cup qualification,1.0,1672.5,1563.4,109.09999999999991,0.7691781413094855,0.23082185869051453,0.0,0.2,-0.02926525529265267,0.6000000000000001,-0.6000000000000001,0.6083543383203719,0.39164566167962817,0.16446438714260528,1.9527470753466205,0.7364619219746671,4,30,2,1556.48,27,78.82,80.96,76.66,78.52,1.031074885379521,2.1565095254446076,200,5.303304908059076,0.03333333333333333,1.0986122886681098,33,1,1540.64,29,71.68,71.04,71.68,72.16,0.984478935698448,0.5619015334854749,55,4.02535169073515,0.030303030303030304,0.6931471805599453,7.139999999999986,9.919999999999987,4.97999999999999,6.359999999999999,145,0.003030303030303029,0.4054651081081645,1.2,1.6,0.5,0.5909090909090909,0.9,2.2,0.25,0.3729508196721311,1.8,1.0,0.5,0.5616438356164383,1.6,1.5,0.45,0.5255474452554744,H,4,1,3,5
2021-10-14,Colombia,Ecuador,False,FIFA World Cup qualification,1.0,1862.7,1740.5,122.20000000000005,0.7822941565000856,0.2177058434999144,0.10000000000000003,0.10000000000000003,0.09340659340659352,0.0,-0.5999999999999999,0.3814402652440116,0.4745458377831048,0.2973029259873447,0.2939002701221679,0.9360994670951664,6,13,6,1693.09,12,79.68,82.37,79.35,78.43,1.0502358791278847,2.0611647192788847,380,5.942799375126701,0.07692307692307693,1.9459101490553132,23,4,1596.48,21,79.42,73.4,81.21,78.83,0.9311175948243056,4.003028020553102,220,5.3981627015177525,0.043478260869565216,1.6094379124341003,0.2600000000000051,8.969999999999999,-1.8599999999999994,-0.3999999999999915,160,0.03344481605351171,0.33647223662121295,0.6,1.4,0.3,0.31318681318681313,1.4,1.8,0.35,0.4202453987730061,0.6,0.8,0.4,0.40659340659340665,0.8,1.5,0.45,0.40229885057471265,D,0,0,0,0
2021-10-14,Brazil,Uruguay,False,FIFA World Cup qualification,1.0,2028.1,1844.7,183.39999999999986,0.8363588077981139,0.1636411922018861,0.09999999999999998,0.15000000000000002,0.10989010989010983,0.9999999999999999,0.39999999999999997,0.3933071535448259,0.3763303763029415,0.37471458895256066,0.9625199960655055,0.8160399097644911,6,6,22,1761.16,6,85.24,85.72,84.39,84.78,1.0110875206416607,0.6836909633257792,1000,6.90875477931522,0.16666666666666666,3.1354942159291497,17,14,1673.07,16,82.26,82.38,83.75,80.54,1.0228457909113482,1.6107244746800498,270,5.602118820879701,0.058823529411764705,2.70805020110221,2.9799999999999898,3.3400000000000034,0.6400000000000006,4.239999999999995,730,0.10784313725490195,0.4274440148269396,0.4,0.2,0.6,0.6098901098901099,0.9,0.9,0.5,0.5,1.4,0.6,0.7,0.7197802197802198,1.5,0.7,0.65,0.7065217391304348,H,4,1,3,5
2021-10-27,Mexico,Ecuador,True,Friendly,0.3,1829.3,1751.8,77.5,0.609717729038898,0.390282270961102,0.2,0.35,0.14444030545725461,1.0,0.0,0.3203183647418893,0.345731844588415,0.4819494756775843,0.823002066311379,0.8852898147572812,5,15,17,1684.13,14,77.71,79.23,77.3,75.4,1.0507957559681698,1.9150195821453098,230,5.442417710521793,0.06666666666666667,2.8903717578961645,23,4,1596.48,21,79.42,73.4,81.21,78.83,0.9311175948243056,4.003028020553102,220,5.3981627015177525,0.043478260869565216,1.6094379124341003,-1.710000000000008,5.829999999999998,-3.9099999999999966,-3.4299999999999926,10,0.02318840579710145,1.2809338454620642,0.6,1.2,0.3,0.3131868131868132,1.3,1.3,0.35,0.3870056497175141,1.6,1.2,0.5,0.4576271186440678,1.9,1.0,0.7,0.6276595744680851,A,2,3,-1,5
2021-11-11,Australia,Saudi Arabia,False,FIFA World Cup qualification,1.0,1697.0,1637.8,59.200000000000045,0.714313904295617,0.28568609570438297,-0.19999999999999996,-0.04999999999999999,-0.20624999999999993,-0.9999999999999999,-0.6,0.45691265661562813,0.36321063133547826,0.3324203872740199,0.7789402407493583,0.5385709638024704,4,27,6,1578.66,24,73.3,73.31,72.57,72.76,1.0075590984057174,0.3843175770115159,120,4.795790545596741,0.037037037037037035,1.9459101490553132,61,6,1421.0,41,75.74,75.38,76.06,74.85,1.0070808283233132,0.6065476073648342,55,4.02535169073515,0.01639344262295082,1.9459101490553132,-2.4399999999999977,-2.069999999999993,-3.490000000000009,-2.089999999999989,65,0.020643594414086214,0.0,1.4,1.0,0.7,0.8124999999999999,0.9,1.0,0.5,0.5258620689655172,0.4,0.4,0.5,0.60625,0.9,0.9,0.45,0.4879032258064517,D,0,0,0,0
2021-11-11,Brazil,Colombia,False,FIFA World Cup qualification,1.0,2039.5,1851.5,188.0,0.8399506946347535,0.16004930536524653,0.09999999999999998,0.25,0.10989010989010972,0.6,0.19999999999999996,0.47936939918012095,0.3517379341472963,0.30303248456195764,1.3122706035539813,1.0368708443188364,7,6,22,1761.16,6,85.24,85.72,84.39,84.78,1.0110875206416607,0.6836909633257792,1000,6.90875477931522,0.16666666666666666,3.1354942159291497,13,6,1693.09,12,79.68,82.37,79.35,78.43,1.0502358791278847,2.0611647192788847,380,5.942799375126701,0.07692307692307693,1.9459101490553132,5.559999999999988,3.3499999999999943,5.040000000000006,6.349999999999994,620,0.08974358974358973,1.1895840668738364,0.4,0.4,0.5,0.5,0.7,1.5,0.4,0.39361702127659576,1.0,0.6,0.6,0.6098901098901097,1.3,0.5,0.65,0.6875,H,1,0,1,1
2021-11-12,Uruguay,Argentina,False,FIFA World Cup qualification,1.0,1833.2,1998.0,-164.79999999999995,0.40781177856159223,0.5921882214384078,-0.20000000000000007,-0.3,-0.19934719535783363,-0.7999999999999999,0.39999999999999997,0.3905121088474669,0.5815338330334088,0.17688090984293825,0.5966592788293559,1.0840873515813148,6,17,14,1673.07,16,82.26,82.38,83.75,80.54,1.0228457909113482,1.6107244746800498,270,5.602118820879701,0.058823529411764705,2.70805020110221,3,18,1874.81,3,84.24,84.97,83.57,83.76,1.0144460362941738,0.7594076639065482,570,6.3473892096560105,0.3333333333333333,2.9444389791664403,-1.9799999999999898,-2.5900000000000034,0.18000000000000682,-3.219999999999999,-300,-0.2745098039215686,-0.2363887780642302,1.2,0.2,0.8,0.7897727272727272,1.3,0.6,0.75,0.7573099415204679,0.4,0.6,0.6,0.5904255319148936,0.7,1.0,0.45,0.4476439790575916,A,0,1,-1,1
2021-11-12,United States,Mexico,False,FIFA World Cup qualification,1.0,1745.4,1817.1,-71.69999999999982,0.5406371411948026,0.45936285880519745,0.30000000000000004,0.09999999999999998,0.2996323529411765,-0.3999999999999999,-0.6000000000000001,0.46032287936138394,0.4405605693471523,0.2089240279939869,1.2646380603690555,1.0420859802399014,10,16,11,1675.7,15,,,,,,,250,5.5254529391317835,0.0625,2.4849066497880004,15,17,1684.13,14,77.71,79.23,77.3,75.4,1.0507957559681698,1.9150195821453098,230,5.442417710521793,0.06666666666666667,2.8903717578961645,,,,,20,-0.004166666666666666,-0.40546510810816416,1.4,0.8,0.6,0.5441176470588235,1.7,1.1,0.65,0.5631067961165048,1.0,0.2,0.9,0.84375,1.9,1.0,0.75,0.7522935779816514,H,2,0,2,2
2021-11-14,Ghana,South Africa,False,FIFA World Cup qualification,1.0,1688.3,1602.4,85.89999999999986,0.7446209570468082,0.2553790429531918,0.19999999999999996,0.25,0.2738511488511489,1.2000000000000002,-0.20000000000000007,0.47728336478498845,0.43841577755174643,0.27309043607498557,0.7684577715739206,0.4654547234918732,5,74,4,1346.0,45,75.83,76.81,77.55,73.19,1.0494603087853533,2.3331523739353166,130,4.875197323201151,0.013513513513513514,1.6094379124341003,60,3,1429.0,40,71.74,72.79,72.69,69.92,1.0410469107551488,1.6288953311984171,35,3.58351893845611,0.016666666666666666,1.3862943611198906,4.090000000000003,4.019999999999996,4.859999999999999,3.269999999999996,95,-0.003153153153153152,0.2231435513142097,0.4,0.8,0.4,0.38961038961038963,0.375,0.75,0.375,0.339622641509434,1.6,0.6,0.6,0.6634615384615385,1.375,0.5,0.625,0.6419753086419754,H,1,0,1,1
2021-11-14,Spain,Sweden,False,FIFA World Cup qualification,1.0,1975.5,1809.5,166.0,0.8221846111535023,0.17781538884649772,0.0,0.25,-0.05745520302482343,0.19999999999999996,-0.6000000000000001,0.4718457929872959,0.437137505868175,0.279341549669224,1.0214840061776849,0.6297159280283922,5,2,16,1876.4,2,84.31,84.06,85.96,81.55,1.030778663396689,2.2120201927951126,920,6.825460036255307,0.5,2.833213344056216,38,12,1514.77,31,79.87,84.25,74.43,75.32,1.1185608072225173,5.430920732251576,140,4.948759890378168,0.02631578947368421,2.5649493574615367,4.439999999999998,-0.18999999999999773,11.529999999999987,6.230000000000004,780,0.4736842105263158,0.2682639865946794,1.2,1.8,0.5,0.5379746835443039,0.9,1.6,0.35,0.38387096774193546,1.4,1.2,0.5,0.48051948051948046,1.6,0.8,0.6,0.5954198473282443,H,1,0,1,1
2021-11-16,Colombia,Paraguay,False,FIFA World Cup qualification,1.0,1845.1,1687.9,157.19999999999982,0.8146574849117939,0.1853425150882061,0.4,0.15000000000000002,0.39361702127659576,0.2,-0.9999999999999999,0.5264079481863103,0.2632623824995088,0.3419608605639352,1.500657499810129,0.8164001798661072,7,13,6,1693.09,12,79.68,82.37,79.35,78.43,1.0502358791278847,2.0611647192788847,380,5.942799375126701,0.07692307692307693,1.9459101490553132,40,8,1503.5,32,74.7,74.93,75.23,74.05,1.011883862255233,0.6132971003790402,100,4.61512051684126,0.025,2.1972245773362196,4.980000000000004,7.439999999999998,4.11999999999999,4.38000000000001,280,0.051923076923076926,-0.25131442828090633,0.2,1.4,0.1,0.10638297872340426,0.6,1.2,0.3,0.25161290322580643,0.4,0.4,0.5,0.5,0.7,1.2,0.45,0.44680851063829785,D,0,0,0,0
2021-11-16,Netherlands,Norway,False,FIFA World Cup qualification,1.0,1912.3,1739.0,173.29999999999995,0.828245185388524,0.17175481461147601,0.10000000000000003,0.04999999999999999,0.07500000000000001,0.5999999999999999,0.19999999999999996,0.6083157438783857,0.3375242719178137,0.22292212016270727,1.8333289998355808,0.8225933050684362,3,7,10,1757.87,7,83.2,80.93,83.63,84.01,0.963337697893108,1.6793252613276926,720,6.580639137284949,0.14285714285714285,2.3978952727983707,31,3,1550.94,28,82.05,84.71,81.34,77.67,1.0906398867001414,3.521065179743194,320,5.771441123130016,0.03225806451612903,1.3862943611198906,1.1500000000000057,-3.779999999999987,2.289999999999992,6.340000000000003,400,0.11059907834101382,1.01160091167848,0.8,1.6,0.3,0.3,1.4,1.5,0.45,0.3682432432432432,1.4,1.8,0.4,0.375,1.5,1.4,0.5,0.5182481751824818,H,2,0,2,2
2021-11-16,Argentina,Brazil,False,FIFA World Cup qualification,1.0,2014.4,2045.9,-31.5,0.5973216634594746,0.40267833654052543,0.20000000000000007,0.10000000000000009,0.18681318681318682,0.20000000000000018,-0.6000000000000001,0.6051900209500378,0.3438096986974668,0.20030003166959748,1.8000448108907503,0.5206055765356633,7,3,18,1874.81,3,84.24,84.97,83.57,83.76,1.0144460362941738,0.7594076639065482,570,6.3473892096560105,0.3333333333333333,2.9444389791664403,6,22,1761.16,6,85.24,85.72,84.39,84.78,1.0110875206416607,0.6836909633257792,1000,6.90875477931522,0.16666666666666666,3.1354942159291497,-1.0,-0.75,-0.8200000000000074,-1.019999999999996,-430,0.16666666666666666,-0.1910552367627094,1.4,0.8,0.6,0.6098901098901099,1.6,0.5,0.7,0.7319277108433734,1.6,0.2,0.8,0.7967032967032968,1.4,0.4,0.8,0.7918918918918918,D,0,0,0,0
2021-11-16,Iraq,South Korea,True,FIFA World Cup qualification,1.0,1630.7,1738.9,-108.20000000000005,0.3491337076626628,0.6508662923373372,0.09999999999999998,0.050000000000000044,-0.10088041085840055,-0.4,-0.9999999999999999,0.2808455732217569,0.6740522178193116,0.18552499556980992,0.5244937391475414,1.958029076080453,5,57,1,1447.0,39,70.2,71.16,69.09,70.18,1.013964092333998,1.0354870029765348,15,2.772588722239781,0.017543859649122806,0.6931471805599453,25,10,1589.65,23,80.06,83.51,76.56,79.68,1.048067269076305,3.481039116892159,210,5.351858133476067,0.04,2.3978952727983707,-9.86,-12.350000000000009,-7.469999999999999,-9.5,-195,-0.022456140350877195,-1.7047480922384253,1.0,1.4,0.5,0.5319148936170213,0.9,1.3,0.5,0.45454545454545453,0.6,0.4,0.6,0.4310344827586207,0.7,0.7,0.55,0.49137931034482746,A,0,3,-3,3
2021-11-16,Canada,Mexico,False,FIFA World Cup qualification,1.0,1688.7,1789.5,-100.79999999999995,0.4988487094881773,0.5011512905118227,0.0,-0.050000000000000044,-0.031224818694601197,0.19999999999999996,-0.19999999999999996,0.3405589687271605,0.4956880028849314,0.30919181815314145,0.5186513744196701,1.2707226565174519,6,30,2,1556.48,27,78.82,80.96,76.66,78.52,1.031074885379521,2.1565095254446076,200,5.303304908059076,0.03333333333333333,1.0986122886681098,15,17,1684.13,14,77.71,79.23,77.3,75.4,1.0507957559681698,1.9150195821453098,230,5.442417710521793,0.06666666666666667,2.8903717578961645,1.1099999999999994,1.7299999999999898,-0.6400000000000006,3.1199999999999903,-30,-0.03333333333333333,-1.7917594692280547,1.2,1.4,0.4,0.4558823529411765,1.8,1.4,0.55,0.5048543689320388,1.4,1.2,0.4,0.4246575342465753,1.6,1.3,0.5,0.5616438356164383,H,2,1,1,3
2021-12-01,Saudi Arabia,Jordan,True,Arab Cup,0.45,1646.4,1524.3,122.10000000000014,0.6688224737541795,0.33117752624582053,0.8,0.25000000000000006,0.9082758620689654,1.6,-0.7999999999999999,0.44206302587842533,0.5408826697697454,0.13947304319118634,0.9834145406979246,0.8735376414782954,7,61,6,1421.0,41,75.74,75.38,76.06,74.85,1.0070808283233132,0.6065476073648342,55,4.02535169073515,0.01639344262295082,1.9459101490553132,63,0,1391.0,42,70.24,72.37,69.09,67.57,1.0710374426520648,2.453188401516149,20,3.044522437723423,0.015873015873015872,0.0,5.5,3.009999999999991,6.969999999999999,7.280000000000001,35,0.0005204267499349484,1.9459101490553132,0.0,1.2,0.1,0.05172413793103448,0.7,1.3,0.3,0.3137254901960784,1.6,0.4,0.9,0.9599999999999999,0.9,0.9,0.55,0.6000000000000001,A,0,1,-1,1
2021-12-04,Jordan,Morocco,True,Arab Cup,0.45,1547.7,1740.8,-193.0999999999999,0.24757775769201734,0.7524222423079827,-0.39999999999999997,-0.25,-0.6223776223776225,-0.6,0.4,0.36290862690731895,0.6370913730926809,0.18145431345365948,1.5411281352683113,3.229435932365845,2,63,0,1391.0,42,70.24,72.37,69.09,67.57,1.0710374426520648,2.453188401516149,20,3.044522437723423,0.015873015873015872,0.0,8,6,1756.21,8,80.56,78.97,78.23,82.18,0.9609394013141883,2.0997698286558326,310,5.739792912179234,0.125,1.9459101490553132,-10.320000000000007,-6.599999999999994,-9.14,-14.610000000000014,-290,-0.10912698412698413,-1.9459101490553132,1.2,0.6,0.7,0.826923076923077,1.1,0.7,0.6,0.5241935483870968,0.6,1.0,0.3,0.2045454545454545,0.9,1.2,0.35,0.3431372549019608,A,0,4,-4,4
2021-12-06,Qatar,Iraq,False,Arab Cup,0.45,1612.0,1606.2,5.7999999999999545,0.647720357517061,0.35227964248293897,-0.4,-0.45000000000000007,-0.16805555555555557,0.6,1.7999999999999998,0.4430318744394863,0.45418658522561883,0.272657315036854,1.168283251010976,0.8349711713472883,6,55,1,1454.0,38,72.65,75.52,71.59,70.64,1.0690826727066818,2.587205699849418,18,2.9444389791664403,0.01818181818181818,0.6931471805599453,57,1,1447.0,39,70.2,71.16,69.09,70.18,1.013964092333998,1.0354870029765348,15,2.772588722239781,0.017543859649122806,0.6931471805599453,2.450000000000003,4.359999999999999,2.5,0.45999999999999375,3,0.0006379585326953749,0.0,0.6,1.0,0.5,0.3055555555555556,0.7,0.9,0.55,0.4789915966386555,1.2,2.8,0.1,0.1375,0.9,2.2,0.1,0.12844036697247707,H,3,0,3,3
2021-12-07,Morocco,Saudi Arabia,True,Arab Cup,0.45,1757.0,1623.0,134.0,0.6838163141936586,0.3161836858063414,0.09999999999999998,0.04999999999999993,0.11564102564102563,0.3999999999999999,0.4,0.6365196129216886,0.36348038707831143,0.18174019353915571,1.0,0.0,2,8,6,1756.21,8,80.56,78.97,78.23,82.18,0.9609394013141883,2.0997698286558326,310,5.739792912179234,0.125,1.9459101490553132,61,6,1421.0,41,75.74,75.38,76.06,74.85,1.0070808283233132,0.6065476073648342,55,4.02535169073515,0.01639344262295082,1.9459101490553132,4.820000000000007,3.5900000000000034,2.1700000000000017,7.3300000000000125,255,0.10860655737704918,0.0,1.0,0.0,0.8,0.8266666666666667,0.8,0.8,0.55,0.5902777777777778,1.4,0.4,0.9,0.9423076923076923,1.0,0.7,0.6,0.5241935483870968,H,1,0,1,1
2021-12-07,Algeria,Egypt,True,Arab Cup,0.45,1762.9,1640.5,122.40000000000009,0.6692048773447673,0.3307951226552327,0.29999999999999993,0.29285714285714287,0.29615384615384616,0.40000000000000013,-0.8,0.4037083200562716,0.4037083200562716,0.39443751991559256,1.0,1.0,2,28,4,1564.26,26,77.52,79.27,75.35,77.16,1.02734577501296,1.9619123323940861,160,5.081404364984463,0.03571428571428571,1.6094379124341003,29,3,1565.56,25,80.93,86.04,70.5,73.27,1.174286884127201,8.288922326414538,115,4.7535901911063645,0.034482758620689655,1.3862943611198906,-3.410000000000011,-6.77000000000001,4.849999999999994,3.8900000000000006,45,0.0012315270935960576,0.2231435513142097,1.2,1.6,0.4,0.425,1.0,1.4285714285714286,0.35714285714285715,0.40217391304347827,1.6,0.8,0.7,0.7211538461538461,1.3,1.0,0.65,0.7150537634408602,D,1,1,0,2
2021-12-11,Egypt,Jordan,True,Arab Cup,0.45,1646.4,1531.4,115.0,0.6597079941447481,0.3402920058552519,0.0,-0.1375,0.054477437456160904,0.3999999999999999,0.19999999999999996,0.4266878961512617,0.5733121038487385,0.18167110230945874,0.6953027233722637,2.5364648510851575,2,29,3,1565.56,25,80.93,86.04,70.5,73.27,1.174286884127201,8.288922326414538,115,4.7535901911063645,0.034482758620689655,1.3862943611198906,63,0,1391.0,42,70.24,72.37,69.09,67.57,1.0710374426520648,2.453188401516149,20,3.044522437723423,0.015873015873015872,0.0,10.690000000000012,13.670000000000002,1.4099999999999966,5.700000000000003,95,0.018609742747673783,1.3862943611198906,0.8,1.0,0.4,0.3191489361702127,1.0,1.0,0.45,0.41904761904761906,1.2,1.2,0.4,0.37362637362637363,0.875,1.375,0.3125,0.3394495412844037,H,3,1,2,4
2021-12-11,Morocco,Algeria,True,Arab Cup,0.45,1768.1,1757.0,11.099999999999909,0.5159687513602388,0.4840312486397612,0.09999999999999998,-0.050000000000000044,0.07815964523281571,0.19999999999999996,-0.19999999999999996,0.45990931771423,0.45990931771423,0.31013602342865493,2.0,2.0,1,8,6,1756.21,8,80.56,78.97,78.23,82.18,0.9609394013141883,2.0997698286558326,310,5.739792912179234,0.125,1.9459101490553132,28,4,1564.26,26,77.52,79.27,75.35,77.16,1.02734577501296,1.9619123323940861,160,5.081404364984463,0.03571428571428571,1.6094379124341003,3.0400000000000063,-0.29999999999999716,2.8800000000000097,5.02000000000001,150,0.08928571428571429,0.33647223662121295,1.8,0.6,0.8,0.853658536585366,1.3,0.7,0.75,0.7795698924731183,2.0,0.4,0.9,0.9318181818181817,1.4,0.6,0.7,0.6548672566371682,D,2,2,0,4
2021-12-15,Tunisia,Egypt,True,Arab Cup,0.45,1651.6,1664.3,-12.700000000000045,0.48173136671244843,0.5182686332875516,0.0,0.1166666666666667,-0.08701923076923074,-0.3999999999999999,-0.19999999999999996,0.5788424526471236,0.42115754735287647,0.19690801354587276,2.222526242930743,0.9331280827241041,3,44,6,1483.05,35,72.99,70.78,75.39,71.78,0.9860685427695737,2.42501546386822,80,4.394449154672439,0.022727272727272728,1.9459101490553132,29,3,1565.56,25,80.93,86.04,70.5,73.27,1.174286884127201,8.288922326414538,115,4.7535901911063645,0.034482758620689655,1.3862943611198906,-7.940000000000012,-15.260000000000005,4.890000000000001,-1.4899999999999949,-35,-0.011755485893416927,0.5596157879354227,1.4,1.2,0.5,0.48125,0.8888888888888888,1.3333333333333333,0.3333333333333333,0.3516949152542373,1.0,1.0,0.5,0.3942307692307693,1.1,1.1,0.45,0.43457943925233644,H,1,0,1,1
2021-12-15,Qatar,Algeria,False,Arab Cup,0.45,1633.6,1757.6,-124.0,0.46551605527316847,0.5344839447268315,-0.6,-0.75,-0.5443181818181819,-0.8,1.5999999999999999,0.44509322004140034,0.5549067799585997,0.22254661002070017,0.7089622043402198,1.7089622043402197,2,55,1,1454.0,38,72.65,75.52,71.59,70.64,1.0690826727066818,2.587205699849418,18,2.9444389791664403,0.01818181818181818,0.6931471805599453,28,4,1564.26,26,77.52,79.27,75.35,77.16,1.02734577501296,1.9619123323940861,160,5.081404364984463,0.03571428571428571,1.6094379124341003,-4.86999999999999,-3.75,-3.759999999999991,-6.519999999999996,-142,-0.01753246753246753,-0.916290731874155,1.8,0.8,0.7,0.6818181818181819,1.4,0.5,0.8,0.8020833333333334,1.0,2.4,0.1,0.1375,0.7,2.3,0.05,0.05612244897959184,A,1,2,-1,3
2021-12-18,Qatar,Egypt,False,Arab Cup,0.45,1617.3,1646.2,-28.90000000000009,0.6009163030352023,0.39908369696479773,-0.39999999999999997,-0.25,-0.35119649477586784,-0.40000000000000013,1.0,0.4596967863332417,0.4596967863332417,0.3104548205001374,0.0,0.0,1,55,1,1454.0,38,72.65,75.52,71.59,70.64,1.0690826727066818,2.587205699849418,18,2.9444389791664403,0.01818181818181818,0.6931471805599453,29,3,1565.56,25,80.93,86.04,70.5,73.27,1.174286884127201,8.288922326414538,115,4.7535901911063645,0.034482758620689655,1.3862943611198906,-8.280000000000001,-10.52000000000001,1.0900000000000034,-2.6299999999999955,-97,-0.016300940438871474,-0.6931471805599453,1.8,1.0,0.7,0.6884057971014492,1.1,1.3,0.4,0.39763779527559057,1.4,2.0,0.3,0.3372093023255814,1.0,2.2,0.15,0.16111111111111112,D,0,0,0,0
2021-12-18,Tunisia,Algeria,True,Arab Cup,0.45,1669.7,1773.9,-104.20000000000005,0.3543840942836794,0.6456159057163207,-0.39999999999999997,-0.4,-0.3878205128205129,-1.4,0.19999999999999996,0.37343230293576374,0.5237793449614982,0.28950450357061985,0.40606076624184106,1.4799770959612246,4,44,6,1483.05,35,72.99,70.78,75.39,71.78,0.9860685427695737,2.42501546386822,80,4.394449154672439,0.022727272727272728,1.9459101490553132,28,4,1564.26,26,77.52,79.27,75.35,77.16,1.02734577501296,1.9619123323940861,160,5.081404364984463,0.03571428571428571,1.6094379124341003,-4.530000000000001,-8.489999999999995,0.04000000000000625,-5.3799999999999955,-80,-0.012987012987012984,0.33647223662121295,2.0,1.0,0.7,0.6666666666666667,1.5,0.7,0.75,0.7626262626262625,0.6,1.2,0.3,0.27884615384615385,0.9,1.2,0.35,0.2849462365591398,A,0,2,-2,2
2021-12-18,United States,Bosnia and Herzegovina,False,Friendly,0.3,1773.0,1723.9,49.09999999999991,0.702302968490716,0.29769703150928395,0.6,0.35,0.47237442922374434,0.6000000000000001,-0.9999999999999999,0.5270686807998297,0.44843667890900374,0.24871297974566842,0.7624799976717979,0.0,2,16,11,1675.7,15,,,,,,,250,5.5254529391317835,0.0625,2.4849066497880004,65,1,1385.0,43,,,,,,,70,4.2626798770413155,0.015384615384615385,0.6931471805599453,,,,,180,0.047115384615384615,1.791759469228055,0.2,1.4,0.1,0.11666666666666665,0.5,0.8,0.4,0.3773584905660377,0.8,0.4,0.7,0.589041095890411,1.9,0.9,0.75,0.6949152542372882,H,1,0,1,1
2022-01-05,Algeria,Ghana,True,Friendly,0.3,1792.5,1698.5,94.0,0.6320700121000735,0.3679299878999265,0.29999999999999993,0.19444444444444442,0.3741258741258741,0.6000000000000001,0.3999999999999999,0.5408544501241247,0.4591455498758754,0.2295727749379377,3.0,0.0,1,28,4,1564.26,26,77.52,79.27,75.35,77.16,1.02734577501296,1.9619123323940861,160,5.081404364984463,0.03571428571428571,1.6094379124341003,74,4,1346.0,45,75.83,76.81,77.55,73.19,1.0494603087853533,2.3331523739353166,130,4.875197323201151,0.013513513513513514,1.6094379124341003,1.6899999999999977,2.4599999999999937,-2.200000000000003,3.969999999999999,30,0.022200772200772198,0.0,1.2,0.8,0.4,0.3181818181818182,1.2222222222222223,0.5555555555555556,0.5555555555555556,0.5148514851485149,1.8,1.2,0.7,0.6923076923076923,1.6,0.8,0.75,0.769607843137255,H,3,0,3,3
2022-01-10,Morocco,Ghana,True,African Cup of Nations,0.85,1767.6,1685.6,82.0,0.615864104253756,0.38413589574624396,0.5,0.20000000000000007,0.460144927536232,1.6,-0.19999999999999996,0.5705081380781153,0.42949186192188465,0.21474593096094233,1.0,0.0,2,8,6,1756.21,8,80.56,78.97,78.23,82.18,0.9609394013141883,2.0997698286558326,310,5.739792912179234,0.125,1.9459101490553132,74,4,1346.0,45,75.83,76.81,77.55,73.19,1.0494603087853533,2.3331523739353166,130,4.875197323201151,0.013513513513513514,1.6094379124341003,4.730000000000004,2.1599999999999966,0.6800000000000068,8.990000000000009,180,0.11148648648648649,0.33647223662121295,0.4,0.6,0.4,0.45652173913043476,1.2,0.5,0.6,0.5950413223140495,2.0,0.4,0.9,0.9166666666666667,1.5,0.5,0.8,0.8137254901960784,H,1,0,1,1
2022-01-20,Ivory Coast,Algeria,True,African Cup of Nations,0.85,1699.2,1805.4,-106.20000000000005,0.35175442049942307,0.6482455795005769,-0.20000000000000007,-0.1785714285714286,-0.21254355400696856,-0.40000000000000013,0.19999999999999996,0.5211563692252504,0.441596313958859,0.25804547379532006,2.362243732533378,1.0,2,34,3,1532.98,30,78.81,77.58,80.29,78.73,0.9853931157119268,1.3601593043953875,145,4.983606621708336,0.029411764705882353,1.3862943611198906,28,4,1564.26,26,77.52,79.27,75.35,77.16,1.02734577501296,1.9619123323940861,160,5.081404364984463,0.03571428571428571,1.6094379124341003,1.2900000000000063,-1.6899999999999977,4.940000000000012,1.5700000000000074,-15,-0.00630252100840336,-0.2231435513142097,1.8,0.8,0.8,0.7857142857142856,1.7,0.8,0.75,0.75,1.4,1.0,0.6,0.573170731707317,1.1428571428571428,0.8571428571428571,0.5714285714285714,0.5399999999999999,H,3,1,2,4
2022-01-25,Senegal,Cape Verde,True,African Cup of Nations,0.85,1703.9,1550.2,153.70000000000005,0.7078093591797223,0.2921906408202777,-0.5,-0.6,-0.4999999999999999,-2.0,-1.0,0.5709163632582241,0.4290836367417758,0.2145418183708879,2.0,0.0,2,14,3,1686.41,13,79.32,80.15,76.69,79.3,1.0107187894073142,1.8030622100563654,260,5.564520407322694,0.07142857142857142,1.3862943611198906,69,0,1366.0,44,71.83,71.91,72.04,71.65,1.0036287508722959,0.19857828011475231,30,3.4339872044851463,0.014492753623188406,0.0,7.489999999999995,8.240000000000009,4.6499999999999915,7.6499999999999915,230,0.05693581780538302,1.3862943611198906,3.0,2.0,1.0,1.0,3.0,2.0,1.0,1.0,1.0,1.0,0.5,0.5000000000000001,1.0,1.1,0.4,0.347107438016529,H,2,0,2,2
2022-01-26,Ivory Coast,Egypt,True,African Cup of Nations,0.85,1733.2,1649.7,83.5,0.6179048071055963,0.38209519289440375,0.09999999999999998,0.16249999999999998,0.10000000000000003,0.0,0.0,0.3604474449309346,0.574291836993336,0.24548444054119653,1.5323574115613192,2.2985361173419787,2,34,3,1532.98,30,78.81,77.58,80.29,78.73,0.9853931157119268,1.3601593043953875,145,4.983606621708336,0.029411764705882353,1.3862943611198906,29,3,1565.56,25,80.93,86.04,70.5,73.27,1.174286884127201,8.288922326414538,115,4.7535901911063645,0.034482758620689655,1.3862943611198906,-2.1200000000000045,-8.460000000000008,9.790000000000006,5.460000000000008,30,-0.005070993914807302,0.0,1.2,0.8,0.5,0.49999999999999994,1.0,1.2,0.4,0.3884615384615385,1.2,0.8,0.6,0.6,1.0,0.75,0.5625,0.537037037037037,D,0,0,0,0
2022-01-27,Paraguay,Uruguay,False,FIFA World Cup qualification,1.0,1700.5,1816.9,-116.40000000000009,0.4764160161985808,0.5235839838014191,-0.2,-0.10000000000000003,-0.18414125904803688,-0.2,-0.3999999999999999,0.4432294221694167,0.39513644359646793,0.3098113513590455,0.7212285098304706,0.2425341523709063,5,40,8,1503.5,32,74.7,74.93,75.23,74.05,1.011883862255233,0.6132971003790402,100,4.61512051684126,0.025,2.1972245773362196,17,14,1673.07,16,82.26,82.38,83.75,80.54,1.0228457909113482,1.6107244746800498,270,5.602118820879701,0.058823529411764705,2.70805020110221,-7.560000000000002,-7.449999999999989,-8.519999999999996,-6.490000000000009,-170,-0.033823529411764704,-0.5108256237659905,0.4,1.4,0.4,0.3969072164948454,0.6,1.0,0.45,0.4476439790575916,0.2,1.0,0.2,0.2127659574468085,0.6,1.0,0.35,0.29518072289156627,A,0,1,-1,1
2022-01-27,Ecuador,Brazil,False,FIFA World Cup qualification,1.0,1764.0,2049.8,-285.8000000000002,0.2554885236001413,0.7445114763998587,-0.19999999999999996,-0.4,-0.21276595744680843,-0.6,0.4,0.29635464835742453,0.4580251896841232,0.39379748613716453,0.24244370698735074,0.7479110494205677,5,23,4,1596.48,21,79.42,73.4,81.21,78.83,0.9311175948243056,4.003028020553102,220,5.3981627015177525,0.043478260869565216,1.6094379124341003,6,22,1761.16,6,85.24,85.72,84.39,84.78,1.0110875206416607,0.6836909633257792,1000,6.90875477931522,0.16666666666666666,3.1354942159291497,-5.819999999999993,-12.319999999999993,-3.180000000000007,-5.950000000000003,-780,-0.12318840579710144,-1.5260563034950494,1.2,0.6,0.6,0.6223404255319148,1.7,0.4,0.8,0.7994350282485875,0.6,1.0,0.4,0.4095744680851064,1.3,1.2,0.4,0.4109947643979057,D,1,1,0,2
2022-01-27,Iran,Iraq,False,FIFA World Cup qualification,1.0,1772.5,1584.6,187.9000000000001,0.8398732933323345,0.16012670666766549,0.5,0.1499999999999999,0.5361757105943152,1.6,-0.7999999999999999,0.5613696616283772,0.4111837514557399,0.21545174526447178,1.378340611619646,0.28368033389243646,5,21,6,1616.04,19,75.74,78.83,74.88,72.88,1.0816410537870473,3.0277879714405382,75,4.330733340286331,0.047619047619047616,1.9459101490553132,57,1,1447.0,39,70.2,71.16,69.09,70.18,1.013964092333998,1.0354870029765348,15,2.772588722239781,0.017543859649122806,0.6931471805599453,5.539999999999992,7.670000000000002,5.789999999999992,2.6999999999999886,60,0.03007518796992481,1.252762968495368,0.2,1.4,0.3,0.186046511627907,0.7,1.0,0.55,0.42857142857142855,1.8,0.6,0.8,0.7222222222222222,1.3,0.8,0.7,0.6088709677419355,H,1,0,1,1
2022-01-28,Jordan,New Zealand,True,Friendly,0.3,1513.6,1446.5,67.09999999999991,0.595381721789082,0.404618278210918,0.4,0.35,0.29999999999999993,0.8,0.3999999999999999,0.54156880007949,0.45843119992051,0.229215599960255,3.0,1.0,1,63,0,1391.0,42,70.24,72.37,69.09,67.57,1.0710374426520648,2.453188401516149,20,3.044522437723423,0.015873015873015872,0.0,85,2,1281.0,48,71.79,75.19,70.01,71.34,1.0539669189795347,2.690223039080585,9,2.302585092994046,0.011764705882352941,1.0986122886681098,-1.5500000000000114,-2.819999999999993,-0.9200000000000017,-3.7700000000000102,11,0.004108309990662931,-1.0986122886681098,0.0,1.0,0.0,0.0,0.0,1.0,0.0,0.0,0.8,1.4,0.4,0.29999999999999993,0.9,1.4,0.35,0.27835051546391754,H,3,1,2,4
2022-01-30,Egypt,Morocco,True,African Cup of Nations,0.85,1653.8,1781.0,-127.20000000000005,0.3247073012701296,0.6752926987298704,-0.4,-0.4,-0.46806966618287377,-1.0,0.20000000000000007,0.5416314513783709,0.4583685486216291,0.22918427431081456,2.0,1.0,1,29,3,1565.56,25,80.93,86.04,70.5,73.27,1.174286884127201,8.288922326414538,115,4.7535901911063645,0.034482758620689655,1.3862943611198906,8,6,1756.21,8,80.56,78.97,78.23,82.18,0.9609394013141883,2.0997698286558326,310,5.739792912179234,0.125,1.9459101490553132,0.37000000000000455,7.070000000000007,-7.730000000000004,-8.91000000000001,-195,-0.09051724137931035,-0.5596157879354227,1.8,0.6,0.8,0.8076923076923077,1.5,0.5,0.8,0.8516483516483517,0.8,0.8,0.4,0.33962264150943394,1.0,1.2,0.4,0.39097744360902253,H,2,1,1,3
2022-01-30,Canada,United States,False,FIFA World Cup qualification,1.0,1708.7,1779.0,-70.29999999999995,0.54263792854284,0.45736207145716,-0.29999999999999993,-0.15000000000000002,-0.14634146341463422,0.3999999999999999,0.7999999999999999,0.5210223834983208,0.3715113439277806,0.2294282819824697,1.469673454936615,1.2678214187781534,9,30,2,1556.48,27,78.82,80.96,76.66,78.52,1.031074885379521,2.1565095254446076,200,5.303304908059076,0.03333333333333333,1.0986122886681098,16,11,1675.7,15,,,,,,,250,5.5254529391317835,0.0625,2.4849066497880004,,,,,-50,-0.029166666666666667,-1.3862943611198906,1.0,0.4,0.7,0.6341463414634148,1.7,0.8,0.75,0.7165354330708662,1.4,1.2,0.4,0.48780487804878053,1.8,1.1,0.6,0.6580645161290322,H,2,0,2,2
2022-02-01,Japan,Saudi Arabia,False,FIFA World Cup qualification,1.0,1782.3,1611.9,170.39999999999986,0.8258573866648214,0.17414261333517855,-0.09999999999999998,0.0,-0.3473193473193474,0.0,0.39999999999999997,0.5046163142767048,0.3536210339303705,0.2934951268564714,0.9669022864078871,0.12760086263420067,5,18,7,1661.58,17,76.86,73.58,78.41,76.46,0.9623332461417735,2.4298765400735887,290,5.673323267171493,0.05555555555555555,2.0794415416798357,61,6,1421.0,41,75.74,75.38,76.06,74.85,1.0070808283233132,0.6065476073648342,55,4.02535169073515,0.01639344262295082,1.9459101490553132,1.1200000000000045,-1.7999999999999972,2.3499999999999943,1.6099999999999994,235,0.03916211293260473,0.13353139262452252,1.0,0.2,0.7,0.7564102564102564,0.8,0.9,0.5,0.5578231292517006,1.0,0.6,0.6,0.409090909090909,1.0,0.8,0.5,0.419047619047619,H,2,0,2,2
2022-02-01,Argentina,Colombia,False,FIFA World Cup qualification,1.0,2010.5,1832.5,178.0,0.8320598405303332,0.16794015946966678,0.4,0.35000000000000003,0.403191489361702,1.0,-0.2,0.3995163608859277,0.37881711702788384,0.3496237643278885,1.00068848731219,1.0015699244973322,8,3,18,1874.81,3,84.24,84.97,83.57,83.76,1.0144460362941738,0.7594076639065482,570,6.3473892096560105,0.3333333333333333,2.9444389791664403,13,6,1693.09,12,79.68,82.37,79.35,78.43,1.0502358791278847,2.0611647192788847,380,5.942799375126701,0.07692307692307693,1.9459101490553132,4.559999999999988,2.5999999999999943,4.219999999999999,5.329999999999998,190,0.2564102564102564,0.998528830111127,0.2,0.4,0.4,0.4,0.6,0.7,0.45,0.44680851063829785,1.2,0.2,0.8,0.803191489361702,1.4,0.4,0.8,0.7918918918918919,H,1,0,1,1
2022-02-01,Brazil,Paraguay,False,FIFA World Cup qualification,1.0,2040.0,1681.4,358.5999999999999,0.9333866056164701,0.06661339438352987,0.3,0.45,0.30927835051546393,0.8,-0.4,0.5980316719436943,0.3793378958184875,0.15833274228573807,1.793762096531162,0.4582370023494872,6,6,22,1761.16,6,85.24,85.72,84.39,84.78,1.0110875206416607,0.6836909633257792,1000,6.90875477931522,0.16666666666666666,3.1354942159291497,40,8,1503.5,32,74.7,74.93,75.23,74.05,1.011883862255233,0.6132971003790402,100,4.61512051684126,0.025,2.1972245773362196,10.539999999999992,10.789999999999992,9.159999999999997,10.730000000000004,900,0.14166666666666666,0.9382696385929301,0.2,0.8,0.3,0.30927835051546393,0.2,0.8,0.3,0.29444444444444445,1.0,0.4,0.6,0.6185567010309279,1.4,0.4,0.75,0.7617801047120418,H,4,0,4,4
2022-02-02,Mexico,Panama,False,FIFA World Cup qualification,1.0,1769.5,1547.3,222.20000000000005,0.864681771502308,0.13531822849769204,-0.3,0.15000000000000002,-0.33116883116883106,-0.19999999999999996,0.20000000000000018,0.7500928921379321,0.21517973992031494,0.1423172379019105,1.691619627055401,0.2716128599086043,10,15,17,1684.13,14,77.71,79.23,77.3,75.4,1.0507957559681698,1.9150195821453098,230,5.442417710521793,0.06666666666666667,2.8903717578961645,33,1,1540.64,29,71.68,71.04,71.68,72.16,0.984478935698448,0.5619015334854749,55,4.02535169073515,0.030303030303030304,0.6931471805599453,6.029999999999987,8.189999999999998,5.61999999999999,3.240000000000009,175,0.03636363636363636,2.197224577336219,1.0,1.4,0.5,0.5909090909090908,1.0,2.1,0.35,0.49999999999999994,0.8,1.6,0.2,0.25974025974025977,1.6,1.4,0.5,0.4188034188034188,H,1,0,1,1
2022-02-06,Senegal,Egypt,True,African Cup of Nations,0.85,1719.3,1677.5,41.799999999999955,0.5598664679042922,0.4401335320957078,-0.09999999999999998,0.0,-0.19318181818181823,0.0,0.4,0.5654071054978571,0.37674646477278145,0.21615807289327804,0.6783408159849269,0.16393351489664587,4,14,3,1686.41,13,79.32,80.15,76.69,79.3,1.0107187894073142,1.8030622100563654,260,5.564520407322694,0.07142857142857142,1.3862943611198906,29,3,1565.56,25,80.93,86.04,70.5,73.27,1.174286884127201,8.288922326414538,115,4.7535901911063645,0.034482758620689655,1.3862943611198906,-1.6100000000000136,-5.890000000000001,6.189999999999998,6.030000000000001,145,0.03694581280788177,0.0,0.8,0.6,0.5,0.5,1.0,0.9,0.45,0.42013888888888884,0.8,1.0,0.4,0.30681818181818177,0.9,0.9,0.45,0.375,D,0,0,0,0
2022-03-24,Mexico,United States,False,FIFA World Cup qualification,1.0,1774.9,1751.5,23.40000000000009,0.6704779403212651,0.32952205967873494,-0.49999999999999994,-0.35,-0.3778314708547267,0.0,1.4,0.4405605693471523,0.46032287936138394,0.2089240279939869,1.0420859802399014,1.2646380603690555,10,15,17,1684.13,14,77.71,79.23,77.3,75.4,1.0507957559681698,1.9150195821453098,230,5.442417710521793,0.06666666666666667,2.8903717578961645,16,11,1675.7,15,,,,,,,250,5.5254529391317835,0.0625,2.4849066497880004,,,,,-20,0.004166666666666666,0.40546510810816416,1.0,0.4,0.7,0.6103896103896104,1.2,0.6,0.75,0.7165354330708661,1.0,1.8,0.2,0.23255813953488372,1.4,1.4,0.4,0.3282442748091603,D,0,0,0,0
2022-03-24,South Korea,Iran,False,FIFA World Cup qualification,1.0,1763.3,1778.9,-15.600000000000136,0.6191272404255309,0.3808727595744691,-0.5,-0.09999999999999998,-0.41283524904214564,-0.8,1.2000000000000002,0.4879984076592614,0.41017480226352504,0.30691419120897606,1.4331947346447915,0.5668052653552085,3,25,10,1589.65,23,80.06,83.51,76.56,79.68,1.048067269076305,3.481039116892159,210,5.351858133476067,0.04,2.3978952727983707,21,6,1616.04,19,75.74,78.83,74.88,72.88,1.0816410537870473,3.0277879714405382,75,4.330733340286331,0.047619047619047616,1.9459101490553132,4.320000000000007,4.680000000000007,1.6800000000000068,6.800000000000011,135,-0.007619047619047616,0.45198512374305744,1.8,0.4,0.9,0.8611111111111112,1.3,0.9,0.65,0.5760869565217391,1.0,1.6,0.4,0.4482758620689655,1.0,1.3,0.55,0.5494505494505495,H,2,0,2,2
2022-03-24,Australia,Japan,False,FIFA World Cup qualification,1.0,1688.5,1792.8,-104.29999999999995,0.49381211850257806,0.5061878814974219,-0.09999999999999998,-0.14999999999999997,0.032613211466555825,-0.6,-0.20000000000000007,0.45869331637996485,0.41578226072915747,0.2788714159725077,0.8494876042482822,0.8890074478307524,4,27,6,1578.66,24,73.3,73.31,72.57,72.76,1.0075590984057174,0.3843175770115159,120,4.795790545596741,0.037037037037037035,1.9459101490553132,18,7,1661.58,17,76.86,73.58,78.41,76.46,0.9623332461417735,2.4298765400735887,290,5.673323267171493,0.05555555555555555,2.0794415416798357,-3.5600000000000023,-0.269999999999996,-5.840000000000003,-3.6999999999999886,-170,-0.018518518518518517,-0.13353139262452252,1.2,0.8,0.6,0.5517241379310345,1.2,0.8,0.6,0.5517241379310345,0.6,0.6,0.5,0.5843373493975903,0.9,0.7,0.45,0.4384057971014492,A,0,2,-2,2
2022-03-24,Paraguay,Ecuador,False,FIFA World Cup qualification,1.0,1676.4,1773.7,-97.29999999999995,0.5038855341264367,0.49611446587356334,-0.2,-0.25,-0.1337349397590361,-0.8,-0.3999999999999999,0.3614011405435663,0.35254985378194004,0.4379323305313391,0.4405557776936394,0.39544985278988565,4,40,8,1503.5,32,74.7,74.93,75.23,74.05,1.011883862255233,0.6132971003790402,100,4.61512051684126,0.025,2.1972245773362196,23,4,1596.48,21,79.42,73.4,81.21,78.83,0.9311175948243056,4.003028020553102,220,5.3981627015177525,0.043478260869565216,1.6094379124341003,-4.719999999999999,1.5300000000000011,-5.97999999999999,-4.780000000000001,-120,-0.018478260869565215,0.5877866649021193,1.0,1.2,0.5,0.4337349397590361,1.6,1.3,0.5,0.4774011299435027,0.2,0.8,0.3,0.3,0.2,0.9,0.25,0.2577319587628866,H,3,1,2,4
2022-03-24,Portugal,Turkey,False,FIFA World Cup qualification,1.0,1964.4,1833.7,130.70000000000005,0.7905122606702042,0.2094877393297958,-0.09999999999999998,-0.050000000000000044,-0.2402945113788486,-1.0,-1.1999999999999997,0.6096990741656555,0.39030092583434456,0.19515046291717228,3.0,0.33752736812353235,2,5,8,1763.83,5,83.74,82.45,86.12,82.24,1.0025535019455254,2.182025053323941,850,6.7464121285733745,0.2,2.1972245773362196,22,2,1599.04,20,80.6,73.08,82.57,79.88,0.9148723084626941,4.891083724492965,460,6.133398042996649,0.045454545454545456,1.0986122886681098,3.1400000000000006,9.370000000000005,3.5500000000000114,2.3599999999999994,390,0.15454545454545454,1.0986122886681098,2.4,2.8,0.5,0.5180722891566264,2.0,1.9,0.55,0.541958041958042,1.4,1.6,0.4,0.2777777777777778,1.3,1.1,0.5,0.44399999999999995,H,3,1,2,4
2022-03-24,Sweden,Czech Republic,False,FIFA World Cup qualification,1.0,1802.4,1761.3,41.100000000000136,0.6925859673843721,0.30741403261562794,0.09999999999999998,0.0,0.08650768245838669,0.40000000000000013,0.7999999999999999,0.54332327246903,0.45667672753097,0.228338363765485,1.0,0.0,1,38,12,1514.77,31,79.87,84.25,74.43,75.32,1.1185608072225173,5.430920732251576,140,4.948759890378168,0.02631578947368421,2.5649493574615367,41,9,1503.04,33,,,,,,,95,4.564348191467836,0.024390243902439025,2.302585092994046,,,,,45,0.0019255455712451838,0.26236426446749084,1.2,0.6,0.6,0.5965909090909091,1.0,1.1,0.4,0.4793103448275863,1.6,1.4,0.7,0.6830985915492958,1.0,1.6,0.4,0.3958333333333333,H,1,0,1,1
2022-03-25,France,Ivory Coast,False,Friendly,0.3,2101.7,1729.1,372.5999999999999,0.9382257677727918,0.06177423222720824,0.09999999999999998,0.18888888888888888,-0.024964131994261063,0.6000000000000001,0.8,0.5433557840888734,0.45664421591112664,0.22832210795556332,2.0,1.0,1,1,16,1877.32,1,84.99,86.44,82.82,84.39,1.024291977722479,1.815296119094625,1280,7.155396301896734,1.0,2.833213344056216,34,3,1532.98,30,78.81,77.58,80.29,78.73,0.9853931157119268,1.3601593043953875,145,4.983606621708336,0.029411764705882353,1.3862943611198906,6.179999999999993,8.86,2.529999999999987,5.659999999999997,1135,0.9705882352941176,1.4469189829363256,1.4,0.8,0.6,0.7073170731707318,1.2222222222222223,0.7777777777777778,0.6111111111111112,0.6173469387755103,2.0,1.6,0.7,0.6823529411764707,1.8,1.1,0.8,0.7888198757763977,H,2,1,1,3
2022-03-25,DR Congo,Morocco,False,FIFA World Cup qualification,1.0,1602.7,1757.4,-154.70000000000005,0.421924398398112,0.578075601601888,-0.65,-0.55,-0.7385714285714284,-1.05,1.35,0.3531211026072151,0.4203954651891094,0.40304398350728304,1.0,1.6870390891006135,4,46,1,1478.35,36,74.39,76.91,71.1,74.48,1.032626208378088,2.9179159229376954,65,4.189654742026425,0.021739130434782608,0.6931471805599453,8,6,1756.21,8,80.56,78.97,78.23,82.18,0.9609394013141883,2.0997698286558326,310,5.739792912179234,0.125,1.9459101490553132,-6.170000000000002,-2.0600000000000023,-7.13000000000001,-7.700000000000003,-245,-0.10326086956521739,-1.252762968495368,1.8,0.4,0.9,0.9099999999999999,1.5,0.5,0.8,0.8676470588235294,0.75,1.75,0.25,0.17142857142857143,0.75,1.75,0.25,0.17142857142857143,D,1,1,0,2
2022-03-25,Egypt,Senegal,False,FIFA World Cup qualification,1.0,1679.6,1717.2,-37.600000000000136,0.5888475556108618,0.4111524443891382,0.0,0.10000000000000003,-0.05383755588673622,-0.19999999999999996,-0.20000000000000007,0.37674646477278145,0.5654071054978571,0.21615807289327804,0.16393351489664587,0.6783408159849269,4,29,3,1565.56,25,80.93,86.04,70.5,73.27,1.174286884127201,8.288922326414538,115,4.7535901911063645,0.034482758620689655,1.3862943611198906,14,3,1686.41,13,79.32,80.15,76.69,79.3,1.0107187894073142,1.8030622100563654,260,5.564520407322694,0.07142857142857142,1.3862943611198906,1.6100000000000136,5.890000000000001,-6.189999999999998,-6.030000000000001,-145,-0.03694581280788177,0.0,1.2,0.8,0.6,0.6931818181818182,0.9,0.9,0.45,0.42592592592592593,1.0,0.6,0.6,0.639344262295082,1.2,0.9,0.55,0.5496453900709221,H,1,0,1,1
2022-03-26,England,Switzerland,False,Friendly,0.3,1922.2,1920.9,1.2999999999999545,0.6417872260809347,0.35821277391906525,0.09999999999999998,0.14999999999999997,0.04143192488262892,-1.4,-1.2000000000000002,0.46260127214860264,0.3683692976713309,0.3532140790157319,1.1509594836187365,0.7930187721805201,4,4,16,1825.97,4,84.06,85.32,85.54,81.18,1.0509977827050996,2.456203031781639,1300,7.170888478512505,0.25,2.833213344056216,19,12,1650.75,18,79.03,79.12,77.93,79.65,0.9933458882611425,0.8808518604169482,280,5.638354669333745,0.05263157894736842,2.5649493574615367,5.030000000000001,6.199999999999989,7.609999999999999,1.5300000000000011,1020,0.19736842105263158,0.2682639865946794,2.0,1.6,0.6,0.6416666666666667,1.5,1.5,0.45,0.48770491803278687,0.6,0.4,0.7,0.6830985915492956,1.2,0.8,0.6,0.5884353741496599,H,2,1,1,3
2022-03-27,United States,Panama,False,FIFA World Cup qualification,1.0,1758.3,1541.9,216.39999999999986,0.8607274151666695,0.1392725848333305,0.09999999999999998,0.4,-0.042434309876170306,-0.3999999999999999,-1.4000000000000001,0.4516318132174868,0.48111021112847935,0.18724496445098837,1.6082991481938786,0.9701150733592296,9,16,11,1675.7,15,,,,,,,250,5.5254529391317835,0.0625,2.4849066497880004,33,1,1540.64,29,71.68,71.04,71.68,72.16,0.984478935698448,0.5619015334854749,55,4.02535169073515,0.030303030303030304,0.6931471805599453,,,,,195,0.032196969696969696,1.791759469228055,1.2,2.2,0.4,0.461038961038961,1.0,2.2,0.35,0.46785714285714286,0.8,0.8,0.5,0.4186046511627907,1.1,0.6,0.75,0.6453900709219859,H,5,1,4,6
2022-03-29,Morocco,DR Congo,False,FIFA World Cup qualification,1.0,1754.2,1605.8,148.4000000000001,0.8068865666423111,0.19311343335768894,0.49999999999999994,0.6000000000000001,0.5011995201919232,1.2000000000000002,-0.8,0.4203954651891094,0.3531211026072151,0.40304398350728304,1.6870390891006135,1.0,4,8,6,1756.21,8,80.56,78.97,78.23,82.18,0.9609394013141883,2.0997698286558326,310,5.739792912179234,0.125,1.9459101490553132,46,1,1478.35,36,74.39,76.91,71.1,74.48,1.032626208378088,2.9179159229376954,65,4.189654742026425,0.021739130434782608,0.6931471805599453,6.170000000000002,2.0600000000000023,7.13000000000001,7.700000000000003,245,0.10326086956521739,1.252762968495368,0.6,1.6,0.2,0.14634146341463417,0.6,1.6,0.2,0.14634146341463417,1.8,0.8,0.7,0.6475409836065573,1.6,0.6,0.8,0.7831858407079646,H,4,1,3,5
2022-03-29,Senegal,Egypt,False,FIFA World Cup qualification,1.0,1700.7,1696.0,4.7000000000000455,0.6462741572246844,0.3537258427753156,0.09999999999999998,-0.14999999999999997,0.09657444005270088,0.6,0.19999999999999996,0.5654071054978571,0.37674646477278145,0.21615807289327804,0.6783408159849269,0.16393351489664587,4,14,3,1686.41,13,79.32,80.15,76.69,79.3,1.0107187894073142,1.8030622100563654,260,5.564520407322694,0.07142857142857142,1.3862943611198906,29,3,1565.56,25,80.93,86.04,70.5,73.27,1.174286884127201,8.288922326414538,115,4.7535901911063645,0.034482758620689655,1.3862943611198906,-1.6100000000000136,-5.890000000000001,6.189999999999998,6.030000000000001,145,0.03694581280788177,0.0,0.4,0.4,0.5,0.5579710144927537,1.1,0.7,0.6,0.6231884057971016,1.0,0.6,0.6,0.6545454545454545,0.7,0.7,0.45,0.42424242424242425,H,1,0,1,1
2022-03-29,Saudi Arabia,Australia,False,FIFA World Cup qualification,1.0,1601.5,1658.8,-57.299999999999955,0.5611427053152964,0.4388572946847036,0.0,0.04999999999999999,0.05963029218843163,0.20000000000000007,-0.19999999999999996,0.36321063133547826,0.45691265661562813,0.3324203872740199,0.5385709638024704,0.7789402407493583,4,61,6,1421.0,41,75.74,75.38,76.06,74.85,1.0070808283233132,0.6065476073648342,55,4.02535169073515,0.01639344262295082,1.9459101490553132,27,6,1578.66,24,73.3,73.31,72.57,72.76,1.0075590984057174,0.3843175770115159,120,4.795790545596741,0.037037037037037035,1.9459101490553132,2.4399999999999977,2.069999999999993,3.490000000000009,2.089999999999989,-65,-0.020643594414086214,0.0,0.6,0.6,0.5,0.5813953488372093,0.9,0.7,0.45,0.4440789473684211,0.8,0.4,0.5,0.641025641025641,0.8,0.8,0.5,0.5899280575539567,H,1,0,1,1
2022-03-29,Ecuador,Argentina,False,FIFA World Cup qualification,1.0,1744.0,2017.2,-273.20000000000005,0.2695278571070371,0.7304721428929629,-0.20000000000000007,-0.35000000000000003,-0.2589307120594583,0.19999999999999996,0.8,0.3718481423672996,0.49100944282620096,0.2581657428123545,0.5601759349441328,1.1054746234136885,8,23,4,1596.48,21,79.42,73.4,81.21,78.83,0.9311175948243056,4.003028020553102,220,5.3981627015177525,0.043478260869565216,1.6094379124341003,3,18,1874.81,3,84.24,84.97,83.57,83.76,1.0144460362941738,0.7594076639065482,570,6.3473892096560105,0.3333333333333333,2.9444389791664403,-4.819999999999993,-11.569999999999993,-2.3599999999999994,-4.930000000000007,-350,-0.28985507246376807,-1.33500106673234,1.0,0.0,0.8,0.7938144329896908,1.3,0.3,0.8,0.7918918918918918,1.2,0.8,0.6,0.5348837209302325,1.3,1.2,0.45,0.4209039548022598,D,1,1,0,2
2022-03-29,Austria,Scotland,False,Friendly,0.3,1697.0,1630.2,66.79999999999995,0.7231574390268827,0.2768425609731173,0.10000000000000003,0.10000000000000003,0.15739893908907993,0.0,-0.40000000000000013,0.401208331145633,0.4659052685643783,0.33349056586280523,1.3451174763115115,1.6725587381557556,3,24,7,1593.45,22,78.91,78.39,79.48,78.32,1.0008937691521962,0.6504613747179809,195,5.278114659230517,0.041666666666666664,2.0794415416798357,43,7,1499.92,34,77.5,73.76,79.29,77.16,0.9559357179885952,2.7891994072373767,135,4.912654885736052,0.023255813953488372,2.0794415416798357,1.4099999999999966,4.6299999999999955,0.18999999999999773,1.1599999999999966,60,0.018410852713178293,0.0,1.0,1.8,0.3,0.2792207792207792,0.9,2.0,0.35,0.3413793103448276,1.0,1.4,0.4,0.43661971830985913,0.9,1.2,0.45,0.42735042735042744,D,2,2,0,4
2022-03-29,England,Ivory Coast,False,Friendly,0.3,1929.3,1727.9,201.39999999999986,0.8500505865269842,0.14994941347301582,0.4,0.0,0.27936590436590436,0.19999999999999996,-0.6,0.5434860514840377,0.4565139485159622,0.2282569742579811,3.0,0.0,1,4,16,1825.97,4,84.06,85.32,85.54,81.18,1.0509977827050996,2.456203031781639,1300,7.170888478512505,0.25,2.833213344056216,34,3,1532.98,30,78.81,77.58,80.29,78.73,0.9853931157119268,1.3601593043953875,145,4.983606621708336,0.029411764705882353,1.3862943611198906,5.25,7.739999999999995,5.25,2.450000000000003,1155,0.22058823529411764,1.4469189829363256,0.8,0.6,0.5,0.6057692307692307,1.1,0.7,0.6,0.6000000000000001,1.0,0.0,0.9,0.8851351351351351,0.9,0.8,0.6,0.58843537414966,H,3,0,3,3
2022-03-29,France,South Africa,True,Friendly,0.3,2102.9,1592.1,510.8000000000002,0.9498078548980363,0.05019214510196368,0.09999999999999998,0.40555555555555556,0.0457317073170731,1.6,1.2000000000000002,0.5434860514840377,0.4565139485159622,0.2282569742579811,5.0,0.0,1,1,16,1877.32,1,84.99,86.44,82.82,84.39,1.024291977722479,1.815296119094625,1280,7.155396301896734,1.0,2.833213344056216,60,3,1429.0,40,71.74,72.79,72.69,69.92,1.0410469107551488,1.6288953311984171,35,3.58351893845611,0.016666666666666666,1.3862943611198906,13.25,13.649999999999991,10.129999999999995,14.469999999999999,1245,0.9833333333333333,1.4469189829363256,0.6,0.6,0.6,0.625,0.4444444444444444,0.6666666666666666,0.4444444444444444,0.4444444444444444,2.2,1.8,0.7,0.6707317073170731,2.0,1.2,0.85,0.8322981366459629,H,5,0,5,5
2022-03-29,Netherlands,Germany,False,Friendly,0.3,1922.6,1841.7,80.89999999999986,0.7391092694157214,0.2608907305842786,0.09999999999999998,0.04999999999999999,0.18382352941176472,0.6000000000000001,-1.2,0.3170165619360443,0.5025773991226101,0.31753520923208384,1.3253920500136205,1.600675813937839,8,7,10,1757.87,7,83.2,80.93,83.63,84.01,0.963337697893108,1.6793252613276926,720,6.580639137284949,0.14285714285714285,2.3978952727983707,10,20,1731.3,10,83.78,84.42,84.51,82.18,1.0272572402044293,1.3200126262022376,850,6.7464121285733745,0.1,3.044522437723423,-0.5799999999999983,-3.489999999999995,-0.8800000000000097,1.8299999999999983,-130,0.042857142857142844,-0.6466271649250523,1.6,2.4,0.5,0.4411764705882353,1.7,2.3,0.45,0.4000000000000001,2.2,1.2,0.6,0.625,1.7,1.3,0.5,0.5285714285714286,D,1,1,0,2
2022-03-30,Panama,Canada,False,FIFA World Cup qualification,1.0,1531.4,1736.2,-204.79999999999995,0.35359425889224827,0.6464057411077517,-0.19999999999999996,-0.25,-0.2692307692307692,-0.6000000000000001,0.6000000000000001,0.39164566167962817,0.6083543383203719,0.16446438714260528,0.7364619219746671,1.9527470753466205,4,33,1,1540.64,29,71.68,71.04,71.68,72.16,0.984478935698448,0.5619015334854749,55,4.02535169073515,0.030303030303030304,0.6931471805599453,30,2,1556.48,27,78.82,80.96,76.66,78.52,1.031074885379521,2.1565095254446076,200,5.303304908059076,0.03333333333333333,1.0986122886681098,-7.139999999999986,-9.919999999999987,-4.97999999999999,-6.359999999999999,-145,-0.003030303030303029,-0.4054651081081645,1.8,1.2,0.6,0.6593406593406593,1.8,1.2,0.6,0.676829268292683,1.2,1.8,0.4,0.3901098901098901,1.0,2.0,0.35,0.4395973154362416,H,1,0,1,1
2022-06-01,Australia,Jordan,True,Friendly,0.3,1641.3,1525.7,115.59999999999991,0.6604829384904686,0.3395170615095314,0.09999999999999998,0.09999999999999998,0.11538461538461536,-0.4,-1.0,0.573979288284559,0.426020711715441,0.19863010207959167,1.2482378327867072,0.5281732494466617,4,27,6,1578.66,24,73.3,73.31,72.57,72.76,1.0075590984057174,0.3843175770115159,120,4.795790545596741,0.037037037037037035,1.9459101490553132,63,0,1391.0,42,70.24,72.37,69.09,67.57,1.0710374426520648,2.453188401516149,20,3.044522437723423,0.015873015873015872,0.0,3.0600000000000023,0.9399999999999977,3.4799999999999898,5.190000000000012,100,0.021164021164021163,1.9459101490553132,1.0,1.8,0.4,0.38461538461538464,0.7,1.7,0.25,0.18556701030927836,0.6,0.8,0.5,0.5,0.5,0.9,0.35,0.3704819277108434,H,2,1,1,3
2022-06-01,United States,Morocco,False,Friendly,0.3,1768.8,1767.8,1.0,0.641390111955618,0.358609888044382,-0.09999999999999998,-0.050000000000000044,-0.14389534883720928,-0.6,-0.4,0.5456189779482463,0.4543810220517537,0.22719051102587684,3.0,0.0,1,16,11,1675.7,15,,,,,,,250,5.5254529391317835,0.0625,2.4849066497880004,8,6,1756.21,8,80.56,78.97,78.23,82.18,0.9609394013141883,2.0997698286558326,310,5.739792912179234,0.125,1.9459101490553132,,,,,-60,-0.0625,0.5389965007326871,1.2,1.0,0.6,0.5625,1.6,0.7,0.75,0.7025862068965518,0.6,0.6,0.5,0.4186046511627907,0.8,0.4,0.7,0.6,H,3,0,3,3
2022-06-02,Mexico,Uruguay,True,Friendly,0.3,1768.1,1836.0,-67.90000000000009,0.40350937104240137,0.5964906289575986,0.0,0.050000000000000044,0.0488372093023256,0.6,0.0,0.3124665016859184,0.5104885184241459,0.3332782307328949,0.05460773749936425,1.944437796440849,4,15,17,1684.13,14,77.71,79.23,77.3,75.4,1.0507957559681698,1.9150195821453098,230,5.442417710521793,0.06666666666666667,2.8903717578961645,17,14,1673.07,16,82.26,82.38,83.75,80.54,1.0228457909113482,1.6107244746800498,270,5.602118820879701,0.058823529411764705,2.70805020110221,-4.550000000000011,-3.1499999999999915,-6.450000000000003,-5.140000000000001,-40,0.00784313725490196,0.18232155679395445,0.4,1.6,0.3,0.3,0.3,1.1,0.35,0.34293193717277487,1.0,1.6,0.3,0.3488372093023256,1.3,1.4,0.4,0.3931034482758621,A,0,3,-3,3
2022-06-02,South Korea,Brazil,False,Friendly,0.3,1786.2,2045.0,-258.79999999999995,0.2861562149940038,0.7138437850059962,-0.09999999999999998,-0.1499999999999999,-0.061111111111111116,0.0,0.6,0.3247683604086874,0.6752316395913127,0.1623841802043437,0.40319309101639783,4.608949813069251,4,25,10,1589.65,23,80.06,83.51,76.56,79.68,1.048067269076305,3.481039116892159,210,5.351858133476067,0.04,2.3978952727983707,6,22,1761.16,6,85.24,85.72,84.39,84.78,1.0110875206416607,0.6836909633257792,1000,6.90875477931522,0.16666666666666666,3.1354942159291497,-5.179999999999993,-2.2099999999999937,-7.829999999999998,-5.099999999999994,-790,-0.12666666666666665,-0.737598943130779,1.2,0.4,0.7,0.7,1.3,0.5,0.7,0.7094240837696335,1.2,1.0,0.6,0.6388888888888888,1.1,1.2,0.55,0.6095238095238096,A,1,5,-4,6
2022-06-02,Spain,Portugal,False,UEFA Nations League,0.7,1982.6,1976.9,5.699999999999818,0.6475889961344433,0.3524110038655567,-0.09999999999999998,0.0,0.07460317460317456,-0.3999999999999999,0.0,0.3755536582177983,0.3075204245554147,0.4706861295044943,1.2776505687732373,1.100922119780034,6,2,16,1876.4,2,84.31,84.06,85.96,81.55,1.030778663396689,2.2120201927951126,920,6.825460036255307,0.5,2.833213344056216,5,8,1763.83,5,83.74,82.45,86.12,82.24,1.0025535019455254,2.182025053323941,850,6.7464121285733745,0.2,2.1972245773362196,0.5700000000000074,1.6099999999999994,-0.1600000000000108,-0.6899999999999977,70,0.3,0.6359887667199966,2.0,1.6,0.5,0.3253968253968254,1.6,1.1,0.55,0.46799999999999997,1.6,1.6,0.4,0.39999999999999997,1.7,1.0,0.55,0.539568345323741,D,1,1,0,2
2022-06-02,Czech Republic,Switzerland,False,UEFA Nations League,0.7,1749.0,1913.7,-164.70000000000005,0.40795080527724714,0.5920491947227529,-0.19999999999999996,-0.04999999999999999,-0.17901728553137009,-1.0,-0.3999999999999999,0.4958156798136696,0.5041843201863304,0.20642453189467488,1.4759938311149259,1.5240061688850743,2,41,9,1503.04,33,,,,,,,95,4.564348191467836,0.024390243902439025,2.302585092994046,19,12,1650.75,18,79.03,79.12,77.93,79.65,0.9933458882611425,0.8808518604169482,280,5.638354669333745,0.05263157894736842,2.5649493574615367,,,,,-185,-0.028241335044929393,-0.26236426446749084,2.0,1.4,0.7,0.6619718309859155,1.6,1.6,0.45,0.48800000000000004,1.0,1.0,0.5,0.4829545454545454,0.9,1.1,0.4,0.4371069182389938,H,2,1,1,3
2022-06-02,Japan,Paraguay,False,Friendly,0.3,1822.4,1706.2,116.20000000000005,0.7763545357587675,0.22364546424123255,0.3,0.45,0.33888888888888885,1.2,-0.3999999999999999,0.46555817757172585,0.3447797926364597,0.36205192611004416,2.5819371000339792,1.5806367112053663,4,18,7,1661.58,17,76.86,73.58,78.41,76.46,0.9623332461417735,2.4298765400735887,290,5.673323267171493,0.05555555555555555,2.0794415416798357,40,8,1503.5,32,74.7,74.93,75.23,74.05,1.011883862255233,0.6132971003790402,100,4.61512051684126,0.025,2.1972245773362196,2.1599999999999966,-1.3500000000000085,3.1799999999999926,2.4099999999999966,190,0.03055555555555555,-0.11778303565638382,0.2,1.2,0.3,0.3,0.1,1.2,0.2,0.2061855670103093,1.4,0.8,0.6,0.6388888888888888,1.2,0.6,0.65,0.6344537815126051,H,4,1,3,5
2022-06-03,Croatia,Austria,False,UEFA Nations League,0.7,1803.2,1692.6,110.60000000000014,0.7707076075145645,0.22929239248543554,0.09999999999999998,0.050000000000000044,0.13837570879824398,0.6,0.0,0.5040756096946624,0.4959243903053375,0.20644140665427696,1.570174609329917,1.9532169271133883,2,11,6,1717.07,11,80.81,78.83,81.31,81.29,0.9697379751506949,1.4260902262246042,340,5.831882477283517,0.09090909090909091,1.9459101490553132,24,7,1593.45,22,78.91,78.39,79.48,78.32,1.0008937691521962,0.6504613747179809,195,5.278114659230517,0.041666666666666664,2.0794415416798357,1.9000000000000057,0.4399999999999977,1.8299999999999983,2.970000000000013,145,0.04924242424242425,-0.13353139262452252,0.6,1.4,0.2,0.22077922077922077,0.7,1.2,0.35,0.3358778625954198,1.2,1.4,0.3,0.35915492957746475,1.5,1.6,0.4,0.388,A,0,3,-3,3
2022-06-03,Belgium,Netherlands,False,UEFA Nations League,0.7,2001.9,1917.9,84.0,0.7425355589430698,0.2574644410569302,0.20000000000000007,0.20000000000000007,0.1573639126830616,-0.6000000000000001,-0.6000000000000001,0.40165861949372905,0.5711564421822898,0.22801424807084578,0.5489501703959518,2.2321989446138875,3,9,13,1734.71,9,82.71,82.46,84.06,79.53,1.0368414434804476,2.2973100211624318,600,6.398594934535208,0.1111111111111111,2.6390573296152584,7,10,1757.87,7,83.2,80.93,83.63,84.01,0.963337697893108,1.6793252613276926,720,6.580639137284949,0.14285714285714285,2.3978952727983707,-0.4900000000000091,1.529999999999987,0.4300000000000068,-4.480000000000004,-120,-0.031746031746031744,0.24116205681688774,2.2,0.8,0.7,0.7127659574468085,1.9,1.2,0.6,0.6103896103896104,1.6,0.2,0.9,0.8701298701298701,1.9,0.5,0.8,0.8029197080291971,A,1,4,-3,5
2022-06-05,Portugal,Switzerland,False,UEFA Nations League,0.7,1984.3,1884.1,100.20000000000005,0.7599570109948489,0.2400429890051511,0.09999999999999998,0.19999999999999996,-0.02128427128427124,0.20000000000000018,-0.6000000000000001,0.5579077984239905,0.44209220157600937,0.18380400281790651,3.411742316901568,0.7203109631120395,4,5,8,1763.83,5,83.74,82.45,86.12,82.24,1.0025535019455254,2.182025053323941,850,6.7464121285733745,0.2,2.1972245773362196,19,12,1650.75,18,79.03,79.12,77.93,79.65,0.9933458882611425,0.8808518604169482,280,5.638354669333745,0.05263157894736842,2.5649493574615367,4.709999999999994,3.3299999999999983,8.189999999999998,2.589999999999989,570,0.1473684210526316,-0.3677247801253172,2.0,1.6,0.6,0.6349206349206349,1.6,1.7,0.4,0.4615384615384615,2.2,1.0,0.7,0.6136363636363636,1.9,1.2,0.6,0.5458015267175572,H,4,0,4,4
2022-06-05,Czech Republic,Spain,False,UEFA Nations League,0.7,1778.6,1975.2,-196.60000000000014,0.36445627661919056,0.6355437233808094,-0.2,-0.25000000000000006,-0.23682567432567425,-1.2000000000000002,-0.40000000000000013,0.415960320624382,0.5002415918419286,0.29177824784588036,0.9971252645925875,2.0,2,41,9,1503.04,33,,,,,,,95,4.564348191467836,0.024390243902439025,2.302585092994046,2,16,1876.4,2,84.31,84.06,85.96,81.55,1.030778663396689,2.2120201927951126,920,6.825460036255307,0.5,2.833213344056216,,,,,-825,-0.47560975609756095,-0.5306282510621703,1.8,1.6,0.5,0.5170454545454545,1.7,1.0,0.55,0.5586206896551724,0.6,1.2,0.3,0.2802197802197802,0.7,1.1,0.3,0.32407407407407407,D,2,2,0,4
2022-06-05,Sweden,Norway,False,UEFA Nations League,0.7,1814.7,1728.7,86.0,0.7447304068650347,0.25526959313496533,0.2,-0.050000000000000044,0.14123376623376627,0.3999999999999999,-0.20000000000000018,0.3891260886830221,0.5463623927637657,0.2590745628947232,1.6266783829476905,2.3357554878006983,4,38,12,1514.77,31,79.87,84.25,74.43,75.32,1.1185608072225173,5.430920732251576,140,4.948759890378168,0.02631578947368421,2.5649493574615367,31,3,1550.94,28,82.05,84.71,81.34,77.67,1.0906398867001414,3.521065179743194,320,5.771441123130016,0.03225806451612903,1.3862943611198906,-2.1799999999999926,-0.45999999999999375,-6.909999999999997,-2.3500000000000085,-180,-0.005942275042444822,1.1786549963416462,0.8,1.6,0.3,0.3068181818181818,1.1,1.5,0.4,0.3611111111111111,1.2,1.4,0.5,0.4480519480519481,0.9,1.6,0.35,0.3299319727891156,A,1,2,-1,3
2022-06-05,Mexico,Ecuador,True,Friendly,0.3,1753.9,1753.2,0.7000000000000455,0.5010073796151114,0.49899262038488856,-0.10000000000000003,0.10000000000000003,0.046511627906976716,-0.19999999999999996,0.0,0.3203183647418893,0.345731844588415,0.4819494756775843,0.823002066311379,0.8852898147572812,5,15,17,1684.13,14,77.71,79.23,77.3,75.4,1.0507957559681698,1.9150195821453098,230,5.442417710521793,0.06666666666666667,2.8903717578961645,23,4,1596.48,21,79.42,73.4,81.21,78.83,0.9311175948243056,4.003028020553102,220,5.3981627015177525,0.043478260869565216,1.6094379124341003,-1.710000000000008,5.829999999999998,-3.9099999999999966,-3.4299999999999926,10,0.02318840579710145,1.2809338454620642,1.0,1.4,0.4,0.3023255813953489,0.8,1.4,0.35,0.30790960451977406,0.8,1.4,0.3,0.3488372093023256,1.1,1.1,0.45,0.43506493506493504,D,0,0,0,0
2022-06-05,Saudi Arabia,Colombia,True,Friendly,0.3,1619.0,1825.8,-206.79999999999995,0.23318087842113955,0.7668191215788605,-0.10000000000000003,0.04999999999999999,-0.015384615384615441,0.2,0.6000000000000001,0.4542446359893131,0.545755364010687,0.22712231799465654,0.0,1.0,1,61,6,1421.0,41,75.74,75.38,76.06,74.85,1.0070808283233132,0.6065476073648342,55,4.02535169073515,0.01639344262295082,1.9459101490553132,13,6,1693.09,12,79.68,82.37,79.35,78.43,1.0502358791278847,2.0611647192788847,380,5.942799375126701,0.07692307692307693,1.9459101490553132,-3.940000000000012,-6.990000000000009,-3.289999999999992,-3.5800000000000125,-325,-0.0605296343001261,0.0,0.0,0.2,0.4,0.4,0.4,0.5,0.45,0.44680851063829785,0.2,0.8,0.3,0.3846153846153846,0.8,0.9,0.5,0.5774647887323943,A,0,1,-1,1
2022-06-05,United States,Uruguay,False,Friendly,0.3,1781.3,1850.1,-68.79999999999995,0.5447801022704686,0.4552198977295314,0.39999999999999997,0.24999999999999994,0.35116279069767437,1.2000000000000002,-1.0,0.4849548465557544,0.4253108453434241,0.24437527090331165,2.374688213810368,0.8366515963434172,4,16,11,1675.7,15,,,,,,,250,5.5254529391317835,0.0625,2.4849066497880004,17,14,1673.07,16,82.26,82.38,83.75,80.54,1.0228457909113482,1.6107244746800498,270,5.602118820879701,0.058823529411764705,2.70805020110221,,,,,-20,0.003676470588235295,-0.2231435513142097,0.4,1.6,0.3,0.3,0.4,0.9,0.45,0.4476439790575916,1.6,0.6,0.7,0.6511627906976744,1.2,0.5,0.7,0.6226415094339622,D,0,0,0,0
2022-06-06,Croatia,France,False,UEFA Nations League,0.7,1735.7,2104.9,-369.20000000000005,0.17513830300588556,0.8248616969941145,-0.5,-0.55,-0.3948420251237153,-0.8000000000000003,0.19999999999999996,0.4580602810197889,0.4865714400984966,0.19267510080111355,1.110351672845078,1.2853513340659828,7,11,6,1717.07,11,80.81,78.83,81.31,81.29,0.9697379751506949,1.4260902262246042,340,5.831882477283517,0.09090909090909091,1.9459101490553132,1,16,1877.32,1,84.99,86.44,82.82,84.39,1.024291977722479,1.815296119094625,1280,7.155396301896734,1.0,2.833213344056216,-4.179999999999993,-7.609999999999999,-1.509999999999991,-3.0999999999999943,-940,-0.9090909090909091,-0.8873031950009029,2.2,1.6,0.8,0.7394366197183099,2.0,1.2,0.85,0.8235294117647058,1.4,1.8,0.3,0.34459459459459457,1.6,2.0,0.3,0.31250000000000006,D,1,1,0,2
2022-06-06,Japan,Brazil,False,Friendly,0.3,1830.2,2055.8,-225.60000000000014,0.3267301269141658,0.6732698730858342,0.0,0.0,-0.032558139534883734,-0.19999999999999996,0.0,0.5636063676573145,0.4363936323426854,0.18158516766261637,2.197287037228019,1.7324290124093398,2,18,7,1661.58,17,76.86,73.58,78.41,76.46,0.9623332461417735,2.4298765400735887,290,5.673323267171493,0.05555555555555555,2.0794415416798357,6,22,1761.16,6,85.24,85.72,84.39,84.78,1.0110875206416607,0.6836909633257792,1000,6.90875477931522,0.16666666666666666,3.1354942159291497,-8.379999999999995,-12.14,-5.980000000000004,-8.320000000000007,-710,-0.1111111111111111,-1.056052674249314,2.0,0.4,0.8,0.8,1.5,0.5,0.7,0.7094240837696335,1.8,0.4,0.8,0.7674418604651163,1.3,0.5,0.7,0.7131147540983607,A,0,1,-1,1
2022-06-07,Germany,England,False,UEFA Nations League,0.7,1846.5,1934.6,-88.09999999999991,0.5171187829792263,0.4828812170207737,-0.5,-0.24999999999999994,-0.5611914731633043,-0.19999999999999996,2.0,0.38833692851036317,0.44745942555117457,0.35837211019364373,1.5040217212666607,2.0334939653316866,3,10,20,1731.3,10,83.78,84.42,84.51,82.18,1.0272572402044293,1.3200126262022376,850,6.7464121285733745,0.1,3.044522437723423,4,16,1825.97,4,84.06,85.32,85.54,81.18,1.0509977827050996,2.456203031781639,1300,7.170888478512505,0.25,2.833213344056216,-0.28000000000000114,-0.8999999999999915,-1.0300000000000011,1.0,-450,-0.15,0.21130909366720685,1.2,0.2,0.9,0.8851351351351352,1.0,0.6,0.7,0.6654676258992805,1.0,2.2,0.4,0.32394366197183094,1.5,2.1,0.45,0.4000000000000001,D,1,1,0,2
2022-06-09,Switzerland,Spain,False,UEFA Nations League,0.7,1861.6,1968.4,-106.80000000000018,0.49021526271033355,0.5097847372896664,0.0,-0.15000000000000002,0.061226180613090375,0.8,0.6000000000000001,0.32964572577711,0.5786596313455927,0.22671930076496968,1.1859465471253519,2.193662499498587,8,19,12,1650.75,18,79.03,79.12,77.93,79.65,0.9933458882611425,0.8808518604169482,280,5.638354669333745,0.05263157894736842,2.5649493574615367,2,16,1876.4,2,84.31,84.06,85.96,81.55,1.030778663396689,2.2120201927951126,920,6.825460036255307,0.5,2.833213344056216,-5.280000000000001,-4.939999999999998,-8.029999999999987,-1.8999999999999915,-640,-0.4473684210526316,-0.2682639865946794,1.0,1.2,0.4,0.41764705882352937,1.7,1.0,0.55,0.5555555555555555,1.8,1.8,0.4,0.47887323943661975,1.6,1.7,0.4,0.43200000000000005,A,0,1,-1,1
2022-06-09,Portugal,Czech Republic,False,UEFA Nations League,0.7,2006.8,1785.4,221.39999999999986,0.8641420279046577,0.13585797209534234,0.29999999999999993,0.15000000000000002,0.2667748917748919,1.2,-0.3999999999999999,0.6420874259938208,0.35791257400617926,0.17895628700308963,2.5559021162030278,0.46748296645465753,3,5,8,1763.83,5,83.74,82.45,86.12,82.24,1.0025535019455254,2.182025053323941,850,6.7464121285733745,0.2,2.1972245773362196,41,9,1503.04,33,,,,,,,95,4.564348191467836,0.024390243902439025,2.302585092994046,,,,,755,0.175609756097561,-0.10536051565782634,0.8,1.2,0.4,0.3522727272727272,0.8,1.0,0.4,0.4104938271604939,2.0,0.8,0.7,0.6190476190476191,1.7,1.3,0.55,0.4923664122137405,H,2,0,2,2
2022-06-09,Morocco,South Africa,False,African Cup of Nations qualification,0.85,1755.2,1590.1,165.10000000000014,0.8214259262499443,0.17857407375005574,0.19999999999999996,0.35,0.22289156626506024,1.4,0.3999999999999999,0.444720005512721,0.555279994487279,0.17293824438798147,0.8555517071575824,1.5854671482902443,4,8,6,1756.21,8,80.56,78.97,78.23,82.18,0.9609394013141883,2.0997698286558326,310,5.739792912179234,0.125,1.9459101490553132,60,3,1429.0,40,71.74,72.79,72.69,69.92,1.0410469107551488,1.6288953311984171,35,3.58351893845611,0.016666666666666666,1.3862943611198906,8.820000000000007,6.179999999999993,5.540000000000006,12.260000000000005,275,0.10833333333333334,0.5596157879354227,0.4,0.8,0.4,0.3975903614457831,0.4,0.7,0.4,0.3835616438356164,1.8,1.2,0.6,0.6204819277108433,1.9,0.8,0.75,0.7100840336134453,H,2,1,1,3
2022-06-09,Canada,Curaçao,False,CONCACAF Nations League,0.55,1710.3,1484.6,225.70000000000005,0.8670219148733566,0.13297808512664344,0.4,0.29999999999999993,0.43698630136986305,1.4,0.0,0.49260750189941815,0.3377748376305449,0.33850507928530954,1.8980563892409938,0.5227846839312944,3,30,2,1556.48,27,78.82,80.96,76.66,78.52,1.031074885379521,2.1565095254446076,200,5.303304908059076,0.03333333333333333,1.0986122886681098,82,0,1294.0,46,,,,,,,12,2.5649493574615367,0.012195121951219513,0.0,,,,,188,0.02113821138211382,1.0986122886681098,0.6,0.8,0.4,0.363013698630137,0.6,0.8,0.4,0.363013698630137,2.0,0.8,0.8,0.8,1.9,0.8,0.7,0.7572254335260115,H,4,0,4,4
2022-06-10,Austria,France,False,UEFA Nations League,0.7,1760.0,2088.7,-328.6999999999998,0.21140068702756992,0.78859931297243,-0.7,-0.44999999999999996,-0.6449275362318839,-1.8,0.6000000000000001,0.357976749641953,0.5696095778633263,0.25140204731569704,0.2549359781309133,1.277670009388769,3,24,7,1593.45,22,78.91,78.39,79.48,78.32,1.0008937691521962,0.6504613747179809,195,5.278114659230517,0.041666666666666664,2.0794415416798357,1,16,1877.32,1,84.99,86.44,82.82,84.39,1.024291977722479,1.815296119094625,1280,7.155396301896734,1.0,2.833213344056216,-6.079999999999998,-8.049999999999997,-3.339999999999989,-6.070000000000007,-1085,-0.9583333333333334,-0.7537718023763804,2.6,1.0,0.9,0.8333333333333333,2.4,1.2,0.85,0.8137931034482758,0.8,1.6,0.2,0.1884057971014493,0.9,1.1,0.4,0.3587786259541984,D,1,1,0,2
2022-06-10,South Korea,Paraguay,False,Friendly,0.3,1775.4,1698.4,77.0,0.7347570893165466,0.2652429106834534,0.19999999999999996,0.30000000000000004,0.29767441860465116,0.6,-0.3999999999999999,0.5634705909818052,0.3630828450774219,0.25498798647948395,2.0,0.5364306903857627,2,25,10,1589.65,23,80.06,83.51,76.56,79.68,1.048067269076305,3.481039116892159,210,5.351858133476067,0.04,2.3978952727983707,40,8,1503.5,32,74.7,74.93,75.23,74.05,1.011883862255233,0.6132971003790402,100,4.61512051684126,0.025,2.1972245773362196,5.359999999999999,8.579999999999998,1.3299999999999983,5.63000000000001,110,0.015,0.2006706954621511,0.6,1.2,0.4,0.4,0.4,1.3,0.25,0.2577319587628866,1.2,0.8,0.6,0.6976744186046512,1.2,1.2,0.55,0.6554621848739496,D,2,2,0,4
2022-06-10,Japan,Ghana,False,Kirin Cup,0.45,1823.7,1672.2,151.5,0.8096519733862081,0.1903480266137919,0.5,0.19999999999999996,0.3708901363271853,1.8,-0.4,0.6251493340921916,0.3748506659078083,0.17675309287943555,2.3424367115662545,0.38977174924386604,3,18,7,1661.58,17,76.86,73.58,78.41,76.46,0.9623332461417735,2.4298765400735887,290,5.673323267171493,0.05555555555555555,2.0794415416798357,74,4,1346.0,45,75.83,76.81,77.55,73.19,1.0494603087853533,2.3331523739353166,130,4.875197323201151,0.013513513513513514,1.6094379124341003,1.0300000000000011,-3.230000000000004,0.8599999999999994,3.269999999999996,160,0.04204204204204204,0.47000362924573547,0.2,1.0,0.3,0.396551724137931,1.0,0.8,0.5,0.5454545454545454,2.0,0.6,0.8,0.7674418604651163,1.5,0.6,0.7,0.7058823529411765,H,4,1,3,5
2022-06-11,Ecuador,Cape Verde,True,Friendly,0.3,1753.2,1534.9,218.29999999999995,0.7784464383944175,0.22155356160558248,0.0,-0.09999999999999998,-0.08139534883720928,-0.30000000000000004,-0.6000000000000001,0.5459606306501659,0.45403936934983413,0.22701968467491707,1.0,0.0,1,23,4,1596.48,21,79.42,73.4,81.21,78.83,0.9311175948243056,4.003028020553102,220,5.3981627015177525,0.043478260869565216,1.6094379124341003,69,0,1366.0,44,71.83,71.91,72.04,71.65,1.0036287508722959,0.19857828011475231,30,3.4339872044851463,0.014492753623188406,0.0,7.590000000000003,1.490000000000009,9.169999999999987,7.179999999999993,190,0.02898550724637681,1.6094379124341003,1.5,2.0,0.5,0.5,1.5,2.0,0.5,0.5,1.2,1.4,0.5,0.4186046511627907,0.9,1.3,0.4,0.364406779661017,H,1,0,1,1
2022-06-11,Uruguay,Panama,False,Friendly,0.3,1851.0,1557.3,293.70000000000005,0.9060489454418421,0.09395105455815789,0.10000000000000003,0.15000000000000002,0.0023255813953488857,0.19999999999999996,-0.6000000000000001,0.6236604805686174,0.37633951943138255,0.18816975971569128,3.6161285864988346,0.5671225658896487,3,17,14,1673.07,16,82.26,82.38,83.75,80.54,1.0228457909113482,1.6107244746800498,270,5.602118820879701,0.058823529411764705,2.70805020110221,33,1,1540.64,29,71.68,71.04,71.68,72.16,0.984478935698448,0.5619015334854749,55,4.02535169073515,0.030303030303030304,0.6931471805599453,10.579999999999998,11.33999999999999,12.069999999999993,8.38000000000001,215,0.0285204991087344,2.0149030205422647,0.8,2.2,0.3,0.3,1.1,2.4,0.35,0.40184049079754597,1.0,1.6,0.4,0.3023255813953489,0.7,0.9,0.5,0.46045197740112986,H,5,0,5,5
2022-06-12,Spain,Czech Republic,False,UEFA Nations League,0.7,1992.9,1775.2,217.70000000000005,0.8616220741267081,0.1383779258732919,-0.09999999999999998,0.10000000000000003,-0.032424677187948336,0.0,0.0,0.5002415918419286,0.415960320624382,0.29177824784588036,2.0,0.9971252645925875,2,2,16,1876.4,2,84.31,84.06,85.96,81.55,1.030778663396689,2.2120201927951126,920,6.825460036255307,0.5,2.833213344056216,41,9,1503.04,33,,,,,,,95,4.564348191467836,0.024390243902439025,2.302585092994046,,,,,825,0.47560975609756095,0.5306282510621703,1.2,1.4,0.5,0.44705882352941173,1.0,1.1,0.45,0.4537037037037038,1.2,1.4,0.4,0.4146341463414634,1.8,1.1,0.55,0.5555555555555556,H,2,0,2,2
2022-06-12,Switzerland,Portugal,False,UEFA Nations League,0.7,1837.1,2017.0,-179.9000000000001,0.3869997320668042,0.6130002679331958,-0.7,-0.25,-0.6333333333333334,-1.5999999999999999,1.7999999999999998,0.44209220157600937,0.5579077984239905,0.18380400281790651,0.7203109631120395,3.411742316901568,4,19,12,1650.75,18,79.03,79.12,77.93,79.65,0.9933458882611425,0.8808518604169482,280,5.638354669333745,0.05263157894736842,2.5649493574615367,5,8,1763.83,5,83.74,82.45,86.12,82.24,1.0025535019455254,2.182025053323941,850,6.7464121285733745,0.2,2.1972245773362196,-4.709999999999994,-3.3299999999999983,-8.189999999999998,-2.589999999999989,-570,-0.1473684210526316,0.3677247801253172,2.8,0.6,0.9,0.8833333333333334,2.1,1.2,0.65,0.599236641221374,1.2,2.4,0.2,0.24999999999999997,1.6,2.0,0.4,0.43199999999999994,H,1,0,1,1
2022-06-12,Norway,Sweden,False,UEFA Nations League,0.7,1766.0,1777.5,-11.5,0.624676818119781,0.37532318188021896,-0.39999999999999997,-0.15000000000000002,-0.3693924634709048,-0.4,1.0,0.5463623927637657,0.3891260886830221,0.2590745628947232,2.3357554878006983,1.6266783829476905,4,31,3,1550.94,28,82.05,84.71,81.34,77.67,1.0906398867001414,3.521065179743194,320,5.771441123130016,0.03225806451612903,1.3862943611198906,38,12,1514.77,31,79.87,84.25,74.43,75.32,1.1185608072225173,5.430920732251576,140,4.948759890378168,0.02631578947368421,2.5649493574615367,2.1799999999999926,0.45999999999999375,6.909999999999997,2.3500000000000085,180,0.005942275042444822,-1.1786549963416462,1.0,0.6,0.7,0.6566265060240963,1.0,1.5,0.45,0.4477124183006536,0.6,1.6,0.3,0.2872340425531915,1.0,1.7,0.3,0.29829545454545453,H,3,2,1,5
2022-06-12,Iran,Algeria,True,Friendly,0.3,1756.0,1771.3,-15.299999999999955,0.4779957521374486,0.5220042478625514,0.09999999999999998,-0.15000000000000002,0.09800664451827246,-0.3999999999999999,-0.6000000000000001,0.46784575578036686,0.5321542442196331,0.22124814655272634,1.2204159005036064,1.7795840994963938,2,21,6,1616.04,19,75.74,78.83,74.88,72.88,1.0816410537870473,3.0277879714405382,75,4.330733340286331,0.047619047619047616,1.9459101490553132,28,4,1564.26,26,77.52,79.27,75.35,77.16,1.02734577501296,1.9619123323940861,160,5.081404364984463,0.03571428571428571,1.6094379124341003,-1.7800000000000011,-0.4399999999999977,-0.46999999999999886,-4.280000000000001,-85,0.011904761904761904,0.33647223662121295,2.0,0.8,0.8,0.7857142857142857,1.9,0.7,0.8,0.8192771084337349,1.6,0.2,0.9,0.8837209302325582,1.2,0.8,0.65,0.6151315789473685,A,1,2,-1,3
2022-06-13,France,Croatia,False,UEFA Nations League,0.7,2074.2,1752.0,322.1999999999998,0.9191146809129329,0.08088531908706709,0.6000000000000001,0.6000000000000001,0.5593947606142728,1.2000000000000002,-1.2000000000000002,0.4865714400984966,0.4580602810197889,0.19267510080111355,1.2853513340659828,1.110351672845078,7,1,16,1877.32,1,84.99,86.44,82.82,84.39,1.024291977722479,1.815296119094625,1280,7.155396301896734,1.0,2.833213344056216,11,6,1717.07,11,80.81,78.83,81.31,81.29,0.9697379751506949,1.4260902262246042,340,5.831882477283517,0.09090909090909091,1.9459101490553132,4.179999999999993,7.609999999999999,1.509999999999991,3.0999999999999943,940,0.9090909090909091,0.8873031950009029,1.4,2.2,0.3,0.31097560975609756,1.4,2.2,0.2,0.20955882352941174,2.6,1.0,0.9,0.8703703703703703,2.1,1.1,0.8,0.7655172413793103,A,0,1,-1,1
2022-06-14,Japan,Tunisia,False,Kirin Cup,0.45,1835.3,1651.1,184.20000000000005,0.8369881081732465,0.16301189182675346,0.4,0.24999999999999994,0.5757575757575759,1.4,-0.4,0.4539364259591613,0.5460635740408387,0.22696821297958064,0.0,3.0,1,18,7,1661.58,17,76.86,73.58,78.41,76.46,0.9623332461417735,2.4298765400735887,290,5.673323267171493,0.05555555555555555,2.0794415416798357,44,6,1483.05,35,72.99,70.78,75.39,71.78,0.9860685427695737,2.42501546386822,80,4.394449154672439,0.022727272727272728,1.9459101490553132,3.8700000000000045,2.799999999999997,3.019999999999996,4.679999999999993,210,0.032828282828282825,0.13353139262452252,0.6,1.0,0.4,0.3409090909090909,0.8,0.9,0.45,0.41764705882352937,2.0,0.6,0.8,0.9166666666666667,1.5,0.6,0.7,0.7241379310344828,A,0,3,-3,3
2022-06-14,South Korea,Egypt,False,Friendly,0.3,1770.7,1681.9,88.79999999999995,0.7477824649385735,0.2522175350614265,-0.09999999999999998,-0.09999999999999998,-0.033575581395348775,0.7999999999999999,1.0,0.5460635740408387,0.4539364259591613,0.22696821297958064,4.0,1.0,1,25,10,1589.65,23,80.06,83.51,76.56,79.68,1.048067269076305,3.481039116892159,210,5.351858133476067,0.04,2.3978952727983707,29,3,1565.56,25,80.93,86.04,70.5,73.27,1.174286884127201,8.288922326414538,115,4.7535901911063645,0.034482758620689655,1.3862943611198906,-0.8700000000000045,-2.530000000000001,6.060000000000002,6.410000000000011,95,0.005517241379310346,1.01160091167848,0.6,0.2,0.7,0.73125,0.9,0.5,0.6,0.6312056737588652,1.4,1.2,0.6,0.6976744186046512,1.2,1.6,0.5,0.6302521008403361,H,4,1,3,5
2022-07-27,Japan,South Korea,False,EAFF Championship,0.45,1784.1,1779.6,4.5,0.6460109229912709,0.35398907700872906,0.20000000000000007,0.1499999999999999,0.16552823315118392,0.5999999999999999,-1.0,0.5520518512974079,0.44794814870259214,0.20431994030127815,2.354615530945731,0.21512815635142313,3,18,7,1661.58,17,76.86,73.58,78.41,76.46,0.9623332461417735,2.4298765400735887,290,5.673323267171493,0.05555555555555555,2.0794415416798357,25,10,1589.65,23,80.06,83.51,76.56,79.68,1.048067269076305,3.481039116892159,210,5.351858133476067,0.04,2.3978952727983707,-3.200000000000003,-9.930000000000007,1.8499999999999943,-3.220000000000013,80,0.015555555555555552,-0.3184537311185349,1.8,1.6,0.6,0.7361111111111112,1.4,1.5,0.55,0.6554621848739497,2.4,0.6,0.8,0.9016393442622951,1.8,0.7,0.7,0.73109243697479,H,3,0,3,3
2022-08-31,Mexico,Paraguay,True,Friendly,0.3,1753.9,1703.0,50.90000000000009,0.5727313908130076,0.4272686091869924,0.0,0.09999999999999998,0.0,-0.4,-0.6000000000000001,0.3764461507328833,0.6235538492671168,0.17472543915044367,1.0178408036930349,1.7488727207777255,3,15,17,1684.13,14,77.71,79.23,77.3,75.4,1.0507957559681698,1.9150195821453098,230,5.442417710521793,0.06666666666666667,2.8903717578961645,40,8,1503.5,32,74.7,74.93,75.23,74.05,1.011883862255233,0.6132971003790402,100,4.61512051684126,0.025,2.1972245773362196,3.009999999999991,4.299999999999997,2.069999999999993,1.3500000000000085,130,0.041666666666666664,0.693147180559945,0.8,2.0,0.3,0.3488372093023256,0.5,1.5,0.25,0.2777777777777778,0.4,1.4,0.3,0.3488372093023256,0.8,1.4,0.35,0.39610389610389607,A,0,1,-1,1
2022-09-22,Australia,New Zealand,False,Friendly,0.3,1648.1,1434.4,213.69999999999982,0.858853785720883,0.141146214279117,-0.2,-0.15000000000000002,-0.2,-0.6,0.0,0.7379099456726588,0.2620900543273412,0.1310450271636706,1.8796099958558867,0.2953850601117501,5,27,6,1578.66,24,73.3,73.31,72.57,72.76,1.0075590984057174,0.3843175770115159,120,4.795790545596741,0.037037037037037035,1.9459101490553132,85,2,1281.0,48,71.79,75.19,70.01,71.34,1.0539669189795347,2.690223039080585,9,2.302585092994046,0.011764705882352941,1.0986122886681098,1.509999999999991,-1.8799999999999955,2.559999999999988,1.4200000000000017,111,0.025272331154684094,0.8472978603872034,1.0,1.0,0.5,0.5,1.0,1.0,0.5,0.5,0.4,1.0,0.3,0.3,0.4,0.8,0.35,0.3704819277108434,H,1,0,1,1
2022-09-22,France,Austria,False,UEFA Nations League,0.7,2028.3,1774.4,253.89999999999986,0.8846490876269847,0.11535091237301531,0.5,0.35,0.4708994708994708,1.2000000000000002,-0.3999999999999999,0.5696095778633263,0.357976749641953,0.25140204731569704,1.277670009388769,0.2549359781309133,3,1,16,1877.32,1,84.99,86.44,82.82,84.39,1.024291977722479,1.815296119094625,1280,7.155396301896734,1.0,2.833213344056216,24,7,1593.45,22,78.91,78.39,79.48,78.32,1.0008937691521962,0.6504613747179809,195,5.278114659230517,0.041666666666666664,2.0794415416798357,6.079999999999998,8.049999999999997,3.339999999999989,6.070000000000007,1085,0.9583333333333334,0.7537718023763804,1.0,1.2,0.3,0.2698412698412699,1.0,1.1,0.4,0.39568345323741005,2.2,0.8,0.8,0.7407407407407407,2.1,1.2,0.75,0.7050359712230215,H,2,0,2,2
2022-09-23,Japan,United States,True,Kirin Challenge Cup,0.45,1805.7,1780.4,25.299999999999955,0.5363454072336473,0.4636545927663527,-0.09999999999999998,-0.09999999999999998,0.11666666666666647,0.19999999999999996,0.6,0.44273004741620803,0.5572699525837921,0.18137152395059658,0.5827537206088825,1.4172462793911174,2,18,7,1661.58,17,76.86,73.58,78.41,76.46,0.9623332461417735,2.4298765400735887,290,5.673323267171493,0.05555555555555555,2.0794415416798357,16,11,1675.7,15,,,,,,,250,5.5254529391317835,0.0625,2.4849066497880004,,,,,40,-0.0069444444444444475,-0.4054651081081646,1.8,0.6,0.7,0.5833333333333334,1.4,0.5,0.7,0.6103896103896104,2.0,1.2,0.6,0.6999999999999998,1.7,1.0,0.6,0.6639344262295082,H,2,0,2,2
2022-09-23,Brazil,Ghana,True,Friendly,0.3,2062.3,1660.5,401.8000000000002,0.9099436202462673,0.09005637975373271,0.5,0.24999999999999994,0.434108527131783,2.0,-0.6,0.549652185765122,0.45034781423487796,0.22517390711743898,3.0,0.0,1,6,22,1761.16,6,85.24,85.72,84.39,84.78,1.0110875206416607,0.6836909633257792,1000,6.90875477931522,0.16666666666666666,3.1354942159291497,74,4,1346.0,45,75.83,76.81,77.55,73.19,1.0494603087853533,2.3331523739353166,130,4.875197323201151,0.013513513513513514,1.6094379124341003,9.409999999999997,8.909999999999997,6.840000000000003,11.590000000000003,870,0.15315315315315314,1.5260563034950494,0.2,1.0,0.3,0.3333333333333333,1.0,0.9,0.45,0.47727272727272735,2.2,0.4,0.8,0.7674418604651163,1.8,0.6,0.7,0.6864406779661016,H,3,0,3,3
2022-09-23,Canada,Qatar,True,Friendly,0.3,1722.8,1613.7,109.09999999999991,0.6520426556740909,0.3479573443259091,0.49999999999999994,0.44999999999999996,0.48048780487804876,0.8,-1.0,0.549652185765122,0.45034781423487796,0.22517390711743898,2.0,0.0,1,30,2,1556.48,27,78.82,80.96,76.66,78.52,1.031074885379521,2.1565095254446076,200,5.303304908059076,0.03333333333333333,1.0986122886681098,55,1,1454.0,38,72.65,75.52,71.59,70.64,1.0690826727066818,2.587205699849418,18,2.9444389791664403,0.01818181818181818,0.6931471805599453,6.1699999999999875,5.439999999999998,5.069999999999993,7.8799999999999955,182,0.015151515151515152,0.4054651081081645,1.0,1.8,0.2,0.2195121951219512,1.1,2.2,0.15,0.17682926829268292,1.8,0.8,0.7,0.7,1.8,0.9,0.6,0.6416184971098265,H,2,0,2,2
2022-09-23,Iran,Uruguay,True,Friendly,0.3,1746.5,1854.7,-108.20000000000005,0.3491337076626628,0.6508662923373372,0.19999999999999996,0.04999999999999993,0.29722222222222217,0.19999999999999996,-0.4,0.549652185765122,0.45034781423487796,0.22517390711743898,1.0,0.0,1,21,6,1616.04,19,75.74,78.83,74.88,72.88,1.0816410537870473,3.0277879714405382,75,4.330733340286331,0.047619047619047616,1.9459101490553132,17,14,1673.07,16,82.26,82.38,83.75,80.54,1.0228457909113482,1.6107244746800498,270,5.602118820879701,0.058823529411764705,2.70805020110221,-6.52000000000001,-3.549999999999997,-8.870000000000005,-7.660000000000011,-195,-0.011204481792717089,-0.7621400520468968,1.0,1.0,0.5,0.4027777777777778,0.7,0.8,0.55,0.5090361445783133,1.2,0.6,0.7,0.7,1.2,1.0,0.6,0.5483870967741935,H,1,0,1,1
2022-09-23,Saudi Arabia,Ecuador,True,Friendly,0.3,1614.4,1757.6,-143.19999999999982,0.30484625629002793,0.6951537437099721,-0.2,0.14999999999999997,-0.018162393162393153,-1.0,-0.5999999999999999,0.3464909371025447,0.5771057504746973,0.24964878097403026,0.7511439683733993,1.5022879367467985,2,61,6,1421.0,41,75.74,75.38,76.06,74.85,1.0070808283233132,0.6065476073648342,55,4.02535169073515,0.01639344262295082,1.9459101490553132,23,4,1596.48,21,79.42,73.4,81.21,78.83,0.9311175948243056,4.003028020553102,220,5.3981627015177525,0.043478260869565216,1.6094379124341003,-3.680000000000007,1.9799999999999898,-5.1499999999999915,-3.980000000000004,-165,-0.027084818246614396,0.33647223662121295,1.2,1.4,0.5,0.4027777777777778,0.9,1.2,0.45,0.40662650602409633,0.2,0.8,0.3,0.38461538461538464,0.9,0.6,0.6,0.6666666666666666,D,0,0,0,0
2022-09-24,Czech Republic,Portugal,False,UEFA Nations League,0.7,1764.8,1986.4,-221.60000000000014,0.3318153610257014,0.6681846389742986,-0.6000000000000001,-0.2,-0.6409612625538019,-1.8,1.4,0.35791257400617926,0.6420874259938208,0.17895628700308963,0.46748296645465753,2.5559021162030278,3,41,9,1503.04,33,,,,,,,95,4.564348191467836,0.024390243902439025,2.302585092994046,5,8,1763.83,5,83.74,82.45,86.12,82.24,1.0025535019455254,2.182025053323941,850,6.7464121285733745,0.2,2.1972245773362196,,,,,-755,-0.175609756097561,0.10536051565782634,2.6,0.4,0.9,0.8970588235294116,2.0,1.0,0.65,0.5992366412213742,0.8,1.8,0.3,0.2560975609756097,1.0,1.2,0.45,0.4323529411764706,A,0,4,-4,4
2022-09-24,Spain,Switzerland,False,UEFA Nations League,0.7,2003.3,1867.8,135.5,0.7950513059549174,0.20494869404508265,0.5,0.20000000000000007,0.5008097165991904,0.6,-1.0,0.5786596313455927,0.32964572577711,0.22671930076496968,2.193662499498587,1.1859465471253519,8,2,16,1876.4,2,84.31,84.06,85.96,81.55,1.030778663396689,2.2120201927951126,920,6.825460036255307,0.5,2.833213344056216,19,12,1650.75,18,79.03,79.12,77.93,79.65,0.9933458882611425,0.8808518604169482,280,5.638354669333745,0.05263157894736842,2.5649493574615367,5.280000000000001,4.939999999999998,8.029999999999987,1.8999999999999915,640,0.4473684210526316,0.2682639865946794,0.6,2.0,0.1,0.13076923076923078,1.3,1.8,0.35,0.376,1.2,1.0,0.6,0.6315789473684211,1.3,1.1,0.55,0.5555555555555556,A,1,2,-1,3
2022-09-25,New Zealand,Australia,False,Friendly,0.3,1431.6,1650.9,-219.30000000000018,0.33475733136465835,0.6652426686353416,0.033333333333333326,-0.06666666666666671,0.14728682170542637,0.4,0.4666666666666668,0.2620900543273412,0.7379099456726588,0.1310450271636706,0.2953850601117501,1.8796099958558867,5,85,2,1281.0,48,71.79,75.19,70.01,71.34,1.0539669189795347,2.690223039080585,9,2.302585092994046,0.011764705882352941,1.0986122886681098,27,6,1578.66,24,73.3,73.31,72.57,72.76,1.0075590984057174,0.3843175770115159,120,4.795790545596741,0.037037037037037035,1.9459101490553132,-1.509999999999991,1.8799999999999955,-2.559999999999988,-1.4200000000000017,-111,-0.025272331154684094,-0.8472978603872034,0.6,1.2,0.3,0.186046511627907,0.5,0.8,0.4,0.3885542168674698,1.0,1.6666666666666667,0.3333333333333333,0.33333333333333337,1.0,1.6666666666666667,0.3333333333333333,0.33333333333333337,A,0,2,-2,2
2022-09-25,Austria,Croatia,False,UEFA Nations League,0.7,1765.8,1797.9,-32.100000000000136,0.5964906289575983,0.4035093710424017,0.0,0.2,-0.07336423604920661,-0.40000000000000013,-1.0000000000000002,0.4959243903053375,0.5040756096946624,0.20644140665427696,1.9532169271133883,1.570174609329917,2,24,7,1593.45,22,78.91,78.39,79.48,78.32,1.0008937691521962,0.6504613747179809,195,5.278114659230517,0.041666666666666664,2.0794415416798357,11,6,1717.07,11,80.81,78.83,81.31,81.29,0.9697379751506949,1.4260902262246042,340,5.831882477283517,0.09090909090909091,1.9459101490553132,-1.9000000000000057,-0.4399999999999977,-1.8299999999999983,-2.970000000000013,-145,-0.04924242424242425,0.13353139262452252,1.6,2.2,0.4,0.4113924050632911,1.4,2.1,0.25,0.26102941176470584,1.2,1.2,0.4,0.3380281690140845,1.1,1.1,0.45,0.4460431654676259,A,1,3,-2,4
2022-09-25,Netherlands,Belgium,False,UEFA Nations League,0.7,1982.8,1936.9,45.899999999999864,0.6984373961548321,0.30156260384516786,-0.09999999999999998,-0.09999999999999998,-0.04975747144421849,0.3999999999999999,0.19999999999999996,0.5711564421822898,0.40165861949372905,0.22801424807084578,2.2321989446138875,0.5489501703959518,3,7,10,1757.87,7,83.2,80.93,83.63,84.01,0.963337697893108,1.6793252613276926,720,6.580639137284949,0.14285714285714285,2.3978952727983707,9,13,1734.71,9,82.71,82.46,84.06,79.53,1.0368414434804476,2.2973100211624318,600,6.398594934535208,0.1111111111111111,2.6390573296152584,0.4900000000000091,-1.529999999999987,-0.4300000000000068,4.480000000000004,120,0.031746031746031744,-0.24116205681688774,1.6,0.8,0.7,0.6883116883116883,1.8,0.8,0.7,0.6940298507462686,2.0,1.0,0.6,0.6385542168674698,2.0,1.3,0.6,0.6164383561643836,H,1,0,1,1
2022-09-26,England,Germany,False,UEFA Nations League,0.7,1935.4,1845.6,89.80000000000018,0.7488666066128996,0.2511333933871004,0.6000000000000001,0.3,0.5833892242342946,0.6000000000000001,-2.1999999999999997,0.44745942555117457,0.38833692851036317,0.35837211019364373,2.0334939653316866,1.5040217212666607,3,4,16,1825.97,4,84.06,85.32,85.54,81.18,1.0509977827050996,2.456203031781639,1300,7.170888478512505,0.25,2.833213344056216,10,20,1731.3,10,83.78,84.42,84.51,82.18,1.0272572402044293,1.3200126262022376,850,6.7464121285733745,0.1,3.044522437723423,0.28000000000000114,0.8999999999999915,1.0300000000000011,-1.0,450,0.15,-0.21130909366720685,1.0,2.4,0.3,0.28169014084507044,1.4,2.0,0.45,0.39999999999999997,1.6,0.2,0.9,0.8650793650793651,1.3,0.6,0.75,0.6984732824427481,D,3,3,0,6
2022-09-27,Portugal,Spain,False,UEFA Nations League,0.7,2017.5,1963.6,53.90000000000009,0.7080474070797451,0.2919525929202549,-0.10000000000000009,0.0,-0.09210526315789491,0.6000000000000001,0.0,0.3075204245554147,0.3755536582177983,0.4706861295044943,1.100922119780034,1.2776505687732373,6,5,8,1763.83,5,83.74,82.45,86.12,82.24,1.0025535019455254,2.182025053323941,850,6.7464121285733745,0.2,2.1972245773362196,2,16,1876.4,2,84.31,84.06,85.96,81.55,1.030778663396689,2.2120201927951126,920,6.825460036255307,0.5,2.833213344056216,-0.5700000000000074,-1.6099999999999994,0.1600000000000108,0.6899999999999977,-70,-0.3,-0.6359887667199966,1.4,0.6,0.8,0.8157894736842107,1.5,1.1,0.6,0.5962732919254659,2.0,0.6,0.7,0.7236842105263158,2.0,1.1,0.6,0.5431654676258992,A,0,1,-1,1
2022-09-27,Saudi Arabia,United States,True,Friendly,0.3,1618.3,1756.1,-137.79999999999995,0.3114732812496757,0.6885267187503243,-0.39999999999999997,-0.15000000000000002,-0.22916666666666674,-1.4000000000000001,0.4,0.3673001110788277,0.5514414999300292,0.2649084445305569,0.0,0.693826461906788,2,61,6,1421.0,41,75.74,75.38,76.06,74.85,1.0070808283233132,0.6065476073648342,55,4.02535169073515,0.01639344262295082,1.9459101490553132,16,11,1675.7,15,,,,,,,250,5.5254529391317835,0.0625,2.4849066497880004,,,,,-195,-0.046106557377049176,-0.5389965007326871,1.6,0.6,0.6,0.5416666666666667,1.3,0.5,0.65,0.5771812080536913,0.2,1.0,0.2,0.3125,0.6,0.5,0.5,0.5899280575539567,D,0,0,0,0
2022-09-27,Switzerland,Czech Republic,False,UEFA Nations League,0.7,1907.5,1733.7,173.79999999999995,0.8286542417296232,0.1713457582703768,-0.09999999999999998,0.04999999999999999,-0.050509337860780934,-0.20000000000000007,0.19999999999999996,0.5041843201863304,0.4958156798136696,0.20642453189467488,1.5240061688850743,1.4759938311149259,2,19,12,1650.75,18,79.03,79.12,77.93,79.65,0.9933458882611425,0.8808518604169482,280,5.638354669333745,0.05263157894736842,2.5649493574615367,41,9,1503.04,33,,,,,,,95,4.564348191467836,0.024390243902439025,2.302585092994046,,,,,185,0.028241335044929393,0.26236426446749084,0.8,1.6,0.3,0.2763157894736842,0.9,1.3,0.4,0.3871951219512195,0.6,1.8,0.2,0.22580645161290325,1.3,1.6,0.45,0.45864661654135336,H,2,1,1,3
2022-09-27,Paraguay,Morocco,True,Friendly,0.3,1714.5,1762.4,-47.90000000000009,0.43149981302179924,0.5685001869782007,-0.2,-0.35000000000000003,-0.26805555555555555,-0.19999999999999996,1.0,0.35028737771954505,0.5722179874059409,0.2526383237342867,0.7411887064226812,1.4823774128453624,2,40,8,1503.5,32,74.7,74.93,75.23,74.05,1.011883862255233,0.6132971003790402,100,4.61512051684126,0.025,2.1972245773362196,8,6,1756.21,8,80.56,78.97,78.23,82.18,0.9609394013141883,2.0997698286558326,310,5.739792912179234,0.125,1.9459101490553132,-5.859999999999999,-4.039999999999992,-3.0,-8.13000000000001,-210,-0.1,0.25131442828090633,1.4,1.4,0.5,0.5875,1.6,1.0,0.65,0.6596638655462185,1.2,2.4,0.3,0.3194444444444445,0.7,1.6,0.3,0.31360946745562124,D,0,0,0,0
2022-09-27,Brazil,Tunisia,True,Friendly,0.3,2065.5,1702.4,363.0999999999999,0.8899442356449979,0.11005576435500208,0.4,0.24999999999999994,0.3055555555555555,1.6,-0.7999999999999999,0.4378376044928944,0.3585213539363136,0.3829017185389488,2.1212469551182545,1.0,2,6,22,1761.16,6,85.24,85.72,84.39,84.78,1.0110875206416607,0.6836909633257792,1000,6.90875477931522,0.16666666666666666,3.1354942159291497,44,6,1483.05,35,72.99,70.78,75.39,71.78,0.9860685427695737,2.42501546386822,80,4.394449154672439,0.022727272727272728,1.9459101490553132,12.25,14.939999999999998,9.0,13.0,920,0.14393939393939392,1.1895840668738364,0.6,1.2,0.4,0.4166666666666667,0.8,1.0,0.45,0.4034090909090909,2.2,0.4,0.8,0.7222222222222222,1.7,0.5,0.7,0.6656626506024095,H,5,1,4,6
2022-09-27,Iran,Senegal,True,Friendly,0.3,1759.5,1714.9,44.59999999999991,0.563834310054523,0.436165689945477,-0.09999999999999998,0.14999999999999997,0.05965621840242674,0.3999999999999999,0.8,0.4502006917125479,0.4502006917125479,0.3246989624311782,1.0,1.0,1,21,6,1616.04,19,75.74,78.83,74.88,72.88,1.0816410537870473,3.0277879714405382,75,4.330733340286331,0.047619047619047616,1.9459101490553132,14,3,1686.41,13,79.32,80.15,76.69,79.3,1.0107187894073142,1.8030622100563654,260,5.564520407322694,0.07142857142857142,1.3862943611198906,-3.5799999999999983,-1.3200000000000074,-1.8100000000000023,-6.420000000000002,-185,-0.023809523809523808,0.5596157879354227,0.8,0.2,0.6,0.5217391304347826,0.7,0.7,0.45,0.42424242424242425,1.2,1.0,0.5,0.5813953488372093,1.3,0.9,0.6,0.5902777777777778,D,1,1,0,2
2022-09-27,Canada,Uruguay,True,Friendly,0.3,1733.2,1841.7,-108.5,0.34874138150026196,0.651258618499738,0.10000000000000009,0.04999999999999993,0.17677150435771116,0.5999999999999999,0.39999999999999997,0.38460009705105747,0.46968578951222606,0.33801416196224515,1.2626883533965028,2.0,2,30,2,1556.48,27,78.82,80.96,76.66,78.52,1.031074885379521,2.1565095254446076,200,5.303304908059076,0.03333333333333333,1.0986122886681098,17,14,1673.07,16,82.26,82.38,83.75,80.54,1.0228457909113482,1.6107244746800498,270,5.602118820879701,0.058823529411764705,2.70805020110221,-3.440000000000012,-1.4200000000000017,-7.090000000000003,-2.0200000000000102,-70,-0.025490196078431372,-1.6094379124341003,1.8,0.2,0.7,0.6034482758620691,1.1,0.8,0.55,0.47419354838709676,2.4,0.6,0.8,0.7802197802197802,1.9,0.9,0.6,0.621951219512195,A,0,2,-2,2
2022-09-27,Mexico,Colombia,True,Friendly,0.3,1742.5,1830.4,-87.90000000000009,0.376133311200194,0.623866688799806,0.10000000000000003,-0.04999999999999999,0.15833333333333338,0.4,0.6,0.32355890884967053,0.6764410911503295,0.16177945442483527,0.990400963755455,3.504799518122272,3,15,17,1684.13,14,77.71,79.23,77.3,75.4,1.0507957559681698,1.9150195821453098,230,5.442417710521793,0.06666666666666667,2.8903717578961645,13,6,1693.09,12,79.68,82.37,79.35,78.43,1.0502358791278847,2.0611647192788847,380,5.942799375126701,0.07692307692307693,1.9459101490553132,-1.970000000000013,-3.1400000000000006,-2.049999999999997,-3.030000000000001,-150,-0.010256410256410262,0.9444616088408513,0.0,0.4,0.3,0.3,0.3,0.6,0.35,0.3507853403141361,0.4,1.0,0.4,0.45833333333333337,0.6,1.3,0.3,0.3557046979865772,A,2,3,-1,5
2022-09-27,Ecuador,Japan,True,Kirin Challenge Cup,0.45,1753.7,1830.1,-76.39999999999986,0.39179011493888755,0.6082098850611124,-0.09999999999999998,-0.19999999999999996,-0.21260683760683763,-1.4000000000000001,-0.19999999999999996,0.4339507400379365,0.4339507400379365,0.3490738899430953,0.2732423200406222,0.2732423200406222,2,23,4,1596.48,21,79.42,73.4,81.21,78.83,0.9311175948243056,4.003028020553102,220,5.3981627015177525,0.043478260869565216,1.6094379124341003,18,7,1661.58,17,76.86,73.58,78.41,76.46,0.9623332461417735,2.4298765400735887,290,5.673323267171493,0.05555555555555555,2.0794415416798357,2.5600000000000023,-0.1799999999999926,2.799999999999997,2.3700000000000045,-70,-0.012077294685990336,-0.47000362924573547,2.2,1.2,0.6,0.6153846153846154,2.0,0.8,0.7,0.72,0.8,1.0,0.5,0.4027777777777778,0.9,1.1,0.5,0.4193548387096774,D,0,0,0,0
2022-11-07,Qatar,Panama,True,Friendly,0.3,1603.3,1553.5,49.799999999999955,0.571181150728834,0.428818849271166,-0.10000000000000003,-0.25,-0.05384615384615382,0.19999999999999996,-0.3999999999999999,0.4615820109971207,0.4805680818954086,0.24566680046548586,1.3888264375141166,2.7307863944128234,3,55,1,1454.0,38,72.65,75.52,71.59,70.64,1.0690826727066818,2.587205699849418,18,2.9444389791664403,0.01818181818181818,0.6931471805599453,33,1,1540.64,29,71.68,71.04,71.68,72.16,0.984478935698448,0.5619015334854749,55,4.02535169073515,0.030303030303030304,0.6931471805599453,0.9699999999999989,4.47999999999999,-0.09000000000000341,-1.519999999999996,-37,-0.012121212121212123,0.0,0.8,2.0,0.4,0.4,1.0,1.8,0.45,0.48305084745762716,1.0,1.6,0.3,0.3461538461538462,1.0,2.0,0.2,0.23170731707317072,H,2,1,1,3
2022-11-09,Mexico,Iraq,True,Friendly,0.3,1734.9,1578.2,156.70000000000005,0.7113680726245526,0.2886319273754474,0.30000000000000004,-0.2,0.4566059666795816,0.2,-1.2,0.5514055043984186,0.4485944956015813,0.22429724780079066,4.0,0.0,1,15,17,1684.13,14,77.71,79.23,77.3,75.4,1.0507957559681698,1.9150195821453098,230,5.442417710521793,0.06666666666666667,2.8903717578961645,57,1,1447.0,39,70.2,71.16,69.09,70.18,1.013964092333998,1.0354870029765348,15,2.772588722239781,0.017543859649122806,0.6931471805599453,7.509999999999991,8.070000000000007,8.209999999999994,5.219999999999999,215,0.04912280701754386,2.197224577336219,0.0,2.0,0.1,0.11235955056179775,0.7,1.3,0.5,0.3970588235294118,0.2,0.8,0.4,0.5689655172413793,0.6,1.3,0.3,0.3680555555555556,H,4,0,4,4
2022-11-10,Saudi Arabia,Panama,True,Friendly,0.3,1622.1,1545.0,77.09999999999991,0.6091696630209135,0.39083033697908653,0.09999999999999998,0.15000000000000002,0.1444910407929851,-0.39999999999999997,-2.2,0.4485566019662839,0.4485566019662839,0.3271650970505741,1.0,1.0,1,61,6,1421.0,41,75.74,75.38,76.06,74.85,1.0070808283233132,0.6065476073648342,55,4.02535169073515,0.01639344262295082,1.9459101490553132,33,1,1540.64,29,71.68,71.04,71.68,72.16,0.984478935698448,0.5619015334854749,55,4.02535169073515,0.030303030303030304,0.6931471805599453,4.059999999999988,4.339999999999989,4.3799999999999955,2.6899999999999977,0,-0.013909587680079483,1.252762968495368,0.6,3.0,0.2,0.23255813953488372,0.8,2.2,0.35,0.40184049079754597,0.2,0.8,0.3,0.3770491803278688,0.6,0.5,0.5,0.5899280575539569,D,1,1,0,2
2022-11-12,Iraq,Ecuador,True,Friendly,0.3,1567.4,1757.5,-190.0999999999999,0.25080875552896836,0.7491912444710316,-0.4,-0.15000000000000002,-0.2669507942657885,-0.6,1.2,0.4484807405012559,0.4484807405012559,0.32727888924811604,0.0,0.0,1,57,1,1447.0,39,70.2,71.16,69.09,70.18,1.013964092333998,1.0354870029765348,15,2.772588722239781,0.017543859649122806,0.6931471805599453,23,4,1596.48,21,79.42,73.4,81.21,78.83,0.9311175948243056,4.003028020553102,220,5.3981627015177525,0.043478260869565216,1.6094379124341003,-9.219999999999999,-2.240000000000009,-12.11999999999999,-8.649999999999991,-205,-0.02593440122044241,-0.916290731874155,0.6,0.8,0.5,0.37931034482758624,0.9,0.8,0.55,0.47222222222222227,0.0,2.0,0.1,0.11235955056179775,0.5,1.3,0.4,0.25,D,0,0,0,0
2022-11-16,Iran,Tunisia,True,Friendly,0.3,1758.2,1698.3,59.90000000000009,0.5853589682193311,0.4146410317806689,-0.09999999999999998,0.09999999999999998,-0.11538461538461531,-0.19999999999999996,0.19999999999999996,0.43713826743801043,0.5628617325619895,0.21856913371900522,0.0,1.8014660581748194,2,21,6,1616.04,19,75.74,78.83,74.88,72.88,1.0816410537870473,3.0277879714405382,75,4.330733340286331,0.047619047619047616,1.9459101490553132,44,6,1483.05,35,72.99,70.78,75.39,71.78,0.9860685427695737,2.42501546386822,80,4.394449154672439,0.022727272727272728,1.9459101490553132,2.75,8.049999999999997,-0.5100000000000051,1.0999999999999943,-5,0.02489177489177489,0.0,1.0,0.8,0.6,0.6153846153846154,1.1,0.9,0.55,0.48901098901098905,0.8,1.0,0.5,0.5000000000000001,1.3,0.8,0.65,0.611111111111111,A,0,2,-2,2
2022-11-16,Mexico,Sweden,True,Friendly,0.3,1745.8,1758.7,-12.900000000000091,0.4814439338888004,0.5185560661111996,-0.39999999999999997,-0.2,-0.27954545454545454,-0.7999999999999999,0.3999999999999999,0.4362449242282129,0.5637550757717871,0.21812246211410646,0.788620887266574,2.211379112733426,2,15,17,1684.13,14,77.71,79.23,77.3,75.4,1.0507957559681698,1.9150195821453098,230,5.442417710521793,0.06666666666666667,2.8903717578961645,38,12,1514.77,31,79.87,84.25,74.43,75.32,1.1185608072225173,5.430920732251576,140,4.948759890378168,0.02631578947368421,2.5649493574615367,-2.160000000000011,-5.019999999999996,2.8699999999999903,0.0800000000000125,90,0.04035087719298246,0.3254224004346278,1.2,1.0,0.6,0.575,1.1,1.5,0.45,0.44771241830065356,0.4,1.4,0.2,0.2954545454545454,0.7,1.5,0.25,0.33076923076923076,A,1,2,-1,3
2022-11-16,Saudi Arabia,Croatia,False,Friendly,0.3,1619.9,1842.7,-222.79999999999995,0.3302855988021472,0.6697144011978529,-0.09999999999999998,0.15000000000000002,-0.051724137931034475,-1.4000000000000001,-1.4,0.44832872047407085,0.5516712795259292,0.22416436023703543,0.0,1.0,1,61,6,1421.0,41,75.74,75.38,76.06,74.85,1.0070808283233132,0.6065476073648342,55,4.02535169073515,0.01639344262295082,1.9459101490553132,11,6,1717.07,11,80.81,78.83,81.31,81.29,0.9697379751506949,1.4260902262246042,340,5.831882477283517,0.09090909090909091,1.9459101490553132,-5.070000000000007,-3.450000000000003,-5.25,-6.440000000000012,-285,-0.07451564828614009,0.0,1.6,2.0,0.5,0.5,1.2,1.8,0.3,0.3229166666666667,0.2,0.6,0.4,0.4482758620689655,0.5,0.5,0.45,0.5588235294117647,A,0,1,-1,1
2022-11-16,Turkey,Scotland,False,Friendly,0.3,1821.1,1634.7,186.39999999999986,0.8387086359281124,0.1612913640718876,0.09999999999999998,0.14999999999999997,0.10637300843486419,1.2,1.0,0.5516712795259292,0.44832872047407085,0.22416436023703543,2.0,1.0,1,22,2,1599.04,20,80.6,73.08,82.57,79.88,0.9148723084626941,4.891083724492965,460,6.133398042996649,0.045454545454545456,1.0986122886681098,43,7,1499.92,34,77.5,73.76,79.29,77.16,0.9559357179885952,2.7891994072373767,135,4.912654885736052,0.023255813953488372,2.0794415416798357,3.0999999999999943,-0.6800000000000068,3.279999999999987,2.719999999999999,325,0.022198731501057084,-0.980829253011726,0.8,1.4,0.4,0.40909090909090906,0.9,1.7,0.45,0.4371069182389937,2.0,2.4,0.5,0.5154639175257733,2.1,1.9,0.6,0.587248322147651,H,2,1,1,3
2022-11-17,Japan,Canada,True,Friendly,0.3,1826.3,1722.8,103.5,0.6446934267027858,0.35530657329721416,-0.20000000000000007,0.09999999999999998,-0.09740259740259738,-0.19999999999999996,0.6,0.5141764664180344,0.4858235335819656,0.19737761444648563,2.702049939425745,1.4326500201914183,2,18,7,1661.58,17,76.86,73.58,78.41,76.46,0.9623332461417735,2.4298765400735887,290,5.673323267171493,0.05555555555555555,2.0794415416798357,30,2,1556.48,27,78.82,80.96,76.66,78.52,1.031074885379521,2.1565095254446076,200,5.303304908059076,0.03333333333333333,1.0986122886681098,-1.9599999999999937,-7.3799999999999955,1.75,-2.0600000000000023,90,0.02222222222222222,0.980829253011726,2.0,0.4,0.8,0.7402597402597403,1.7,0.8,0.6,0.610062893081761,1.8,1.0,0.6,0.6428571428571429,1.9,0.8,0.7,0.7265625,A,1,2,-1,3
2022-11-17,Jordan,Spain,False,Friendly,0.3,1518.9,1999.0,-480.0999999999999,0.10083042617011517,0.8991695738298848,0.0,-0.20000000000000007,-0.06153846153846132,0.20000000000000018,0.6000000000000001,0.44829065350551967,0.5517093464944803,0.22414532675275983,1.0,3.0,1,63,0,1391.0,42,70.24,72.37,69.09,67.57,1.0710374426520648,2.453188401516149,20,3.044522437723423,0.015873015873015872,0.0,2,16,1876.4,2,84.31,84.06,85.96,81.55,1.030778663396689,2.2120201927951126,920,6.825460036255307,0.5,2.833213344056216,-14.070000000000007,-11.689999999999998,-16.86999999999999,-13.980000000000004,-900,-0.48412698412698413,-2.833213344056216,1.4,1.0,0.6,0.5999999999999999,1.6,1.3,0.55,0.5537974683544303,1.6,1.6,0.6,0.5384615384615385,0.8,1.4,0.35,0.24742268041237114,A,1,3,-2,4
2022-11-17,Switzerland,Ghana,True,Friendly,0.3,1916.1,1657.3,258.79999999999995,0.8160441319019692,0.18395586809803077,0.2,0.09999999999999998,0.12222222222222218,0.4,-0.19999999999999996,0.44829065350551967,0.5517093464944803,0.22414532675275983,0.0,2.0,1,19,12,1650.75,18,79.03,79.12,77.93,79.65,0.9933458882611425,0.8808518604169482,280,5.638354669333745,0.05263157894736842,2.5649493574615367,74,4,1346.0,45,75.83,76.81,77.55,73.19,1.0494603087853533,2.3331523739353166,130,4.875197323201151,0.013513513513513514,1.6094379124341003,3.200000000000003,2.3100000000000023,0.38000000000000966,6.460000000000008,150,0.039118065433854904,0.9555114450274365,0.4,1.8,0.2,0.2777777777777778,1.0,1.2,0.4,0.439516129032258,0.8,1.6,0.4,0.39999999999999997,1.4,1.6,0.5,0.5112781954887218,A,0,2,-2,2
2022-11-18,Egypt,Belgium,True,Friendly,0.3,1673.0,1921.8,-248.79999999999995,0.19275489659797668,0.8072451034020234,0.0,-0.09999999999999998,-0.01222720941030786,-1.0,-0.9999999999999999,0.5371261837028304,0.46287381629716967,0.21818695576680933,1.583505675073001,1.416494324926999,2,29,3,1565.56,25,80.93,86.04,70.5,73.27,1.174286884127201,8.288922326414538,115,4.7535901911063645,0.034482758620689655,1.3862943611198906,9,13,1734.71,9,82.71,82.46,84.06,79.53,1.0368414434804476,2.2973100211624318,600,6.398594934535208,0.1111111111111111,2.6390573296152584,-1.779999999999987,3.5800000000000125,-13.560000000000002,-6.260000000000005,-485,-0.07662835249042145,-1.2527629684953678,1.6,1.4,0.6,0.6056338028169014,1.5,1.2,0.6,0.5801526717557252,0.6,0.4,0.6,0.5934065934065935,0.7,0.6,0.5,0.49999999999999994,H,2,1,1,3
2022-11-19,Sweden,Algeria,False,Friendly,0.3,1768.3,1780.9,-12.600000000000136,0.6231910511272841,0.3768089488727159,-0.29999999999999993,-0.24999999999999994,-0.2186486486486487,-0.8,0.19999999999999996,0.6335278441214959,0.3664721558785042,0.1832360779392521,3.3658062955118258,2.048709443267738,2,38,12,1514.77,31,79.87,84.25,74.43,75.32,1.1185608072225173,5.430920732251576,140,4.948759890378168,0.02631578947368421,2.5649493574615367,28,4,1564.26,26,77.52,79.27,75.35,77.16,1.02734577501296,1.9619123323940861,160,5.081404364984463,0.03571428571428571,1.6094379124341003,2.3500000000000085,4.980000000000004,-0.9199999999999875,-1.8400000000000034,-20,-0.009398496240601503,0.9555114450274365,2.0,1.2,0.7,0.5700000000000001,1.9,1.0,0.7,0.6144578313253013,1.2,1.4,0.4,0.35135135135135137,1.2,1.6,0.45,0.44771241830065356,H,2,0,2,2
2022-11-19,Turkey,Czech Republic,False,Friendly,0.3,1824.3,1725.2,99.09999999999991,0.7587999920989081,0.24120000790109186,0.0,0.2,0.009278350515463996,0.5999999999999999,0.3999999999999999,0.6160776276229278,0.38392237237707216,0.19196118618853608,2.0,1.0,2,22,2,1599.04,20,80.6,73.08,82.57,79.88,0.9148723084626941,4.891083724492965,460,6.133398042996649,0.045454545454545456,1.0986122886681098,41,9,1503.04,33,,,,,,,95,4.564348191467836,0.024390243902439025,2.302585092994046,,,,,365,0.02106430155210643,-1.2039728043259361,0.8,2.2,0.3,0.29999999999999993,0.7,1.7,0.3,0.2888198757763975,1.4,2.6,0.3,0.30927835051546393,2.0,2.2,0.5,0.5,H,2,1,1,3
2022-11-19,Colombia,Paraguay,True,Friendly,0.3,1837.9,1715.9,122.0,0.6686949563073317,0.33130504369266833,-0.09999999999999998,0.04999999999999999,-0.19767441860465124,-1.2,-1.8000000000000003,0.5264079481863103,0.2632623824995088,0.3419608605639352,1.500657499810129,0.8164001798661072,7,13,6,1693.09,12,79.68,82.37,79.35,78.43,1.0502358791278847,2.0611647192788847,380,5.942799375126701,0.07692307692307693,1.9459101490553132,40,8,1503.5,32,74.7,74.93,75.23,74.05,1.011883862255233,0.6132971003790402,100,4.61512051684126,0.025,2.1972245773362196,4.980000000000004,7.439999999999998,4.11999999999999,4.38000000000001,280,0.051923076923076926,-0.25131442828090633,1.4,2.2,0.5,0.5000000000000001,0.8,1.5,0.4,0.37341772151898733,0.2,0.4,0.4,0.3023255813953489,0.3,0.4,0.45,0.40555555555555556,H,2,0,2,2
2022-11-20,Qatar,Ecuador,False,FIFA World Cup,1.0,1611.9,1752.5,-140.5999999999999,0.4418364110042591,0.5581635889957409,-0.3,-0.3,-0.21767594108019633,0.4,1.2,0.4643704420868939,0.5356295579131062,0.21751193092699012,0.9033033070375339,2.2258258267593836,2,55,1,1454.0,38,72.65,75.52,71.59,70.64,1.0690826727066818,2.587205699849418,18,2.9444389791664403,0.01818181818181818,0.6931471805599453,23,4,1596.48,21,79.42,73.4,81.21,78.83,0.9311175948243056,4.003028020553102,220,5.3981627015177525,0.043478260869565216,1.6094379124341003,-6.769999999999996,2.1199999999999903,-9.61999999999999,-8.189999999999998,-202,-0.025296442687747035,-0.916290731874155,0.4,0.2,0.6,0.5638297872340425,0.7,0.8,0.5,0.39473684210526316,0.8,1.4,0.3,0.3461538461538462,1.0,2.1,0.2,0.24050632911392406,A,0,2,-2,2
2022-11-21,Senegal,Netherlands,True,FIFA World Cup,1.0,1716.2,1997.9,-281.70000000000005,0.16498494163493851,0.8350150583650615,-0.20000000000000007,-0.09999999999999998,-0.2350903614457831,-2.1999999999999997,-0.6000000000000001,0.44813813744234837,0.5518618625576517,0.22406906872117419,0.0,2.0,1,14,3,1686.41,13,79.32,80.15,76.69,79.3,1.0107187894073142,1.8030622100563654,260,5.564520407322694,0.07142857142857142,1.3862943611198906,7,10,1757.87,7,83.2,80.93,83.63,84.01,0.963337697893108,1.6793252613276926,720,6.580639137284949,0.14285714285714285,2.3978952727983707,-3.8800000000000097,-0.7800000000000011,-6.939999999999998,-4.710000000000008,-460,-0.07142857142857142,-1.01160091167848,2.8,0.8,0.8,0.8374999999999999,2.3,1.3,0.65,0.655844155844156,0.6,0.2,0.6,0.6024096385542168,0.8,0.6,0.55,0.5629629629629629,A,0,2,-2,2
2022-11-21,England,Iran,True,FIFA World Cup,1.0,1923.0,1740.6,182.4000000000001,0.7407708286413636,0.25922917135863643,0.4,0.10000000000000009,0.3833333333333332,1.0,-0.6,0.5518618625576517,0.44813813744234837,0.22406906872117419,5.999999999999999,2.0,1,4,16,1825.97,4,84.06,85.32,85.54,81.18,1.0509977827050996,2.456203031781639,1300,7.170888478512505,0.25,2.833213344056216,21,6,1616.04,19,75.74,78.83,74.88,72.88,1.0816410537870473,3.0277879714405382,75,4.330733340286331,0.047619047619047616,1.9459101490553132,8.320000000000007,6.489999999999995,10.66000000000001,8.300000000000011,1225,0.20238095238095238,0.8873031950009029,0.8,1.0,0.5,0.5000000000000001,1.3,0.7,0.7,0.7,1.8,0.4,0.9,0.8833333333333333,1.3,0.5,0.8,0.7695312499999999,H,6,2,4,8
2022-11-22,Argentina,Saudi Arabia,True,FIFA World Cup,1.0,2008.0,1613.3,394.70000000000005,0.9065378159983241,0.09346218400167594,0.30000000000000004,0.44999999999999996,0.1409090909090911,0.6,-0.4,0.44809994632234634,0.5519000536776537,0.22404997316117317,1.0,2.0,1,3,18,1874.81,3,84.24,84.97,83.57,83.76,1.0144460362941738,0.7594076639065482,570,6.3473892096560105,0.3333333333333333,2.9444389791664403,61,6,1421.0,41,75.74,75.38,76.06,74.85,1.0070808283233132,0.6065476073648342,55,4.02535169073515,0.01639344262295082,1.9459101490553132,8.5,9.590000000000003,7.509999999999991,8.91000000000001,515,0.3169398907103825,0.998528830111127,0.4,0.4,0.5,0.659090909090909,0.3,0.6,0.4,0.48360655737704916,1.0,0.0,0.8,0.8,1.2,0.1,0.85,0.8459459459459459,A,1,2,-1,3
2022-11-22,France,Australia,True,FIFA World Cup,1.0,2036.9,1660.9,376.0,0.8970095263772729,0.10299047362272706,0.09999999999999998,0.15000000000000002,0.17592592592592582,1.2000000000000002,0.0,0.5638660112961367,0.4361339887038634,0.2180669943519317,3.5818782350460356,1.0,2,1,16,1877.32,1,84.99,86.44,82.82,84.39,1.024291977722479,1.815296119094625,1280,7.155396301896734,1.0,2.833213344056216,27,6,1578.66,24,73.3,73.31,72.57,72.76,1.0075590984057174,0.3843175770115159,120,4.795790545596741,0.037037037037037035,1.9459101490553132,11.689999999999998,13.129999999999995,10.25,11.629999999999995,1160,0.962962962962963,0.8873031950009029,0.6,0.8,0.5,0.30555555555555564,0.6,0.7,0.5,0.4548387096774193,1.8,0.8,0.6,0.48148148148148145,2.0,1.3,0.65,0.5955882352941175,H,4,1,3,5
2022-11-23,Belgium,Canada,True,FIFA World Cup,1.0,1905.7,1735.6,170.10000000000014,0.7269443508361462,0.27305564916385383,-0.19999999999999996,-0.04999999999999993,-0.1189471569218406,-0.20000000000000018,1.0,0.5519382696621197,0.4480617303378803,0.22403086516894016,1.0,0.0,1,9,13,1734.71,9,82.71,82.46,84.06,79.53,1.0368414434804476,2.2973100211624318,600,6.398594934535208,0.1111111111111111,2.6390573296152584,30,2,1556.48,27,78.82,80.96,76.66,78.52,1.031074885379521,2.1565095254446076,200,5.303304908059076,0.03333333333333333,1.0986122886681098,3.8900000000000006,1.5,7.400000000000006,1.0100000000000051,400,0.07777777777777778,1.5404450409471486,1.6,0.6,0.6,0.5873015873015874,1.7,0.9,0.6,0.6298701298701299,1.4,1.6,0.4,0.46835443037974683,1.4,1.2,0.55,0.5251798561151079,H,1,0,1,1
2022-11-23,Germany,Japan,True,FIFA World Cup,1.0,1858.1,1813.4,44.69999999999982,0.5639758707626864,0.4360241292373136,-0.29999999999999993,-0.3,-0.31971830985915495,-0.6000000000000001,0.5999999999999999,0.3958791006540784,0.6041208993459216,0.1979395503270392,1.0,3.1185365982890914,2,10,20,1731.3,10,83.78,84.42,84.51,82.18,1.0272572402044293,1.3200126262022376,850,6.7464121285733745,0.1,3.044522437723423,18,7,1661.58,17,76.86,73.58,78.41,76.46,0.9623332461417735,2.4298765400735887,290,5.673323267171493,0.05555555555555555,2.0794415416798357,6.920000000000002,10.840000000000003,6.1000000000000085,5.720000000000013,560,0.04444444444444445,0.9650808960435873,1.8,0.8,0.7,0.7000000000000001,1.9,0.7,0.75,0.8333333333333334,1.2,1.4,0.4,0.3802816901408451,1.4,2.0,0.45,0.4,A,1,2,-1,3
2022-11-23,Morocco,Croatia,True,FIFA World Cup,1.0,1761.0,1849.3,-88.29999999999995,0.3755931476907139,0.624406852309286,0.0,0.29999999999999993,0.10804794520547956,0.0,-0.3999999999999999,0.40513942666419145,0.5009349404683305,0.2964953461995737,0.5049279718404234,1.0098559436808467,2,8,6,1756.21,8,80.56,78.97,78.23,82.18,0.9609394013141883,2.0997698286558326,310,5.739792912179234,0.125,1.9459101490553132,11,6,1717.07,11,80.81,78.83,81.31,81.29,0.9697379751506949,1.4260902262246042,340,5.831882477283517,0.09090909090909091,1.9459101490553132,-0.25,0.14000000000000057,-3.0799999999999983,0.8900000000000006,-30,0.03409090909090909,0.0,1.6,2.0,0.5,0.47945205479452047,1.4,1.7,0.4,0.42013888888888895,1.6,1.6,0.5,0.5875,1.7,1.0,0.7,0.7115384615384617,D,0,0,0,0
2022-11-24,Uruguay,South Korea,True,FIFA World Cup,1.0,1852.2,1757.9,94.29999999999995,0.6324715330177967,0.3675284669822033,0.0,-0.050000000000000044,-0.04937304075235116,-0.5999999999999999,-1.4000000000000001,0.4916712560946174,0.41756559580825126,0.2863516067956639,1.0447110593068167,0.7042241951515468,3,17,14,1673.07,16,82.26,82.38,83.75,80.54,1.0228457909113482,1.6107244746800498,270,5.602118820879701,0.058823529411764705,2.70805020110221,25,10,1589.65,23,80.06,83.51,76.56,79.68,1.048067269076305,3.481039116892159,210,5.351858133476067,0.04,2.3978952727983707,2.200000000000003,-1.1300000000000097,7.189999999999998,0.8599999999999994,60,0.018823529411764704,0.3101549283038394,2.4,1.6,0.7,0.8448275862068966,1.7,1.6,0.55,0.646551724137931,1.8,0.2,0.7,0.7954545454545454,1.1,0.9,0.5,0.45138888888888895,D,0,0,0,0
2022-11-24,Portugal,Ghana,True,FIFA World Cup,1.0,1982.1,1681.8,300.29999999999995,0.8492416765751423,0.15075832342485773,0.49999999999999994,0.39999999999999997,0.3551724137931034,1.8000000000000003,-1.8000000000000003,0.5519765105224363,0.4480234894775636,0.2240117447387818,3.0,2.0,1,5,8,1763.83,5,83.74,82.45,86.12,82.24,1.0025535019455254,2.182025053323941,850,6.7464121285733745,0.2,2.1972245773362196,74,4,1346.0,45,75.83,76.81,77.55,73.19,1.0494603087853533,2.3331523739353166,130,4.875197323201151,0.013513513513513514,1.6094379124341003,7.909999999999997,5.640000000000001,8.570000000000007,9.049999999999997,720,0.1864864864864865,0.5877866649021193,0.4,2.2,0.2,0.3448275862068966,0.8,1.5,0.3,0.331858407079646,2.2,0.4,0.7,0.7,2.2,0.7,0.7,0.6580882352941176,H,3,2,1,5
2022-11-25,Qatar,Senegal,False,FIFA World Cup,1.0,1572.1,1701.3,-129.20000000000005,0.4580764838751863,0.5419235161248137,-0.09999999999999998,-0.2,-0.10624999999999996,0.3999999999999999,0.6,0.4479852237300114,0.5520147762699886,0.2239926118650057,1.0,3.0,1,55,1,1454.0,38,72.65,75.52,71.59,70.64,1.0690826727066818,2.587205699849418,18,2.9444389791664403,0.01818181818181818,0.6931471805599453,14,3,1686.41,13,79.32,80.15,76.69,79.3,1.0107187894073142,1.8030622100563654,260,5.564520407322694,0.07142857142857142,1.3862943611198906,-6.6699999999999875,-4.63000000000001,-5.099999999999994,-8.659999999999997,-242,-0.053246753246753244,-0.6931471805599453,0.8,0.4,0.6,0.60625,0.8,0.7,0.5,0.5,1.2,1.0,0.5,0.5,1.1,1.7,0.3,0.31645569620253167,A,1,3,-2,4
2022-11-25,Netherlands,Ecuador,True,FIFA World Cup,1.0,2012.8,1792.3,220.5,0.7806229014749405,0.2193770985250595,0.30000000000000004,0.09999999999999998,0.3685503685503684,2.5999999999999996,0.6,0.3489446847768798,0.3489446847768798,0.4765829728346803,1.0,1.0,2,7,10,1757.87,7,83.2,80.93,83.63,84.01,0.963337697893108,1.6793252613276926,720,6.580639137284949,0.14285714285714285,2.3978952727983707,23,4,1596.48,21,79.42,73.4,81.21,78.83,0.9311175948243056,4.003028020553102,220,5.3981627015177525,0.043478260869565216,1.6094379124341003,3.780000000000001,7.530000000000001,2.4200000000000017,5.180000000000007,500,0.09937888198757763,0.7884573603642704,0.2,0.0,0.6,0.5909090909090909,0.7,0.7,0.55,0.46638655462184886,2.8,0.6,0.9,0.9594594594594593,2.1,1.2,0.65,0.6558441558441558,D,1,1,0,2
2022-11-25,England,United States,True,FIFA World Cup,1.0,1952.1,1752.3,199.79999999999995,0.7595367166142737,0.2404632833857263,0.20000000000000007,0.19999999999999996,0.1150417026171987,0.6000000000000001,0.4,0.4646230253220314,0.4344828872184048,0.31813553106876624,0.6900518847060702,0.0,2,4,16,1825.97,4,84.06,85.32,85.54,81.18,1.0509977827050996,2.456203031781639,1300,7.170888478512505,0.25,2.833213344056216,16,11,1675.7,15,,,,,,,250,5.5254529391317835,0.0625,2.4849066497880004,,,,,1050,0.1875,0.3483066942682158,1.6,0.6,0.6,0.639344262295082,1.2,0.7,0.55,0.5102040816326531,2.2,1.0,0.8,0.7543859649122807,1.4,0.7,0.75,0.7148437499999999,D,0,0,0,0
2022-11-26,Tunisia,Australia,True,FIFA World Cup,1.0,1715.8,1650.1,65.70000000000005,0.593438795429102,0.40656120457089795,-0.19999999999999996,-0.10000000000000003,0.15119363395225466,0.0,1.0,0.4479469330838409,0.5520530669161592,0.22397346654192046,0.0,1.0,1,44,6,1483.05,35,72.99,70.78,75.39,71.78,0.9860685427695737,2.42501546386822,80,4.394449154672439,0.022727272727272728,1.9459101490553132,27,6,1578.66,24,73.3,73.31,72.57,72.76,1.0075590984057174,0.3843175770115159,120,4.795790545596741,0.037037037037037035,1.9459101490553132,-0.3100000000000023,-2.530000000000001,2.8200000000000074,-0.980000000000004,-40,-0.014309764309764307,0.0,1.0,0.8,0.6,0.3103448275862069,0.8,0.7,0.55,0.4722222222222222,1.0,1.8,0.4,0.46153846153846156,1.0,1.4,0.45,0.42307692307692313,A,0,1,-1,1
2022-11-26,Argentina,Mexico,True,FIFA World Cup,1.0,1953.6,1736.1,217.5,0.7776511774803703,0.22234882251962973,0.5,0.5,0.5,0.0,-1.2,0.5935241393567133,0.4064758606432867,0.20323793032164336,2.385425021302653,0.0,4,3,18,1874.81,3,84.24,84.97,83.57,83.76,1.0144460362941738,0.7594076639065482,570,6.3473892096560105,0.3333333333333333,2.9444389791664403,15,17,1684.13,14,77.71,79.23,77.3,75.4,1.0507957559681698,1.9150195821453098,230,5.442417710521793,0.06666666666666667,2.8903717578961645,6.530000000000001,5.739999999999995,6.269999999999996,8.36,340,0.26666666666666666,0.054067221270275745,1.2,1.4,0.3,0.3,1.0,1.4,0.3,0.3362068965517242,1.2,0.2,0.8,0.8,1.2,0.2,0.8,0.7952127659574467,H,2,0,2,2
2022-11-27,Croatia,Canada,True,FIFA World Cup,1.0,1841.8,1719.3,122.5,0.6693322955787118,0.33066770442128823,0.09999999999999998,-0.19999999999999996,0.19190256747860418,-0.40000000000000013,0.19999999999999996,0.5520913824723287,0.44790861752767125,0.22395430876383562,4.0,1.0,1,11,6,1717.07,11,80.81,78.83,81.31,81.29,0.9697379751506949,1.4260902262246042,340,5.831882477283517,0.09090909090909091,1.9459101490553132,30,2,1556.48,27,78.82,80.96,76.66,78.52,1.031074885379521,2.1565095254446076,200,5.303304908059076,0.03333333333333333,1.0986122886681098,1.990000000000009,-2.1299999999999955,4.650000000000006,2.7700000000000102,140,0.05757575757575758,0.8472978603872034,1.6,0.8,0.6,0.46938775510204095,1.8,0.8,0.7,0.6912751677852349,1.2,1.0,0.7,0.6612903225806451,1.3,1.4,0.5,0.4889705882352941,H,4,1,3,5
2022-11-27,Belgium,Morocco,True,FIFA World Cup,1.0,1922.1,1768.5,153.5999999999999,0.7076902925001332,0.29230970749986684,-0.39999999999999997,-0.09999999999999998,-0.4305200341005968,0.0,0.8,0.44790861752767125,0.5520913824723287,0.22395430876383562,0.0,2.0,1,9,13,1734.71,9,82.71,82.46,84.06,79.53,1.0368414434804476,2.2973100211624318,600,6.398594934535208,0.1111111111111111,2.6390573296152584,8,6,1756.21,8,80.56,78.97,78.23,82.18,0.9609394013141883,2.0997698286558326,310,5.739792912179234,0.125,1.9459101490553132,2.1499999999999915,3.489999999999995,5.829999999999998,-2.6500000000000057,290,-0.013888888888888895,0.6931471805599452,1.4,1.2,0.6,0.7246376811594204,1.6,1.0,0.65,0.6884615384615386,1.4,2.0,0.2,0.2941176470588236,1.4,1.2,0.55,0.5572519083969466,A,0,2,-2,2
2022-11-27,Spain,Germany,True,FIFA World Cup,1.0,2002.0,1824.2,177.79999999999995,0.7356536160147887,0.26434638398521126,0.19999999999999996,0.10000000000000003,0.19999999999999996,-0.40000000000000013,-1.0,0.5161855759343266,0.34342522268262676,0.31210181272435994,2.1073109350397194,0.8610938684703567,5,2,16,1876.4,2,84.31,84.06,85.96,81.55,1.030778663396689,2.2120201927951126,920,6.825460036255307,0.5,2.833213344056216,10,20,1731.3,10,83.78,84.42,84.51,82.18,1.0272572402044293,1.3200126262022376,850,6.7464121285733745,0.1,3.044522437723423,0.5300000000000011,-0.35999999999999943,1.4499999999999886,-0.6300000000000097,70,0.4,-0.21130909366720685,1.8,1.8,0.5,0.5,1.6,2.2,0.45,0.4,1.4,0.8,0.7,0.7,1.2,1.0,0.55,0.5451612903225806,D,1,1,0,2
2022-11-28,Brazil,Switzerland,True,FIFA World Cup,1.0,2069.6,1891.6,178.0,0.7358774441014764,0.2641225558985236,0.30000000000000004,0.25,0.22758620689655196,1.7999999999999998,-0.9999999999999999,0.5373813478433052,0.4359068587256608,0.24466522279386435,1.0,0.2083826201987738,2,6,22,1761.16,6,85.24,85.72,84.39,84.78,1.0110875206416607,0.6836909633257792,1000,6.90875477931522,0.16666666666666666,3.1354942159291497,19,12,1650.75,18,79.03,79.12,77.93,79.65,0.9933458882611425,0.8808518604169482,280,5.638354669333745,0.05263157894736842,2.5649493574615367,6.209999999999994,6.599999999999994,6.459999999999994,5.1299999999999955,720,0.11403508771929824,0.5705448584676129,1.0,1.4,0.6,0.5999999999999999,1.4,1.6,0.5,0.5390070921985816,2.8,0.4,0.9,0.8275862068965518,1.9,0.4,0.75,0.696774193548387,H,1,0,1,1
2022-11-28,South Korea,Ghana,True,FIFA World Cup,1.0,1765.8,1672.8,93.0,0.6307302886162022,0.3692697113837978,0.3,0.25000000000000006,0.48065764023210833,1.2000000000000002,0.0,0.5598425677014227,0.4401574322985771,0.1785209371594826,1.2906989637128345,0.8720968911385036,2,25,10,1589.65,23,80.06,83.51,76.56,79.68,1.048067269076305,3.481039116892159,210,5.351858133476067,0.04,2.3978952727983707,74,4,1346.0,45,75.83,76.81,77.55,73.19,1.0494603087853533,2.3331523739353166,130,4.875197323201151,0.013513513513513514,1.6094379124341003,4.230000000000004,6.700000000000003,-0.9899999999999949,6.490000000000009,80,0.026486486486486487,0.7884573603642704,0.6,2.2,0.2,0.13636363636363638,0.5,1.4,0.3,0.331858407079646,1.8,2.2,0.5,0.6170212765957447,1.5,1.6,0.55,0.6302521008403361,A,2,3,-1,5
2022-11-28,Portugal,Uruguay,True,FIFA World Cup,1.0,1991.1,1844.2,146.89999999999986,0.6996484505726271,0.30035154942737285,-0.09999999999999998,0.15000000000000002,-0.1000000000000002,0.0,0.2,0.5372272998015079,0.46277270019849215,0.21789094989804977,1.7898505225419823,0.4202989549160353,2,5,8,1763.83,5,83.74,82.45,86.12,82.24,1.0025535019455254,2.182025053323941,850,6.7464121285733745,0.2,2.1972245773362196,17,14,1673.07,16,82.26,82.38,83.75,80.54,1.0228457909113482,1.6107244746800498,270,5.602118820879701,0.058823529411764705,2.70805020110221,1.4799999999999898,0.07000000000000739,2.3700000000000045,1.6999999999999886,580,0.1411764705882353,-0.5108256237659905,2.0,0.2,0.7,0.7000000000000001,1.2,0.9,0.5,0.3923076923076923,2.0,0.4,0.6,0.5999999999999999,2.0,0.6,0.65,0.6090225563909774,H,2,0,2,2
2022-11-29,Ecuador,Senegal,True,FIFA World Cup,1.0,1809.1,1742.5,66.59999999999991,0.5946881592294944,0.40531184077050564,0.29999999999999993,0.09999999999999998,0.39707767239169445,0.19999999999999996,-0.8,0.4478319116398215,0.5521680883601785,0.22391595581991075,1.0,2.0,1,23,4,1596.48,21,79.42,73.4,81.21,78.83,0.9311175948243056,4.003028020553102,220,5.3981627015177525,0.043478260869565216,1.6094379124341003,14,3,1686.41,13,79.32,80.15,76.69,79.3,1.0107187894073142,1.8030622100563654,260,5.564520407322694,0.07142857142857142,1.3862943611198906,0.10000000000000853,-6.75,4.519999999999996,-0.46999999999999886,-40,-0.02795031055900621,0.2231435513142097,0.4,0.8,0.4,0.37951807228915657,0.8,0.8,0.5,0.4881889763779527,0.6,0.0,0.7,0.776595744680851,0.9,0.7,0.6,0.5504201680672268,A,1,2,-1,3
2022-11-29,Qatar,Netherlands,False,FIFA World Cup,1.0,1530.9,1995.9,-465.0,0.10898908895423456,0.8910109110457655,-0.6000000000000001,-0.45,-0.7494594594594592,-1.4,0.9999999999999999,0.4478319116398215,0.5521680883601785,0.22391595581991075,0.0,2.0,1,55,1,1454.0,38,72.65,75.52,71.59,70.64,1.0690826727066818,2.587205699849418,18,2.9444389791664403,0.01818181818181818,0.6931471805599453,7,10,1757.87,7,83.2,80.93,83.63,84.01,0.963337697893108,1.6793252613276926,720,6.580639137284949,0.14285714285714285,2.3978952727983707,-10.549999999999997,-5.410000000000011,-12.039999999999992,-13.370000000000005,-702,-0.12467532467532466,-1.7047480922384253,2.0,0.4,0.9,0.9594594594594593,2.1,0.8,0.75,0.7857142857142857,0.6,1.4,0.3,0.21000000000000002,1.0,1.7,0.3,0.26881720430107525,A,0,2,-2,2
2022-11-29,Iran,United States,True,FIFA World Cup,1.0,1711.5,1767.9,-56.40000000000009,0.41953939643643484,0.5804606035635651,-0.3,0.04999999999999993,-0.47630560928433263,-1.0,0.7999999999999999,0.4478319116398215,0.5521680883601785,0.22391595581991075,0.0,1.0,1,21,6,1616.04,19,75.74,78.83,74.88,72.88,1.0816410537870473,3.0277879714405382,75,4.330733340286331,0.047619047619047616,1.9459101490553132,16,11,1675.7,15,,,,,,,250,5.5254529391317835,0.0625,2.4849066497880004,,,,,-175,-0.014880952380952384,-0.5389965007326871,1.6,0.6,0.6,0.6808510638297871,1.1,0.6,0.55,0.5112781954887218,0.6,1.4,0.3,0.2045454545454545,1.1,0.8,0.6,0.6538461538461539,A,0,1,-1,1
2022-11-30,Saudi Arabia,Mexico,True,FIFA World Cup,1.0,1667.7,1716.1,-48.399999999999864,0.4307939002997431,0.5692060997002568,0.0,0.0,0.0,-1.2,-0.6,0.3651994823172556,0.6348005176827444,0.1825997411586278,0.315853132706518,2.0,2,61,6,1421.0,41,75.74,75.38,76.06,74.85,1.0070808283233132,0.6065476073648342,55,4.02535169073515,0.01639344262295082,1.9459101490553132,15,17,1684.13,14,77.71,79.23,77.3,75.4,1.0507957559681698,1.9150195821453098,230,5.442417710521793,0.06666666666666667,2.8903717578961645,-1.9699999999999989,-3.8500000000000085,-1.2399999999999949,-0.5500000000000114,-175,-0.05027322404371584,-0.9444616088408513,1.4,1.2,0.3,0.3,0.9,1.3,0.3,0.33620689655172414,0.2,0.6,0.3,0.3,0.2,0.7,0.3,0.36111111111111116,A,1,2,-1,3
2022-11-30,Tunisia,France,True,FIFA World Cup,1.0,1680.2,2047.8,-367.5999999999999,0.10754413879477599,0.892455861205224,0.0,-0.24999999999999994,0.0669975186104218,-0.40000000000000013,0.7999999999999999,0.5522064787146101,0.44779352128538974,0.22389676064269487,1.0,0.0,1,44,6,1483.05,35,72.99,70.78,75.39,71.78,0.9860685427695737,2.42501546386822,80,4.394449154672439,0.022727272727272728,1.9459101490553132,1,16,1877.32,1,84.99,86.44,82.82,84.39,1.024291977722479,1.815296119094625,1280,7.155396301896734,1.0,2.833213344056216,-12.0,-15.659999999999997,-7.429999999999993,-12.61,-1200,-0.9772727272727273,-0.8873031950009029,1.8,0.6,0.6,0.5483870967741935,2.0,1.1,0.7,0.650375939849624,1.4,1.4,0.6,0.6153846153846153,1.0,1.3,0.45,0.42307692307692313,H,1,0,1,1
2022-12-01,Japan,Spain,True,FIFA World Cup,1.0,1847.2,1987.9,-140.70000000000005,0.30790449476990345,0.6920955052300966,-0.30000000000000004,0.050000000000000044,-0.23847926267281094,-0.40000000000000013,0.4,0.5522448940245441,0.4477551059754559,0.22387755298772796,2.0,1.0,1,18,7,1661.58,17,76.86,73.58,78.41,76.46,0.9623332461417735,2.4298765400735887,290,5.673323267171493,0.05555555555555555,2.0794415416798357,2,16,1876.4,2,84.31,84.06,85.96,81.55,1.030778663396689,2.2120201927951126,920,6.825460036255307,0.5,2.833213344056216,-7.450000000000003,-10.480000000000004,-7.549999999999997,-5.090000000000003,-630,-0.4444444444444444,-0.7537718023763804,1.6,0.6,0.8,0.7741935483870966,1.4,1.0,0.6,0.5694444444444444,1.2,1.0,0.5,0.5357142857142857,1.8,0.8,0.65,0.7524271844660194,H,2,1,1,3
2022-12-01,Croatia,Belgium,True,FIFA World Cup,1.0,1876.5,1858.4,18.09999999999991,0.526024454736388,0.47397554526361196,0.6000000000000001,0.0,0.4558823529411765,0.19999999999999996,-1.6,0.4196813837768279,0.48238021584814067,0.30777909226344535,0.0,0.3903131989792925,2,11,6,1717.07,11,80.81,78.83,81.31,81.29,0.9697379751506949,1.4260902262246042,340,5.831882477283517,0.09090909090909091,1.9459101490553132,9,13,1734.71,9,82.71,82.46,84.06,79.53,1.0368414434804476,2.2973100211624318,600,6.398594934535208,0.1111111111111111,2.6390573296152584,-1.8999999999999915,-3.6299999999999955,-2.75,1.7600000000000051,-260,-0.020202020202020193,-0.6931471805599452,1.0,2.0,0.2,0.2941176470588236,1.3,1.1,0.55,0.6,1.2,0.4,0.8,0.7500000000000001,1.3,1.3,0.55,0.51,D,0,0,0,0
2022-12-01,Canada,Morocco,True,FIFA World Cup,1.0,1684.5,1832.1,-147.5999999999999,0.2995054650826678,0.7004945349173322,0.0,0.050000000000000044,-0.25524992605737956,0.40000000000000013,-0.19999999999999996,0.4477551059754559,0.5522448940245441,0.22387755298772796,1.0,2.0,1,30,2,1556.48,27,78.82,80.96,76.66,78.52,1.031074885379521,2.1565095254446076,200,5.303304908059076,0.03333333333333333,1.0986122886681098,8,6,1756.21,8,80.56,78.97,78.23,82.18,0.9609394013141883,2.0997698286558326,310,5.739792912179234,0.125,1.9459101490553132,-1.740000000000009,1.9899999999999949,-1.5700000000000074,-3.660000000000011,-110,-0.09166666666666667,-0.8472978603872034,1.2,1.0,0.6,0.7246376811594204,1.2,1.0,0.6,0.6418439716312058,1.6,0.8,0.6,0.46938775510204084,1.7,0.8,0.65,0.6241610738255032,A,1,2,-1,3
2022-12-02,South Korea,Portugal,True,FIFA World Cup,1.0,1728.0,2018.2,-290.20000000000005,0.15835413063285325,0.8416458693671467,-0.19999999999999996,-0.25,-0.22732362821948482,-0.40000000000000013,1.4000000000000001,0.5522833343013508,0.4477166656986491,0.22385833284932455,2.0,1.0,1,25,10,1589.65,23,80.06,83.51,76.56,79.68,1.048067269076305,3.481039116892159,210,5.351858133476067,0.04,2.3978952727983707,5,8,1763.83,5,83.74,82.45,86.12,82.24,1.0025535019455254,2.182025053323941,850,6.7464121285733745,0.2,2.1972245773362196,-3.6799999999999926,1.0600000000000023,-9.560000000000002,-2.559999999999988,-640,-0.16,0.2006706954621511,1.8,0.8,0.6,0.631578947368421,2.3,0.7,0.75,0.7426470588235294,1.4,2.2,0.4,0.4042553191489362,1.3,1.5,0.5,0.5939849624060151,H,2,1,1,3
2022-12-02,Ghana,Uruguay,True,FIFA World Cup,1.0,1710.6,1817.2,-106.60000000000014,0.3512295569604063,0.6487704430395937,-0.39999999999999997,-0.25,-0.46473354231974917,-0.3999999999999999,2.0,0.4477166656986491,0.5522833343013508,0.22385833284932455,0.0,2.0,1,74,4,1346.0,45,75.83,76.81,77.55,73.19,1.0494603087853533,2.3331523739353166,130,4.875197323201151,0.013513513513513514,1.6094379124341003,17,14,1673.07,16,82.26,82.38,83.75,80.54,1.0228457909113482,1.6107244746800498,270,5.602118820879701,0.058823529411764705,2.70805020110221,-6.430000000000007,-5.569999999999993,-6.200000000000003,-7.3500000000000085,-140,-0.04531001589825119,-1.0986122886681098,1.4,0.2,0.6,0.5681818181818181,1.2,0.9,0.5,0.3923076923076923,1.0,2.2,0.2,0.10344827586206895,0.6,1.6,0.25,0.25,A,0,2,-2,2
2022-12-03,Argentina,Australia,True,FIFA World Cup,1.0,1973.6,1685.7,287.89999999999986,0.8398732933323343,0.1601267066676657,0.0,0.1499999999999999,0.2896551724137931,-0.3999999999999999,-0.6,0.6012556067963855,0.39874439320361454,0.19937219660180727,2.0,0.46024834390163216,2,3,18,1874.81,3,84.24,84.97,83.57,83.76,1.0144460362941738,0.7594076639065482,570,6.3473892096560105,0.3333333333333333,2.9444389791664403,27,6,1578.66,24,73.3,73.31,72.57,72.76,1.0075590984057174,0.3843175770115159,120,4.795790545596741,0.037037037037037035,1.9459101490553132,10.939999999999998,11.659999999999997,11.0,11.0,450,0.2962962962962963,0.998528830111127,1.2,1.2,0.6,0.31034482758620685,0.9,1.0,0.55,0.43037974683544306,0.8,0.6,0.6,0.6,1.2,0.4,0.7,0.6937172774869109,H,2,1,1,3
2022-12-03,Netherlands,United States,True,FIFA World Cup,1.0,2005.7,1793.1,212.60000000000014,0.772735798132701,0.227264201867299,0.30000000000000004,0.15000000000000002,0.3562392179413455,1.2000000000000002,0.19999999999999996,0.552321799556399,0.44767820044360096,0.22383910022180048,2.9999999999999996,1.0,1,7,10,1757.87,7,83.2,80.93,83.63,84.01,0.963337697893108,1.6793252613276926,720,6.580639137284949,0.14285714285714285,2.3978952727983707,16,11,1675.7,15,,,,,,,250,5.5254529391317835,0.0625,2.4849066497880004,,,,,470,0.08035714285714285,-0.08701137698962969,0.6,0.4,0.5,0.46808510638297873,1.1,0.5,0.6,0.5864661654135339,1.8,0.6,0.8,0.8243243243243242,2.0,0.7,0.75,0.7619047619047619,H,3,1,2,4
2022-12-04,England,Senegal,True,FIFA World Cup,1.0,1936.6,1778.2,158.39999999999986,0.7133732025211299,0.2866267974788701,0.30000000000000004,0.29999999999999993,0.2666666666666666,2.0,0.3999999999999999,0.45173023110643024,0.5482697688935697,0.1830439239336123,1.639541534320875,2.0406876985186875,2,4,16,1825.97,4,84.06,85.32,85.54,81.18,1.0509977827050996,2.456203031781639,1300,7.170888478512505,0.25,2.833213344056216,14,3,1686.41,13,79.32,80.15,76.69,79.3,1.0107187894073142,1.8030622100563654,260,5.564520407322694,0.07142857142857142,1.3862943611198906,4.740000000000009,5.1699999999999875,8.850000000000009,1.8800000000000097,1040,0.17857142857142858,1.4469189829363256,1.0,1.0,0.5,0.5,1.0,0.8,0.55,0.5602836879432623,3.0,1.4,0.8,0.7666666666666666,2.0,0.7,0.85,0.8320895522388059,H,3,0,3,3
2022-12-05,Japan,Croatia,True,FIFA World Cup,1.0,1888.8,1875.0,13.799999999999955,0.5198493591037462,0.4801506408962538,-0.20000000000000007,0.0,-0.06297807241203479,-0.19999999999999996,0.19999999999999996,0.4476011949533163,0.4476011949533163,0.3285982075700255,1.0,1.0,1,18,7,1661.58,17,76.86,73.58,78.41,76.46,0.9623332461417735,2.4298765400735887,290,5.673323267171493,0.05555555555555555,2.0794415416798357,11,6,1717.07,11,80.81,78.83,81.31,81.29,0.9697379751506949,1.4260902262246042,340,5.831882477283517,0.09090909090909091,1.9459101490553132,-3.950000000000003,-5.25,-2.9000000000000057,-4.8300000000000125,-50,-0.03535353535353536,0.13353139262452252,1.8,0.4,0.9,0.8648648648648649,1.7,1.3,0.65,0.6307189542483659,1.6,0.6,0.7,0.8018867924528301,1.8,0.9,0.65,0.7524271844660195,D,1,1,0,2
2022-12-05,Brazil,South Korea,True,FIFA World Cup,1.0,2085.4,1778.5,306.9000000000001,0.8540416196523488,0.14595838034765118,0.6,0.35,0.6885245901639344,2.0,-1.4,0.6752316395913127,0.3247683604086874,0.1623841802043437,4.608949813069251,0.40319309101639783,4,6,22,1761.16,6,85.24,85.72,84.39,84.78,1.0110875206416607,0.6836909633257792,1000,6.90875477931522,0.16666666666666666,3.1354942159291497,25,10,1589.65,23,80.06,83.51,76.56,79.68,1.048067269076305,3.481039116892159,210,5.351858133476067,0.04,2.3978952727983707,5.179999999999993,2.2099999999999937,7.829999999999998,5.099999999999994,790,0.12666666666666665,0.737598943130779,1.6,1.8,0.4,0.3114754098360656,1.5,1.5,0.5,0.5374149659863946,3.6,0.4,1.0,1.0,2.4,0.4,0.85,0.7916666666666666,H,4,1,3,5
2022-12-06,Morocco,Spain,True,FIFA World Cup,1.0,1850.1,1946.3,-96.20000000000005,0.3649897858396901,0.6350102141603099,-0.09999999999999998,-0.050000000000000044,0.07757885763000838,-0.8,0.0,0.4355388000646097,0.4355388000646097,0.34669179990308546,0.4167652403975476,0.4167652403975476,2,8,6,1756.21,8,80.56,78.97,78.23,82.18,0.9609394013141883,2.0997698286558326,310,5.739792912179234,0.125,1.9459101490553132,2,16,1876.4,2,84.31,84.06,85.96,81.55,1.030778663396689,2.2120201927951126,920,6.825460036255307,0.5,2.833213344056216,-3.75,-5.090000000000003,-7.72999999999999,0.6300000000000097,-610,-0.375,-0.8873031950009029,1.6,0.8,0.7,0.6470588235294119,1.4,0.9,0.65,0.638888888888889,0.8,0.8,0.6,0.7246376811594203,1.3,1.0,0.6,0.6677631578947368,D,0,0,0,0
2022-12-06,Portugal,Switzerland,True,FIFA World Cup,1.0,1967.7,1875.8,91.90000000000009,0.6292542627734231,0.3707457372265769,0.0,0.35,-0.01888276947285583,0.8,-0.19999999999999996,0.5579077984239905,0.44209220157600937,0.18380400281790651,3.411742316901568,0.7203109631120395,4,5,8,1763.83,5,83.74,82.45,86.12,82.24,1.0025535019455254,2.182025053323941,850,6.7464121285733745,0.2,2.1972245773362196,19,12,1650.75,18,79.03,79.12,77.93,79.65,0.9933458882611425,0.8808518604169482,280,5.638354669333745,0.05263157894736842,2.5649493574615367,4.709999999999994,3.3299999999999983,8.189999999999998,2.589999999999989,570,0.1473684210526316,-0.3677247801253172,1.0,1.0,0.6,0.6774193548387096,1.1,1.7,0.4,0.4538461538461539,1.8,0.8,0.6,0.6585365853658538,2.2,0.6,0.75,0.7666666666666667,H,6,1,5,7
2022-12-09,Croatia,Brazil,True,FIFA World Cup,1.0,1876.2,2100.8,-224.60000000000014,0.21536210173005402,0.784637898269946,-0.19999999999999996,-0.25,-0.25,-1.4,0.0,0.34140791993710234,0.5783946275254666,0.2509014125059823,0.9347955095896678,2.4291116664518215,3,11,6,1717.07,11,80.81,78.83,81.31,81.29,0.9697379751506949,1.4260902262246042,340,5.831882477283517,0.09090909090909091,1.9459101490553132,6,22,1761.16,6,85.24,85.72,84.39,84.78,1.0110875206416607,0.6836909633257792,1000,6.90875477931522,0.16666666666666666,3.1354942159291497,-4.429999999999993,-6.890000000000001,-3.0799999999999983,-3.489999999999995,-660,-0.07575757575757575,-1.1895840668738364,3.0,0.4,1.0,1.0,2.5,0.4,0.9,0.8611111111111112,1.6,0.4,0.8,0.75,1.6,1.2,0.65,0.6282051282051283,D,1,1,0,2
2022-12-09,Netherlands,Argentina,True,FIFA World Cup,1.0,2026.2,1983.2,43.0,0.5615679389736461,0.4384320610263539,0.30000000000000004,0.050000000000000044,0.28636363636363626,1.0,-0.19999999999999996,0.44744688373386443,0.44744688373386443,0.3288296743992033,2.0,2.0,1,7,10,1757.87,7,83.2,80.93,83.63,84.01,0.963337697893108,1.6793252613276926,720,6.580639137284949,0.14285714285714285,2.3978952727983707,3,18,1874.81,3,84.24,84.97,83.57,83.76,1.0144460362941738,0.7594076639065482,570,6.3473892096560105,0.3333333333333333,2.9444389791664403,-1.039999999999992,-4.039999999999992,0.060000000000002274,0.25,150,-0.19047619047619047,-0.5465437063680696,1.0,0.6,0.6,0.6,1.1,0.4,0.7,0.6984536082474228,2.0,0.4,0.9,0.8863636363636362,2.0,0.7,0.75,0.7660818713450291,D,2,2,0,4
2022-12-10,Morocco,Portugal,True,FIFA World Cup,1.0,1858.2,2012.1,-153.89999999999986,0.29195259292025505,0.7080474070797449,0.20000000000000007,0.0,0.2297371303395399,-0.8,-0.6,0.5378104544578374,0.4621895455421627,0.2177202498522094,0.7928341629405801,0.20716583705941993,2,8,6,1756.21,8,80.56,78.97,78.23,82.18,0.9609394013141883,2.0997698286558326,310,5.739792912179234,0.125,1.9459101490553132,5,8,1763.83,5,83.74,82.45,86.12,82.24,1.0025535019455254,2.182025053323941,850,6.7464121285733745,0.2,2.1972245773362196,-3.1799999999999926,-3.480000000000004,-7.890000000000001,-0.05999999999998806,-540,-0.07500000000000001,-0.25131442828090633,2.0,1.0,0.6,0.6136363636363636,2.0,0.8,0.65,0.6646341463414634,1.2,0.4,0.8,0.8433734939759036,1.3,0.9,0.65,0.7177914110429447,H,1,0,1,1
2022-12-10,England,France,True,FIFA World Cup,1.0,1966.7,1994.2,-27.5,0.46050675852731204,0.539493241472688,0.09999999999999998,0.050000000000000044,0.04409672830725464,1.0,0.3999999999999999,0.44740824331298223,0.5525917566870179,0.22370412165649112,1.0,2.0,1,4,16,1825.97,4,84.06,85.32,85.54,81.18,1.0509977827050996,2.456203031781639,1300,7.170888478512505,0.25,2.833213344056216,1,16,1877.32,1,84.99,86.44,82.82,84.39,1.024291977722479,1.815296119094625,1280,7.155396301896734,1.0,2.833213344056216,-0.9299999999999926,-1.1200000000000045,2.720000000000013,-3.2099999999999937,20,-0.75,0.0,1.6,0.8,0.6,0.631578947368421,2.1,0.9,0.75,0.7205882352941178,2.6,1.2,0.7,0.6756756756756757,1.9,0.7,0.8,0.7804054054054053,A,1,2,-1,3
2022-12-13,Argentina,Croatia,True,FIFA World Cup,1.0,1986.9,1893.2,93.70000000000005,0.6316683079853761,0.3683316920146239,0.0,0.15000000000000002,0.0488372093023256,0.19999999999999996,0.4,0.5379153342185925,0.46208466578140744,0.21766049403226653,2.379311535937399,0.620688464062601,2,3,18,1874.81,3,84.24,84.97,83.57,83.76,1.0144460362941738,0.7594076639065482,570,6.3473892096560105,0.3333333333333333,2.9444389791664403,11,6,1717.07,11,80.81,78.83,81.31,81.29,0.9697379751506949,1.4260902262246042,340,5.831882477283517,0.09090909090909091,1.9459101490553132,3.4299999999999926,6.140000000000001,2.259999999999991,2.469999999999999,230,0.2424242424242424,0.998528830111127,1.2,0.4,0.7,0.6511627906976744,1.4,1.2,0.6,0.5723270440251572,1.4,0.8,0.7,0.7,1.2,0.4,0.75,0.7461928934010152,H,3,0,3,3
2022-12-14,France,Morocco,True,FIFA World Cup,1.0,2021.8,1900.7,121.09999999999991,0.6675461863769211,0.3324538136230789,-0.19999999999999996,0.09999999999999998,-0.2325581395348837,0.5999999999999999,0.6000000000000001,0.5527465691751705,0.4472534308248295,0.22362671541241474,2.0,0.0,1,1,16,1877.32,1,84.99,86.44,82.82,84.39,1.024291977722479,1.815296119094625,1280,7.155396301896734,1.0,2.833213344056216,8,6,1756.21,8,80.56,78.97,78.23,82.18,0.9609394013141883,2.0997698286558326,310,5.739792912179234,0.125,1.9459101490553132,4.429999999999993,7.469999999999999,4.589999999999989,2.2099999999999937,970,0.875,0.8873031950009029,0.8,0.2,0.7,0.7325581395348837,1.2,0.9,0.6,0.6626506024096385,1.4,0.8,0.5,0.5,2.0,0.9,0.7,0.6470588235294118,H,2,0,2,2
2022-12-17,Croatia,Morocco,True,FIFA World Cup,1.0,1854.6,1870.8,-16.200000000000045,0.476703206747444,0.5232967932525561,-0.20000000000000007,-0.04999999999999993,-0.20000000000000007,0.19999999999999996,0.39999999999999997,0.5009349404683305,0.40513942666419145,0.2964953461995737,1.0098559436808467,0.5049279718404234,2,11,6,1717.07,11,80.81,78.83,81.31,81.29,0.9697379751506949,1.4260902262246042,340,5.831882477283517,0.09090909090909091,1.9459101490553132,8,6,1756.21,8,80.56,78.97,78.23,82.18,0.9609394013141883,2.0997698286558326,310,5.739792912179234,0.125,1.9459101490553132,0.25,-0.14000000000000057,3.0799999999999983,-0.8900000000000006,30,-0.03409090909090909,0.0,1.0,0.2,0.8,0.8,1.2,0.7,0.7,0.7692307692307693,1.2,0.6,0.6,0.6,1.2,0.8,0.65,0.6234567901234568,H,2,1,1,3
2022-12-18,Argentina,France,True,FIFA World Cup,1.0,2025.6,2051.8,-26.200000000000273,0.4623664778829338,0.5376335221170663,0.0,0.0,-0.013636363636363669,0.0,0.3999999999999999,0.4350509198551485,0.4619964459272084,0.3204780941452174,3.0000000000000004,3.2074357790130756,2,3,18,1874.81,3,84.24,84.97,83.57,83.76,1.0144460362941738,0.7594076639065482,570,6.3473892096560105,0.3333333333333333,2.9444389791664403,1,16,1877.32,1,84.99,86.44,82.82,84.39,1.024291977722479,1.815296119094625,1280,7.155396301896734,1.0,2.833213344056216,-0.75,-1.4699999999999989,0.75,-0.6299999999999955,-710,-0.6666666666666667,0.1112256351102241,1.6,0.8,0.6,0.6136363636363636,1.9,0.8,0.7,0.6619718309859154,1.6,1.2,0.6,0.6,1.3,0.6,0.7,0.7,D,3,3,0,6
2023-01-09,Iraq,Saudi Arabia,False,Gulf Cup,0.45,1572.4,1641.8,-69.39999999999986,0.5439234271288117,0.4560765728711883,-0.5,-0.04999999999999999,-0.6590909090909091,-0.6,2.1999999999999997,0.3869935561553704,0.42815157283261523,0.33404386541561293,0.8942963805296045,1.0569711603749496,5,57,1,1447.0,39,70.2,71.16,69.09,70.18,1.013964092333998,1.0354870029765348,15,2.772588722239781,0.017543859649122806,0.6931471805599453,61,6,1421.0,41,75.74,75.38,76.06,74.85,1.0070808283233132,0.6065476073648342,55,4.02535169073515,0.01639344262295082,1.9459101490553132,-5.539999999999992,-4.219999999999999,-6.969999999999999,-4.6699999999999875,-40,0.0011504170261719855,-1.252762968495368,0.6,0.6,0.5,0.6590909090909091,0.4,0.8,0.35,0.4537037037037038,0.0,2.8,0.0,0.0,0.3,1.6,0.3,0.1879699248120301,H,2,0,2,2
2023-01-16,Iraq,Qatar,False,Gulf Cup,0.45,1596.3,1521.1,75.20000000000005,0.7327328140378038,0.26726718596219623,-0.19999999999999998,0.04999999999999999,-0.12295081967213117,-0.6,0.6000000000000001,0.45418658522561883,0.4430318744394863,0.272657315036854,0.8349711713472883,1.168283251010976,6,57,1,1447.0,39,70.2,71.16,69.09,70.18,1.013964092333998,1.0354870029765348,15,2.772588722239781,0.017543859649122806,0.6931471805599453,55,1,1454.0,38,72.65,75.52,71.59,70.64,1.0690826727066818,2.587205699849418,18,2.9444389791664403,0.01818181818181818,0.6931471805599453,-2.450000000000003,-4.359999999999999,-2.5,-0.45999999999999375,-3,-0.0006379585326953749,0.0,0.6,1.6,0.3,0.17213114754098363,0.8,1.7,0.25,0.19117647058823534,0.0,2.2,0.1,0.04918032786885246,0.3,1.6,0.3,0.18796992481203006,H,2,1,1,3
2023-01-28,United States,Colombia,False,Friendly,0.3,1772.6,1847.9,-75.30000000000018,0.535486393376572,0.464513606623428,0.0,0.09999999999999998,0.284608378870674,-0.6000000000000001,-0.4,0.3730940367637705,0.5355912432702925,0.27786173834782224,0.7393086594943379,3.102052353716076,3,16,11,1675.7,15,,,,,,,250,5.5254529391317835,0.0625,2.4849066497880004,13,6,1693.09,12,79.68,82.37,79.35,78.43,1.0502358791278847,2.0611647192788847,380,5.942799375126701,0.07692307692307693,1.9459101490553132,,,,,-130,-0.014423076923076927,0.5389965007326871,0.8,0.8,0.5,0.30555555555555564,0.6,0.6,0.5,0.4171597633136094,0.2,0.4,0.5,0.5901639344262296,1.0,0.5,0.6,0.5864661654135338,D,0,0,0,0
2023-03-23,Argentina,Panama,False,Friendly,0.3,2027.8,1547.1,480.70000000000005,0.9658675414429638,0.03413245855703617,0.49999999999999994,0.45,0.42222222222222217,1.4,-1.6,0.5567080455934862,0.4432919544065137,0.22164597720325685,2.0,0.0,1,3,18,1874.81,3,84.24,84.97,83.57,83.76,1.0144460362941738,0.7594076639065482,570,6.3473892096560105,0.3333333333333333,2.9444389791664403,33,1,1540.64,29,71.68,71.04,71.68,72.16,0.984478935698448,0.5619015334854749,55,4.02535169073515,0.030303030303030304,0.6931471805599453,12.559999999999988,13.929999999999993,11.889999999999986,11.600000000000009,515,0.303030303030303,2.251291798606495,0.6,2.6,0.2,0.2777777777777778,0.9,2.4,0.3,0.3724832214765101,2.0,1.0,0.7,0.7,1.6,0.6,0.75,0.75,H,2,0,2,2
2023-03-24,Australia,Ecuador,False,Friendly,0.3,1676.1,1773.5,-97.40000000000009,0.5037416309309788,0.4962583690690212,0.20000000000000007,0.0,-0.008762012436404731,0.7999999999999999,0.8,0.4998323397204301,0.5001676602795698,0.19896835650304218,1.9983572910053358,1.500821354497332,2,27,6,1578.66,24,73.3,73.31,72.57,72.76,1.0075590984057174,0.3843175770115159,120,4.795790545596741,0.037037037037037035,1.9459101490553132,23,4,1596.48,21,79.42,73.4,81.21,78.83,0.9311175948243056,4.003028020553102,220,5.3981627015177525,0.043478260869565216,1.6094379124341003,-6.1200000000000045,-0.09000000000000341,-8.64,-6.069999999999993,-100,-0.006441223832528181,0.33647223662121295,0.6,0.2,0.6,0.6639344262295082,0.7,0.6,0.55,0.5225563909774436,1.4,1.0,0.8,0.6551724137931034,0.9,1.0,0.55,0.430379746835443,H,3,1,2,4
2023-03-24,Japan,Uruguay,False,Friendly,0.3,1887.6,1848.8,38.799999999999955,0.6897598946659427,0.3102401053340573,0.19999999999999996,0.15000000000000002,0.45662715517241365,0.0,0.20000000000000007,0.44363883156843537,0.41551600203198813,0.34860316741557057,1.7031904297002747,1.5367516352963013,3,18,7,1661.58,17,76.86,73.58,78.41,76.46,0.9623332461417735,2.4298765400735887,290,5.673323267171493,0.05555555555555555,2.0794415416798357,17,14,1673.07,16,82.26,82.38,83.75,80.54,1.0228457909113482,1.6107244746800498,270,5.602118820879701,0.058823529411764705,2.70805020110221,-5.400000000000006,-8.799999999999997,-5.340000000000003,-4.0800000000000125,20,-0.0032679738562091526,-0.6286086594223743,1.4,0.6,0.5,0.37931034482758624,1.2,0.8,0.5,0.3923076923076923,1.4,0.8,0.7,0.8359374999999999,1.8,1.0,0.65,0.7524271844660194,D,1,1,0,2
2023-03-24,South Korea,Colombia,False,Friendly,0.3,1763.2,1848.6,-85.39999999999986,0.5209987301318278,0.47900126986817215,-0.19999999999999996,0.0,-0.0027586206896552667,0.40000000000000013,1.0,0.4616833389509142,0.42857563553030703,0.3240288432839324,2.0,1.768232425542579,2,25,10,1589.65,23,80.06,83.51,76.56,79.68,1.048067269076305,3.481039116892159,210,5.351858133476067,0.04,2.3978952727983707,13,6,1693.09,12,79.68,82.37,79.35,78.43,1.0502358791278847,2.0611647192788847,380,5.942799375126701,0.07692307692307693,1.9459101490553132,0.37999999999999545,1.1400000000000006,-2.789999999999992,1.25,-170,-0.036923076923076927,0.45198512374305744,1.2,0.6,0.7,0.4827586206896553,0.7,0.5,0.55,0.430379746835443,1.6,1.6,0.5,0.48000000000000004,1.7,1.6,0.55,0.6054421768707483,D,2,2,0,4
2023-03-24,France,Netherlands,False,UEFA Euro qualification,0.85,2049.5,2022.5,27.0,0.6750402010402987,0.3249597989597013,-0.09999999999999998,-0.15000000000000002,-0.10638297872340419,0.19999999999999996,0.19999999999999996,0.5298004015637491,0.3488305557574917,0.28446129219449473,1.6519738711130678,0.4757494343157121,5,1,16,1877.32,1,84.99,86.44,82.82,84.39,1.024291977722479,1.815296119094625,1280,7.155396301896734,1.0,2.833213344056216,7,10,1757.87,7,83.2,80.93,83.63,84.01,0.963337697893108,1.6793252613276926,720,6.580639137284949,0.14285714285714285,2.3978952727983707,1.789999999999992,5.509999999999991,-0.8100000000000023,0.37999999999999545,560,0.8571428571428572,0.4353180712578455,1.8,0.4,0.9,0.8936170212765957,2.3,0.6,0.85,0.8678160919540231,2.0,0.6,0.8,0.7872340425531915,1.9,0.7,0.7,0.6756756756756757,H,4,0,4,4
2023-03-24,Sweden,Belgium,False,UEFA Euro qualification,0.85,1779.6,1860.0,-80.40000000000009,0.5281767831930428,0.47182321680695716,0.2,0.10000000000000003,0.08108108108108114,0.6,-0.40000000000000013,0.3907278808904005,0.49077761492307537,0.31385844463172446,0.5421991682419678,1.9156016635160644,2,38,12,1514.77,31,79.87,84.25,74.43,75.32,1.1185608072225173,5.430920732251576,140,4.948759890378168,0.02631578947368421,2.5649493574615367,9,13,1734.71,9,82.71,82.46,84.06,79.53,1.0368414434804476,2.2973100211624318,600,6.398594934535208,0.1111111111111111,2.6390573296152584,-2.839999999999989,1.7900000000000063,-9.629999999999995,-4.210000000000008,-460,-0.0847953216374269,-0.07410797215372167,0.6,1.8,0.2,0.27027027027027023,1.1,1.3,0.45,0.48344370860927155,1.2,1.4,0.4,0.35135135135135137,1.4,1.4,0.55,0.5137931034482758,A,0,3,-3,3
2023-03-25,Morocco,Brazil,False,Friendly,0.3,1839.4,2083.7,-244.29999999999973,0.30350604792688335,0.6964939520731166,-0.30000000000000004,-0.25,-0.30000000000000004,-1.7999999999999998,0.19999999999999996,0.5567906876920748,0.4432093123079251,0.22160465615396255,2.0,1.0,1,8,6,1756.21,8,80.56,78.97,78.23,82.18,0.9609394013141883,2.0997698286558326,310,5.739792912179234,0.125,1.9459101490553132,6,22,1761.16,6,85.24,85.72,84.39,84.78,1.0110875206416607,0.6836909633257792,1000,6.90875477931522,0.16666666666666666,3.1354942159291497,-4.679999999999993,-6.75,-6.159999999999997,-2.5999999999999943,-690,-0.04166666666666666,-1.1895840668738364,2.8,0.4,1.0,1.0,2.5,0.4,0.9,0.8611111111111112,1.0,0.6,0.7,0.7,1.1,0.8,0.65,0.7100591715976332,H,2,1,1,3
2023-03-25,Spain,Norway,False,UEFA Euro qualification,0.85,1938.2,1784.7,153.5,0.8114199729921958,0.18858002700780419,0.09999999999999998,0.25,0.04370327774583094,0.5999999999999999,-0.40000000000000013,0.5999683537977304,0.36665087870788216,0.21670620684832853,1.8105704846081703,0.23110404694842857,4,2,16,1876.4,2,84.31,84.06,85.96,81.55,1.030778663396689,2.2120201927951126,920,6.825460036255307,0.5,2.833213344056216,31,3,1550.94,28,82.05,84.71,81.34,77.67,1.0906398867001414,3.521065179743194,320,5.771441123130016,0.03225806451612903,1.3862943611198906,2.260000000000005,-0.6499999999999915,4.61999999999999,3.8799999999999955,600,0.467741935483871,1.4469189829363256,0.8,1.6,0.4,0.36170212765957444,1.1,1.6,0.4,0.38439306358381503,1.4,1.2,0.5,0.4054054054054054,1.4,0.9,0.65,0.6133333333333333,H,3,0,3,3
2023-03-25,Curaçao,Canada,False,CONCACAF Nations League,0.55,1472.2,1666.6,-194.39999999999986,0.36739466746852073,0.6326053325314793,0.0,-0.26666666666666666,0.1828093306288033,-0.19999999999999996,-0.6000000000000001,0.3377748376305449,0.49260750189941815,0.33850507928530954,0.5227846839312944,1.8980563892409938,3,82,0,1294.0,46,,,,,,,12,2.5649493574615367,0.012195121951219513,0.0,30,2,1556.48,27,78.82,80.96,76.66,78.52,1.031074885379521,2.1565095254446076,200,5.303304908059076,0.03333333333333333,1.0986122886681098,,,,,-188,-0.02113821138211382,-1.0986122886681098,1.0,1.6,0.4,0.20689655172413793,1.7,1.1,0.6,0.5570469798657719,0.8,1.0,0.4,0.38970588235294124,0.6666666666666666,1.0,0.3333333333333333,0.33544303797468356,A,0,2,-2,2
2023-03-28,Turkey,Croatia,False,UEFA Euro qualification,0.85,1829.1,1886.0,-56.90000000000009,0.5617096634639781,0.4382903365360219,-0.2,-0.15000000000000002,-0.30722891566265065,0.0,1.5999999999999999,0.48497902815812105,0.4680832244383714,0.23314280876451204,0.9929555269285556,1.3016684894192005,3,22,2,1599.04,20,80.6,73.08,82.57,79.88,0.9148723084626941,4.891083724492965,460,6.133398042996649,0.045454545454545456,1.0986122886681098,11,6,1717.07,11,80.81,78.83,81.31,81.29,0.9697379751506949,1.4260902262246042,340,5.831882477283517,0.09090909090909091,1.9459101490553132,-0.21000000000000796,-5.75,1.259999999999991,-1.4100000000000108,120,-0.045454545454545456,-0.8472978603872034,1.2,1.2,0.5,0.5,1.2,0.8,0.65,0.6011904761904762,1.2,2.8,0.3,0.19277108433734938,2.0,2.3,0.5,0.4638157894736841,A,0,2,-2,2
2023-03-28,South Korea,Uruguay,False,Friendly,0.3,1762.7,1852.6,-89.89999999999986,0.5145309753858346,0.4854690246141654,-0.2,-0.09999999999999998,-0.16292134831460675,0.19999999999999996,1.6,0.41756559580825126,0.4916712560946174,0.2863516067956639,0.7042241951515468,1.0447110593068167,3,25,10,1589.65,23,80.06,83.51,76.56,79.68,1.048067269076305,3.481039116892159,210,5.351858133476067,0.04,2.3978952727983707,17,14,1673.07,16,82.26,82.38,83.75,80.54,1.0228457909113482,1.6107244746800498,270,5.602118820879701,0.058823529411764705,2.70805020110221,-2.200000000000003,1.1300000000000097,-7.189999999999998,-0.8599999999999994,-60,-0.018823529411764704,-0.3101549283038394,0.8,0.6,0.5,0.5,1.3,0.4,0.6,0.5461538461538461,1.0,2.2,0.3,0.33707865168539325,1.7,1.9,0.5,0.5374149659863946,A,1,2,-1,3
2023-03-28,Japan,Colombia,False,Friendly,0.3,1883.8,1849.0,34.799999999999955,0.6848111613340985,0.3151888386659015,-0.09999999999999998,0.04999999999999993,0.24939393939393956,0.0,0.4,0.4431130439531274,0.5568869560468727,0.20874394042899158,0.9604893168700659,1.6499269005656305,3,18,7,1661.58,17,76.86,73.58,78.41,76.46,0.9623332461417735,2.4298765400735887,290,5.673323267171493,0.05555555555555555,2.0794415416798357,13,6,1693.09,12,79.68,82.37,79.35,78.43,1.0502358791278847,2.0611647192788847,380,5.942799375126701,0.07692307692307693,1.9459101490553132,-2.8200000000000074,-8.790000000000006,-0.9399999999999977,-1.970000000000013,-90,-0.021367521367521375,0.13353139262452252,1.2,0.6,0.7,0.4772727272727271,0.6,0.4,0.55,0.4236111111111111,1.2,1.0,0.6,0.7266666666666667,1.5,1.0,0.6,0.6965811965811967,A,1,2,-1,3
2023-03-28,Scotland,Spain,False,UEFA Euro qualification,0.85,1631.4,1954.7,-323.29999999999995,0.21662934980492074,0.7833706501950792,-0.19999999999999996,-0.09999999999999998,-0.09090909090909088,-0.3999999999999999,0.5999999999999999,0.4911360440130121,0.5088639559869877,0.19537554955483064,0.9188645751604837,1.0811354248395162,2,43,7,1499.92,34,77.5,73.76,79.29,77.16,0.9559357179885952,2.7891994072373767,135,4.912654885736052,0.023255813953488372,2.0794415416798357,2,16,1876.4,2,84.31,84.06,85.96,81.55,1.030778663396689,2.2120201927951126,920,6.825460036255307,0.5,2.833213344056216,-6.810000000000002,-10.299999999999997,-6.6699999999999875,-4.390000000000001,-785,-0.47674418604651164,-0.7537718023763804,1.2,0.8,0.6,0.5,1.3,0.9,0.6,0.5466666666666666,0.8,1.4,0.4,0.4090909090909091,1.1,1.6,0.5,0.48986486486486486,H,2,0,2,2
2023-03-28,Australia,Ecuador,False,Friendly,0.3,1691.0,1758.6,-67.59999999999991,0.5464926527086961,0.45350734729130393,0.09999999999999998,-0.04999999999999999,-0.055555555555555525,0.3999999999999999,0.6,0.4998323397204301,0.5001676602795698,0.19896835650304218,1.9983572910053358,1.500821354497332,2,27,6,1578.66,24,73.3,73.31,72.57,72.76,1.0075590984057174,0.3843175770115159,120,4.795790545596741,0.037037037037037035,1.9459101490553132,23,4,1596.48,21,79.42,73.4,81.21,78.83,0.9311175948243056,4.003028020553102,220,5.3981627015177525,0.043478260869565216,1.6094379124341003,-6.1200000000000045,-0.09000000000000341,-8.64,-6.069999999999993,-100,-0.006441223832528181,0.33647223662121295,0.8,0.6,0.5,0.5,0.7,0.7,0.5,0.4473684210526315,1.2,1.2,0.6,0.4444444444444445,0.9,1.2,0.45,0.30379746835443033,A,1,2,-1,3
2023-03-28,Argentina,Curaçao,False,Friendly,0.3,2028.9,1444.6,584.3000000000002,0.980906842113271,0.01909315788672905,0.6000000000000001,0.41428571428571426,0.5720588235294117,1.7999999999999998,-0.6000000000000001,0.5569148477139024,0.44308515228609757,0.22154257614304879,7.0,0.0,1,3,18,1874.81,3,84.24,84.97,83.57,83.76,1.0144460362941738,0.7594076639065482,570,6.3473892096560105,0.3333333333333333,2.9444389791664403,82,0,1294.0,46,,,,,,,12,2.5649493574615367,0.012195121951219513,0.0,,,,,558,0.3211382113821138,2.9444389791664403,0.6,1.8,0.2,0.22794117647058829,0.5714285714285714,1.4285714285714286,0.2857142857142857,0.2944444444444445,2.4,1.2,0.8,0.8,1.6,0.9,0.7,0.7,H,7,0,7,7
2023-03-28,Germany,Belgium,False,Friendly,0.3,1838.4,1906.2,-67.79999999999995,0.5462073029254687,0.4537926970745313,0.0,-0.04999999999999999,-0.13556338028169013,0.7999999999999999,0.8,0.44308515228609757,0.5569148477139024,0.22154257614304879,2.0,3.0000000000000004,1,10,20,1731.3,10,83.78,84.42,84.51,82.18,1.0272572402044293,1.3200126262022376,850,6.7464121285733745,0.1,3.044522437723423,9,13,1734.71,9,82.71,82.46,84.06,79.53,1.0368414434804476,2.2973100211624318,600,6.398594934535208,0.1111111111111111,2.6390573296152584,1.0700000000000074,1.960000000000008,0.45000000000000284,2.6500000000000057,250,-0.0111111111111111,0.4054651081081646,0.4,1.0,0.3,0.375,1.0,1.2,0.45,0.48344370860927155,1.2,1.8,0.3,0.23943661971830987,1.4,2.1,0.4,0.3381294964028777,A,2,3,-1,5
2023-04-19,United States,Mexico,False,Friendly,0.3,1771.9,1742.0,29.90000000000009,0.6786914018818045,0.32130859811819545,0.2,0.2,0.30363636363636365,-0.9999999999999999,-0.6000000000000001,0.46032287936138394,0.4405605693471523,0.2089240279939869,1.2646380603690555,1.0420859802399014,10,16,11,1675.7,15,,,,,,,250,5.5254529391317835,0.0625,2.4849066497880004,15,17,1684.13,14,77.71,79.23,77.3,75.4,1.0507957559681698,1.9150195821453098,230,5.442417710521793,0.06666666666666667,2.8903717578961645,,,,,20,-0.004166666666666666,-0.40546510810816416,1.4,1.6,0.2,0.13636363636363635,0.9,1.3,0.3,0.33620689655172414,0.4,1.0,0.4,0.44,1.0,0.8,0.5,0.489795918367347,D,1,1,0,2
2023-06-12,Morocco,Cape Verde,False,Friendly,0.3,1853.3,1530.5,322.79999999999995,0.9193710807266976,0.0806289192733024,0.16666666666666669,0.21666666666666673,0.2931034482758621,-0.19999999999999996,-1.0,0.43986007422633827,0.43986007422633827,0.3402098886604926,0.0,0.0,1,8,6,1756.21,8,80.56,78.97,78.23,82.18,0.9609394013141883,2.0997698286558326,310,5.739792912179234,0.125,1.9459101490553132,69,0,1366.0,44,71.83,71.91,72.04,71.65,1.0036287508722959,0.19857828011475231,30,3.4339872044851463,0.014492753623188406,0.0,8.730000000000004,7.060000000000002,6.189999999999998,10.530000000000001,280,0.1105072463768116,1.9459101490553132,1.0,2.0,0.3333333333333333,0.20689655172413793,1.0,2.0,0.3333333333333333,0.20689655172413793,0.8,1.0,0.5,0.5,0.8,0.9,0.55,0.591715976331361,D,0,0,0,0
2023-06-14,Netherlands,Croatia,False,UEFA Nations League,0.7,1992.0,1928.1,63.90000000000009,0.7198029204550127,0.2801970795449873,0.30000000000000004,0.15000000000000002,0.30000000000000004,1.2,-0.3999999999999999,0.43977311026002197,0.5602268897399779,0.21988655513001099,2.0,4.0,1,7,10,1757.87,7,83.2,80.93,83.63,84.01,0.963337697893108,1.6793252613276926,720,6.580639137284949,0.14285714285714285,2.3978952727983707,11,6,1717.07,11,80.81,78.83,81.31,81.29,0.9697379751506949,1.4260902262246042,340,5.831882477283517,0.09090909090909091,1.9459101490553132,2.3900000000000006,2.1000000000000085,2.319999999999993,2.719999999999999,380,0.05194805194805194,0.45198512374305744,0.8,1.2,0.5,0.5,1.3,0.8,0.7,0.6551724137931035,2.0,0.8,0.8,0.8,2.4,0.7,0.85,0.8678160919540231,A,2,4,-2,6
2023-06-15,Panama,Canada,True,CONCACAF Nations League,0.55,1546.1,1694.1,-148.0,0.29902260138989206,0.700977398610108,0.09999999999999998,-0.15000000000000002,0.31321839080459773,0.0,0.6000000000000001,0.39164566167962817,0.6083543383203719,0.16446438714260528,0.7364619219746671,1.9527470753466205,4,33,1,1540.64,29,71.68,71.04,71.68,72.16,0.984478935698448,0.5619015334854749,55,4.02535169073515,0.030303030303030304,0.6931471805599453,30,2,1556.48,27,78.82,80.96,76.66,78.52,1.031074885379521,2.1565095254446076,200,5.303304908059076,0.03333333333333333,1.0986122886681098,-7.139999999999986,-9.919999999999987,-4.97999999999999,-6.359999999999999,-145,-0.003030303030303029,-0.4054651081081645,0.8,2.0,0.2,0.08333333333333333,1.4,1.2,0.5,0.4228187919463088,0.8,2.6,0.3,0.39655172413793105,1.0,2.2,0.35,0.3926174496644295,A,0,2,-2,2
2023-06-15,United States,Mexico,False,CONCACAF Nations League,0.55,1768.3,1745.5,22.799999999999955,0.6697144011978527,0.33028559880214725,0.09999999999999998,0.15000000000000002,0.051724137931034475,-1.4,-1.0,0.46032287936138394,0.4405605693471523,0.2089240279939869,1.2646380603690555,1.0420859802399014,10,16,11,1675.7,15,,,,,,,250,5.5254529391317835,0.0625,2.4849066497880004,15,17,1684.13,14,77.71,79.23,77.3,75.4,1.0507957559681698,1.9150195821453098,230,5.442417710521793,0.06666666666666667,2.8903717578961645,,,,,20,-0.004166666666666666,-0.40546510810816416,1.8,1.6,0.4,0.4482758620689655,1.0,1.2,0.4,0.5086206896551725,0.4,0.6,0.5,0.5,1.0,0.6,0.55,0.5639097744360902,H,3,0,3,3
2023-06-15,Argentina,Australia,True,Friendly,0.3,2029.7,1680.1,349.60000000000014,0.8820990380581543,0.11790096194184574,0.20000000000000007,0.1499999999999999,0.3229974160206718,0.7999999999999998,-0.19999999999999996,0.6012556067963855,0.39874439320361454,0.19937219660180727,2.0,0.46024834390163216,2,3,18,1874.81,3,84.24,84.97,83.57,83.76,1.0144460362941738,0.7594076639065482,570,6.3473892096560105,0.3333333333333333,2.9444389791664403,27,6,1578.66,24,73.3,73.31,72.57,72.76,1.0075590984057174,0.3843175770115159,120,4.795790545596741,0.037037037037037035,1.9459101490553132,10.939999999999998,11.659999999999997,11.0,11.0,450,0.2962962962962963,0.998528830111127,1.6,1.4,0.6,0.44444444444444453,1.1,1.1,0.55,0.375,2.4,1.2,0.8,0.7674418604651163,1.7,0.9,0.7,0.6774193548387096,H,2,0,2,2
2023-06-16,Colombia,Iraq,True,Friendly,0.3,1862.7,1605.7,257.0,0.8144835875047122,0.18551641249528783,0.5,0.25000000000000006,0.5599999999999998,1.2000000000000002,-0.8,0.5603139622153026,0.43968603778469745,0.21984301889234872,1.0,0.0,1,13,6,1693.09,12,79.68,82.37,79.35,78.43,1.0502358791278847,2.0611647192788847,380,5.942799375126701,0.07692307692307693,1.9459101490553132,57,1,1447.0,39,70.2,71.16,69.09,70.18,1.013964092333998,1.0354870029765348,15,2.772588722239781,0.017543859649122806,0.6931471805599453,9.480000000000004,11.210000000000008,10.259999999999991,8.25,365,0.05937921727395412,1.252762968495368,0.4,1.6,0.3,0.24,0.3,1.5,0.3,0.2058823529411765,1.6,0.8,0.8,0.7999999999999998,0.8,0.6,0.55,0.41538461538461535,H,1,0,1,1
2023-06-16,Sweden,New Zealand,False,Friendly,0.3,1733.4,1421.5,311.9000000000001,0.9145958047164362,0.0854041952835638,0.35,0.30000000000000004,0.28333333333333344,0.8500000000000001,-0.30000000000000004,0.5603139622153026,0.43968603778469745,0.21984301889234872,4.0,1.0,1,38,12,1514.77,31,79.87,84.25,74.43,75.32,1.1185608072225173,5.430920732251576,140,4.948759890378168,0.02631578947368421,2.5649493574615367,85,2,1281.0,48,71.79,75.19,70.01,71.34,1.0539669189795347,2.690223039080585,9,2.302585092994046,0.011764705882352941,1.0986122886681098,8.079999999999998,9.060000000000002,4.420000000000002,3.9799999999999898,131,0.014551083591331268,1.466337068793427,0.75,1.5,0.25,0.25,0.75,1.5,0.25,0.25,1.6,1.2,0.6,0.5333333333333334,1.4,1.3,0.55,0.48540145985401456,H,4,1,3,5
2023-06-17,South Africa,Morocco,False,African Cup of Nations qualification,0.85,1583.0,1844.9,-261.9000000000001,0.2825249483479472,0.7174750516520527,-0.09999999999999998,-0.30000000000000004,0.03972868217054265,-0.4,0.3999999999999999,0.555279994487279,0.444720005512721,0.17293824438798147,1.5854671482902443,0.8555517071575824,4,60,3,1429.0,40,71.74,72.79,72.69,69.92,1.0410469107551488,1.6288953311984171,35,3.58351893845611,0.016666666666666666,1.3862943611198906,8,6,1756.21,8,80.56,78.97,78.23,82.18,0.9609394013141883,2.0997698286558326,310,5.739792912179234,0.125,1.9459101490553132,-8.820000000000007,-6.179999999999993,-5.540000000000006,-12.260000000000005,-275,-0.10833333333333334,-0.5596157879354227,0.8,1.0,0.5,0.4186046511627907,1.0,0.7,0.65,0.6272189349112425,0.4,1.4,0.4,0.45833333333333337,0.3,1.1,0.35,0.36301369863013705,H,2,1,1,3
2023-06-17,Norway,Scotland,False,UEFA Euro qualification,0.85,1768.2,1690.2,78.0,0.7358774441014764,0.2641225558985236,0.19999999999999996,-0.04999999999999999,0.06818181818181812,0.3999999999999999,0.0,0.38663331020038966,0.4927933709053559,0.3138899739944492,2.0635691939791365,2.531784596989568,2,31,3,1550.94,28,82.05,84.71,81.34,77.67,1.0906398867001414,3.521065179743194,320,5.771441123130016,0.03225806451612903,1.3862943611198906,43,7,1499.92,34,77.5,73.76,79.29,77.16,0.9559357179885952,2.7891994072373767,135,4.912654885736052,0.023255813953488372,2.0794415416798357,4.549999999999997,10.949999999999989,2.049999999999997,0.5100000000000051,185,0.00900225056264066,-0.6931471805599452,1.0,1.4,0.4,0.4772727272727273,1.2,1.4,0.5,0.5291970802919708,1.4,1.4,0.6,0.5454545454545454,1.1,1.5,0.45,0.42352941176470593,A,1,2,-1,3
2023-06-17,Belgium,Austria,False,UEFA Euro qualification,0.85,1917.1,1721.0,196.0999999999999,0.8461200650293701,0.1538799349706299,0.09999999999999998,0.04999999999999999,0.2133238837703757,-0.19999999999999996,-0.3999999999999999,0.5054216355078756,0.3880337713670463,0.3005614788086013,2.0484220605987247,1.5242110302993623,2,9,13,1734.71,9,82.71,82.46,84.06,79.53,1.0368414434804476,2.2973100211624318,600,6.398594934535208,0.1111111111111111,2.6390573296152584,24,7,1593.45,22,78.91,78.39,79.48,78.32,1.0008937691521962,0.6504613747179809,195,5.278114659230517,0.041666666666666664,2.0794415416798357,3.799999999999997,4.069999999999993,4.579999999999998,1.210000000000008,405,0.06944444444444445,0.5596157879354227,1.2,1.2,0.4,0.3529411764705882,1.1,1.3,0.4,0.39568345323741,1.0,0.8,0.5,0.5662650602409639,1.2,1.2,0.45,0.5185185185185186,D,1,1,0,2
2023-06-17,Portugal,Bosnia and Herzegovina,False,UEFA Euro qualification,0.85,1969.7,1718.0,251.70000000000005,0.8833504578619463,0.11664954213805367,0.39999999999999997,0.25,0.40856814261069574,2.0,-0.19999999999999996,0.6120785738087915,0.38792142619120856,0.19396071309560428,4.0496511307652785,0.0,2,5,8,1763.83,5,83.74,82.45,86.12,82.24,1.0025535019455254,2.182025053323941,850,6.7464121285733745,0.2,2.1972245773362196,65,1,1385.0,43,,,,,,,70,4.2626798770413155,0.015384615384615385,0.6931471805599453,,,,,780,0.18461538461538463,1.5040773967762742,0.4,1.4,0.2,0.22972972972972971,0.6,0.9,0.4,0.39166666666666666,2.4,1.2,0.6,0.6382978723404255,2.3,0.8,0.65,0.6646341463414634,H,3,0,3,3
2023-06-18,United States,Canada,False,CONCACAF Nations League,0.55,1797.2,1716.6,80.60000000000014,0.7387761319243922,0.2612238680756078,0.09999999999999998,0.050000000000000044,0.27922077922077915,-0.6,-0.8,0.3715113439277806,0.5210223834983208,0.2294282819824697,1.2678214187781534,1.469673454936615,9,16,11,1675.7,15,,,,,,,250,5.5254529391317835,0.0625,2.4849066497880004,30,2,1556.48,27,78.82,80.96,76.66,78.52,1.031074885379521,2.1565095254446076,200,5.303304908059076,0.03333333333333333,1.0986122886681098,,,,,50,0.029166666666666667,1.3862943611198906,1.2,1.6,0.4,0.22077922077922082,1.4,1.1,0.5,0.38571428571428573,0.6,0.8,0.5,0.5,1.1,0.7,0.55,0.5714285714285714,H,2,0,2,2
2023-06-18,Croatia,Spain,True,UEFA Nations League,0.7,1982.1,1896.0,86.09999999999991,0.6214321558073754,0.37856784419262457,0.0,0.04999999999999993,0.06955657682275496,-0.40000000000000013,0.3999999999999999,0.36468481324691954,0.5416003773846314,0.2642286474142548,0.7127126674408887,2.579281162614069,5,11,6,1717.07,11,80.81,78.83,81.31,81.29,0.9697379751506949,1.4260902262246042,340,5.831882477283517,0.09090909090909091,1.9459101490553132,2,16,1876.4,2,84.31,84.06,85.96,81.55,1.030778663396689,2.2120201927951126,920,6.825460036255307,0.5,2.833213344056216,-3.5,-5.230000000000004,-4.6499999999999915,-0.2599999999999909,-580,-0.40909090909090906,-0.8873031950009029,1.6,0.8,0.6,0.5180722891566265,1.5,0.8,0.65,0.6013071895424836,1.2,1.2,0.6,0.5876288659793815,1.4,0.8,0.7,0.6610169491525424,D,0,0,0,0
2023-06-18,Panama,Mexico,True,CONCACAF Nations League,0.55,1523.7,1716.6,-192.89999999999986,0.2477922862556438,0.7522077137443561,-0.2,-0.04999999999999999,0.022727272727272596,-1.0,0.8,0.21517973992031494,0.7500928921379321,0.1423172379019105,0.2716128599086043,1.691619627055401,10,33,1,1540.64,29,71.68,71.04,71.68,72.16,0.984478935698448,0.5619015334854749,55,4.02535169073515,0.030303030303030304,0.6931471805599453,15,17,1684.13,14,77.71,79.23,77.3,75.4,1.0507957559681698,1.9150195821453098,230,5.442417710521793,0.06666666666666667,2.8903717578961645,-6.029999999999987,-8.189999999999998,-5.61999999999999,-3.240000000000009,-175,-0.03636363636363636,-2.197224577336219,1.6,1.2,0.5,0.5,1.0,1.3,0.35,0.411764705882353,0.6,2.0,0.3,0.5227272727272726,0.7,2.1,0.3,0.3680555555555556,A,0,1,-1,1
2023-06-20,Algeria,Tunisia,False,Friendly,0.3,1769.6,1733.8,35.799999999999955,0.6860523402145637,0.31394765978543626,0.4,0.35,0.3382978723404257,0.8,-0.6000000000000001,0.5237793449614982,0.37343230293576374,0.28950450357061985,1.4799770959612246,0.40606076624184106,4,28,4,1564.26,26,77.52,79.27,75.35,77.16,1.02734577501296,1.9619123323940861,160,5.081404364984463,0.03571428571428571,1.6094379124341003,44,6,1483.05,35,72.99,70.78,75.39,71.78,0.9860685427695737,2.42501546386822,80,4.394449154672439,0.022727272727272728,1.9459101490553132,4.530000000000001,8.489999999999995,-0.04000000000000625,5.3799999999999955,80,0.012987012987012984,-0.33647223662121295,1.2,1.6,0.4,0.3,0.9,1.3,0.4,0.31914893617021284,2.0,1.0,0.8,0.6382978723404257,2.0,1.0,0.75,0.6506024096385541,D,1,1,0,2
2023-06-20,Brazil,Senegal,True,Friendly,0.3,2069.7,1748.1,321.5999999999999,0.8642771336655587,0.1357228663344413,0.20000000000000007,0.19999999999999996,0.12855297157622747,1.4,-0.4,0.5341758954031585,0.4348317168651571,0.2014808028187405,1.9025538612844355,1.2778387418035964,3,6,22,1761.16,6,85.24,85.72,84.39,84.78,1.0110875206416607,0.6836909633257792,1000,6.90875477931522,0.16666666666666666,3.1354942159291497,14,3,1686.41,13,79.32,80.15,76.69,79.3,1.0107187894073142,1.8030622100563654,260,5.564520407322694,0.07142857142857142,1.3862943611198906,5.920000000000002,5.569999999999993,7.700000000000003,5.480000000000004,740,0.09523809523809523,1.749199854809259,1.4,1.0,0.7,0.7325581395348837,1.1,0.6,0.65,0.6387096774193547,2.8,0.6,0.9,0.8611111111111112,2.5,0.5,0.85,0.7916666666666666,A,2,4,-2,6
2023-06-20,Germany,Colombia,False,Friendly,0.3,1827.4,1866.4,-39.0,0.5868950233791,0.41310497662089996,-0.4,-0.19999999999999996,-0.4351351351351351,-0.40000000000000013,0.6000000000000001,0.43951156696505533,0.5604884330349447,0.21975578348252767,0.0,2.0,1,10,20,1731.3,10,83.78,84.42,84.51,82.18,1.0272572402044293,1.3200126262022376,850,6.7464121285733745,0.1,3.044522437723423,13,6,1693.09,12,79.68,82.37,79.35,78.43,1.0502358791278847,2.0611647192788847,380,5.942799375126701,0.07692307692307693,1.9459101490553132,4.099999999999994,2.049999999999997,5.160000000000011,3.75,470,0.023076923076923078,1.0986122886681098,1.8,1.0,0.8,0.7999999999999999,1.0,0.7,0.6,0.4310344827586206,1.4,1.6,0.4,0.36486486486486486,1.2,1.9,0.4,0.3448275862068966,A,0,2,-2,2
2023-06-20,Austria,Sweden,False,UEFA Euro qualification,0.85,1738.3,1736.4,1.8999999999998636,0.6425808706067466,0.3574191293932534,0.0,-0.25000000000000006,0.17657045840407476,0.0,-0.19999999999999996,0.6205885878204337,0.3794114121795663,0.18970570608978315,2.463948579462111,0.4639485794621107,3,24,7,1593.45,22,78.91,78.39,79.48,78.32,1.0008937691521962,0.6504613747179809,195,5.278114659230517,0.041666666666666664,2.0794415416798357,38,12,1514.77,31,79.87,84.25,74.43,75.32,1.1185608072225173,5.430920732251576,140,4.948759890378168,0.02631578947368421,2.5649493574615367,-0.960000000000008,-5.859999999999999,5.049999999999997,3.0,55,0.015350877192982455,-0.485507815781701,1.4,1.8,0.4,0.21052631578947367,1.2,1.2,0.55,0.47500000000000003,1.4,1.6,0.4,0.38709677419354843,1.0,1.5,0.3,0.29496402877697836,H,2,0,2,2
2023-06-20,Uzbekistan,Iran,False,CAFA Nations Cup,0.45,1448.2,1686.3,-238.0999999999999,0.3111030465940824,0.6888969534059176,-0.09999999999999998,-0.3,-0.06818181818181812,-0.19999999999999996,-0.6000000000000001,0.2151655324313998,0.32778741952653156,0.5646298142577685,0.6351428812412022,0.8328399648429395,9,50,0,1465.34,37,72.62,72.67,74.08,70.68,1.02815506508206,1.7082251998297293,40,3.713572066704308,0.02,0.0,21,6,1616.04,19,75.74,78.83,74.88,72.88,1.0816410537870473,3.0277879714405382,75,4.330733340286331,0.047619047619047616,1.9459101490553132,-3.1199999999999903,-6.159999999999997,-0.7999999999999972,-2.1999999999999886,-35,-0.027619047619047616,-1.9459101490553132,1.0,2.2,0.3,0.2045454545454545,1.1,1.4,0.5,0.5486111111111112,0.8,1.6,0.2,0.13636363636363638,0.7,1.5,0.2,0.17676767676767677,A,0,1,-1,1
2023-06-25,Haiti,Qatar,True,Gold Cup,0.55,1469.7,1511.7,-42.0,0.4398498547680971,0.5601501452319029,-0.1,-0.08333333333333334,-0.007990867579908648,-0.19999999999999996,0.0,0.5607071334441491,0.439292866555851,0.2196464332779255,2.0,1.0,1,83,1,1291.0,47,69.56,70.06,68.5,69.54,1.0074777106701178,0.7943131204590139,10,2.3978952727983707,0.012048192771084338,0.6931471805599453,55,1,1454.0,38,72.65,75.52,71.59,70.64,1.0690826727066818,2.587205699849418,18,2.9444389791664403,0.01818181818181818,0.6931471805599453,-3.0900000000000034,-5.459999999999994,-3.0900000000000034,-1.0999999999999943,-8,-0.006133625410733843,0.0,0.6,2.0,0.2,0.08333333333333333,0.8,1.8,0.25,0.17567567567567569,0.4,2.0,0.1,0.07534246575342468,0.5555555555555556,2.0,0.16666666666666666,0.1473214285714286,H,2,1,1,3
2023-06-29,Haiti,Mexico,True,Gold Cup,0.55,1489.3,1729.0,-239.70000000000005,0.2010372488202266,0.7989627511797734,-0.09999999999999998,-0.04999999999999999,-0.27684407096171804,-0.20000000000000007,0.0,0.42354557443951873,0.5764544255604813,0.21177278721975937,0.7680861499025415,2.536172299805083,2,83,1,1291.0,47,69.56,70.06,68.5,69.54,1.0074777106701178,0.7943131204590139,10,2.3978952727983707,0.012048192771084338,0.6931471805599453,15,17,1684.13,14,77.71,79.23,77.3,75.4,1.0507957559681698,1.9150195821453098,230,5.442417710521793,0.06666666666666667,2.8903717578961645,-8.149999999999991,-9.170000000000002,-8.799999999999997,-5.859999999999999,-220,-0.05461847389558233,-2.197224577336219,0.8,1.8,0.3,0.3650793650793651,1.0,1.6,0.3,0.34408602150537637,0.6,1.8,0.2,0.08823529411764706,0.7,1.8,0.25,0.1906779661016949,A,1,3,-2,4
2023-07-02,Mexico,Qatar,True,Gold Cup,0.55,1739.6,1492.1,247.5,0.8060780047881746,0.1939219952118254,0.3,0.15000000000000002,0.4200000000000001,0.0,-0.6000000000000001,0.4389855414132895,0.5610144585867105,0.21949277070664475,0.0,1.0,1,15,17,1684.13,14,77.71,79.23,77.3,75.4,1.0507957559681698,1.9150195821453098,230,5.442417710521793,0.06666666666666667,2.8903717578961645,55,1,1454.0,38,72.65,75.52,71.59,70.64,1.0690826727066818,2.587205699849418,18,2.9444389791664403,0.01818181818181818,0.6931471805599453,5.059999999999988,3.710000000000008,5.709999999999994,4.760000000000005,212,0.048484848484848485,2.197224577336219,0.8,2.0,0.2,0.08,0.8,1.7,0.25,0.17105263157894737,0.8,1.4,0.5,0.5000000000000001,1.1,1.3,0.4,0.4387755102040817,A,0,1,-1,1
2023-07-08,Panama,Qatar,True,Gold Cup,0.55,1511.3,1520.3,-9.0,0.48705085510713625,0.5129491448928638,0.1,0.0,0.08571428571428572,-0.19999999999999996,0.19999999999999973,0.4805680818954086,0.4615820109971207,0.24566680046548586,2.7307863944128234,1.3888264375141166,3,33,1,1540.64,29,71.68,71.04,71.68,72.16,0.984478935698448,0.5619015334854749,55,4.02535169073515,0.030303030303030304,0.6931471805599453,55,1,1454.0,38,72.65,75.52,71.59,70.64,1.0690826727066818,2.587205699849418,18,2.9444389791664403,0.01818181818181818,0.6931471805599453,-0.9699999999999989,-4.47999999999999,0.09000000000000341,1.519999999999996,37,0.012121212121212123,0.0,0.6,2.2,0.0,0.0,0.9,1.6,0.25,0.16386554621848742,0.4,2.4,0.1,0.08571428571428572,0.6,2.2,0.25,0.3185185185185185,H,4,0,4,4
2023-07-09,United States,Canada,False,Gold Cup,0.55,1816.8,1697.0,119.79999999999995,0.7799320620826562,0.2200679379173438,0.19999999999999996,0.050000000000000044,0.319008904374758,0.0,-0.5999999999999999,0.3715113439277806,0.5210223834983208,0.2294282819824697,1.2678214187781534,1.469673454936615,9,16,11,1675.7,15,,,,,,,250,5.5254529391317835,0.0625,2.4849066497880004,30,2,1556.48,27,78.82,80.96,76.66,78.52,1.031074885379521,2.1565095254446076,200,5.303304908059076,0.03333333333333333,1.0986122886681098,,,,,50,0.029166666666666667,1.3862943611198906,1.2,1.4,0.4,0.26829268292682934,1.4,1.1,0.5,0.34351145038167946,1.2,0.8,0.6,0.5873015873015873,0.9,0.6,0.55,0.5363636363636364,D,2,2,0,4
2023-07-12,United States,Panama,False,Gold Cup,0.55,1807.0,1545.0,262.0,0.8893225137109468,0.11067748628905316,0.5,0.4,0.4435185185185185,0.9999999999999999,-0.8,0.4516318132174868,0.48111021112847935,0.18724496445098837,1.6082991481938786,0.9701150733592296,9,16,11,1675.7,15,,,,,,,250,5.5254529391317835,0.0625,2.4849066497880004,33,1,1540.64,29,71.68,71.04,71.68,72.16,0.984478935698448,0.5619015334854749,55,4.02535169073515,0.030303030303030304,0.6931471805599453,,,,,195,0.032196969696969696,1.791759469228055,0.4,1.6,0.1,0.075,0.5,2.3,0.15,0.18253968253968253,1.4,0.8,0.6,0.5185185185185185,0.8,0.6,0.55,0.5565217391304348,D,1,1,0,2
2023-07-16,Mexico,Panama,True,Gold Cup,0.55,1711.4,1558.6,152.80000000000018,0.7067367348116828,0.29326326518831725,0.39999999999999997,0.2,0.4516007532956685,0.3999999999999999,0.0,0.7500928921379321,0.21517973992031494,0.1423172379019105,1.691619627055401,0.2716128599086043,10,15,17,1684.13,14,77.71,79.23,77.3,75.4,1.0507957559681698,1.9150195821453098,230,5.442417710521793,0.06666666666666667,2.8903717578961645,33,1,1540.64,29,71.68,71.04,71.68,72.16,0.984478935698448,0.5619015334854749,55,4.02535169073515,0.030303030303030304,0.6931471805599453,6.029999999999987,8.189999999999998,5.61999999999999,3.240000000000009,175,0.03636363636363636,2.197224577336219,1.0,1.2,0.3,0.3111111111111111,0.8,1.9,0.25,0.2905982905982906,1.4,1.2,0.7,0.7627118644067796,1.4,1.4,0.45,0.49514563106796117,H,1,0,1,1
2023-09-07,Norway,Jordan,False,Friendly,0.3,1731.4,1515.9,215.5,0.8601051995578307,0.1398948004421693,0.09999999999999998,0.050000000000000044,0.06244343891402715,0.0,-0.19999999999999996,0.564024243879115,0.43597575612088507,0.21798787806044254,6.0,0.0,1,31,3,1550.94,28,82.05,84.71,81.34,77.67,1.0906398867001414,3.521065179743194,320,5.771441123130016,0.03225806451612903,1.3862943611198906,63,0,1391.0,42,70.24,72.37,69.09,67.57,1.0710374426520648,2.453188401516149,20,3.044522437723423,0.015873015873015872,0.0,11.810000000000002,12.33999999999999,12.25,10.100000000000009,300,0.01638504864311316,1.3862943611198906,1.2,2.0,0.4,0.3846153846153846,0.9,1.5,0.35,0.28915662650602414,1.2,1.8,0.5,0.44705882352941173,1.0,1.7,0.4,0.3735294117647059,H,6,0,6,6
2023-09-07,Argentina,Ecuador,False,FIFA World Cup qualification,1.0,2033.3,1769.5,263.79999999999995,0.8903382815989932,0.1096617184010068,0.4,0.25,0.26388888888888884,2.4,-0.19999999999999996,0.49100944282620096,0.3718481423672996,0.2581657428123545,1.1054746234136885,0.5601759349441328,8,3,18,1874.81,3,84.24,84.97,83.57,83.76,1.0144460362941738,0.7594076639065482,570,6.3473892096560105,0.3333333333333333,2.9444389791664403,23,4,1596.48,21,79.42,73.4,81.21,78.83,0.9311175948243056,4.003028020553102,220,5.3981627015177525,0.043478260869565216,1.6094379124341003,4.819999999999993,11.569999999999993,2.3599999999999994,4.930000000000007,350,0.28985507246376807,1.33500106673234,1.0,1.2,0.4,0.45833333333333337,0.7,0.7,0.5,0.5,3.4,1.0,0.8,0.7222222222222222,2.4,0.9,0.75,0.7093023255813952,H,1,0,1,1
2023-09-09,Germany,Japan,False,Friendly,0.3,1809.8,1870.1,-60.299999999999955,0.5568855293337255,0.4431144706662745,-0.3,-0.35000000000000003,-0.4117867867867868,0.20000000000000018,0.8,0.3958791006540784,0.6041208993459216,0.1979395503270392,1.0,3.1185365982890914,2,10,20,1731.3,10,83.78,84.42,84.51,82.18,1.0272572402044293,1.3200126262022376,850,6.7464121285733745,0.1,3.044522437723423,18,7,1661.58,17,76.86,73.58,78.41,76.46,0.9623332461417735,2.4298765400735887,290,5.673323267171493,0.05555555555555555,2.0794415416798357,6.920000000000002,10.840000000000003,6.1000000000000085,5.720000000000013,560,0.04444444444444445,0.9650808960435873,1.4,1.2,0.6,0.7361111111111112,1.6,1.0,0.65,0.7222222222222223,1.6,2.0,0.3,0.32432432432432434,1.3,2.2,0.3,0.303448275862069,A,1,4,-3,5
2023-09-09,Mexico,Australia,True,Friendly,0.3,1721.6,1676.5,45.09999999999991,0.5645420091097757,0.4354579908902243,0.09999999999999998,-0.04999999999999999,0.13888888888888884,-0.3999999999999999,-0.6000000000000001,0.5627388587803677,0.3378651388630983,0.2683285717880832,1.306522612285729,0.6130452245714579,2,15,17,1684.13,14,77.71,79.23,77.3,75.4,1.0507957559681698,1.9150195821453098,230,5.442417710521793,0.06666666666666667,2.8903717578961645,27,6,1578.66,24,73.3,73.31,72.57,72.76,1.0075590984057174,0.3843175770115159,120,4.795790545596741,0.037037037037037035,1.9459101490553132,4.409999999999997,5.920000000000002,4.730000000000004,2.6400000000000006,110,0.02962962962962963,0.9444616088408513,1.4,1.8,0.4,0.36111111111111116,1.2,1.3,0.5,0.3384615384615384,1.0,1.2,0.5,0.5,1.4,1.4,0.45,0.47222222222222215,D,2,2,0,4
2023-09-09,United States,Uzbekistan,False,Friendly,0.3,1793.4,1437.3,356.10000000000014,0.9324862202234174,0.06751377977658257,0.49999999999999994,0.4,0.6080808080808082,1.0,-1.2000000000000002,0.5641160059403001,0.43588399405969996,0.21794199702984998,2.9999999999999996,0.0,1,16,11,1675.7,15,,,,,,,250,5.5254529391317835,0.0625,2.4849066497880004,50,0,1465.34,37,72.62,72.67,74.08,70.68,1.02815506508206,1.7082251998297293,40,3.713572066704308,0.02,0.0,,,,,210,0.042499999999999996,2.4849066497880004,0.6,1.8,0.2,0.13636363636363635,0.7,1.8,0.15,0.10227272727272728,1.6,0.6,0.7,0.7444444444444446,1.0,0.8,0.55,0.5541666666666666,H,3,0,3,3
2023-09-12,Ecuador,Uruguay,False,FIFA World Cup qualification,1.0,1765.1,1862.9,-97.80000000000018,0.5031660121885889,0.4968339878114111,-0.09999999999999998,-0.09999999999999998,-0.04166666666666663,0.3999999999999999,0.7999999999999999,0.4616708307609629,0.4050741192667114,0.29604616866930344,1.0099795076250166,0.9642407820992716,5,23,4,1596.48,21,79.42,73.4,81.21,78.83,0.9311175948243056,4.003028020553102,220,5.3981627015177525,0.043478260869565216,1.6094379124341003,17,14,1673.07,16,82.26,82.38,83.75,80.54,1.0228457909113482,1.6107244746800498,270,5.602118820879701,0.058823529411764705,2.70805020110221,-2.8400000000000034,-8.97999999999999,-2.5400000000000063,-1.710000000000008,-50,-0.015345268542199489,-1.0986122886681098,1.0,0.6,0.6,0.5416666666666667,1.4,0.4,0.65,0.6379310344827586,1.4,1.4,0.5,0.5000000000000001,0.8,0.7,0.55,0.5285714285714285,H,2,1,1,3
2023-09-12,Egypt,Tunisia,False,Friendly,0.3,1689.2,1737.5,-48.299999999999955,0.5738579433570538,0.42614205664294624,-0.09999999999999998,0.0,-0.005020491803278793,-0.5999999999999999,0.0,0.42115754735287647,0.5788424526471236,0.19690801354587276,0.9331280827241041,2.222526242930743,3,29,3,1565.56,25,80.93,86.04,70.5,73.27,1.174286884127201,8.288922326414538,115,4.7535901911063645,0.034482758620689655,1.3862943611198906,44,6,1483.05,35,72.99,70.78,75.39,71.78,0.9860685427695737,2.42501546386822,80,4.394449154672439,0.022727272727272728,1.9459101490553132,7.940000000000012,15.260000000000005,-4.890000000000001,1.4899999999999949,35,0.011755485893416927,-0.5596157879354227,1.4,1.2,0.6,0.5737704918032788,1.0,1.2,0.5,0.5154639175257733,0.8,1.2,0.5,0.56875,0.8,0.9,0.5,0.5413533834586467,A,1,3,-2,4
2023-09-12,Germany,France,False,Friendly,0.3,1790.3,2080.0,-289.70000000000005,0.2512416680490549,0.7487583319509451,-0.49999999999999994,-0.35000000000000003,-0.4424242424242424,-0.8000000000000003,1.0000000000000002,0.4795350197742455,0.5013202101367101,0.1653009894903818,0.9490923831918627,1.1079821578361368,6,10,20,1731.3,10,83.78,84.42,84.51,82.18,1.0272572402044293,1.3200126262022376,850,6.7464121285733745,0.1,3.044522437723423,1,16,1877.32,1,84.99,86.44,82.82,84.39,1.024291977722479,1.815296119094625,1280,7.155396301896734,1.0,2.833213344056216,-1.2099999999999937,-2.019999999999996,1.690000000000012,-2.2099999999999937,-430,-0.9,0.21130909366720685,2.2,1.2,0.7,0.7,2.0,0.9,0.65,0.6419753086419754,1.4,2.2,0.2,0.25757575757575757,1.3,1.8,0.3,0.3211678832116789,H,2,1,1,3
2023-09-12,Japan,Turkey,True,Friendly,0.3,1889.6,1787.0,102.59999999999991,0.643505801510797,0.35649419848920305,0.09999999999999998,0.0,0.4305555555555555,0.0,-1.2,0.5642538593349876,0.43574614066501244,0.21787307033250622,4.0,2.0,1,18,7,1661.58,17,76.86,73.58,78.41,76.46,0.9623332461417735,2.4298765400735887,290,5.673323267171493,0.05555555555555555,2.0794415416798357,22,2,1599.04,20,80.6,73.08,82.57,79.88,0.9148723084626941,4.891083724492965,460,6.133398042996649,0.045454545454545456,1.0986122886681098,-3.739999999999995,0.5,-4.159999999999997,-3.4200000000000017,-170,0.010101010101010097,0.980829253011726,1.4,2.4,0.5,0.30555555555555564,2.1,2.3,0.55,0.4822695035460992,1.4,1.2,0.6,0.7361111111111112,1.3,1.1,0.55,0.662280701754386,H,4,2,2,6
2023-09-12,South Korea,Saudi Arabia,True,Friendly,0.3,1752.4,1617.9,134.5,0.6844382915985759,0.31556170840142406,0.0,0.10000000000000003,-0.06455493183640737,0.5999999999999999,1.0,0.47998744923616105,0.37067124152026487,0.33467693000370663,0.8967607091212889,0.47413155455074835,3,25,10,1589.65,23,80.06,83.51,76.56,79.68,1.048067269076305,3.481039116892159,210,5.351858133476067,0.04,2.3978952727983707,61,6,1421.0,41,75.74,75.38,76.06,74.85,1.0070808283233132,0.6065476073648342,55,4.02535169073515,0.01639344262295082,1.9459101490553132,4.320000000000007,8.13000000000001,0.5,4.8300000000000125,155,0.02360655737704918,0.45198512374305744,0.8,1.0,0.4,0.4482758620689655,0.5,0.9,0.35,0.411764705882353,1.4,2.0,0.4,0.38372093023255816,1.6,2.1,0.45,0.4661654135338346,H,1,0,1,1
2023-09-12,Mexico,Uzbekistan,True,Friendly,0.3,1720.3,1434.9,285.39999999999986,0.8379284029124147,0.16207159708758534,0.6,0.4,0.6000000000000001,0.8,-1.0,0.43574614066501244,0.43574614066501244,0.34638078900248137,3.0000000000000004,3.0000000000000004,1,15,17,1684.13,14,77.71,79.23,77.3,75.4,1.0507957559681698,1.9150195821453098,230,5.442417710521793,0.06666666666666667,2.8903717578961645,50,0,1465.34,37,72.62,72.67,74.08,70.68,1.02815506508206,1.7082251998297293,40,3.713572066704308,0.02,0.0,5.089999999999989,6.560000000000002,3.219999999999999,4.719999999999999,190,0.04666666666666666,2.8903717578961645,0.2,2.0,0.0,0.0,0.7,1.7,0.15,0.0989010989010989,1.0,1.0,0.6,0.6000000000000001,1.3,1.1,0.55,0.5486725663716813,D,3,3,0,6
2023-09-12,Scotland,England,False,Friendly,0.3,1727.0,1939.0,-212.0,0.344179494087605,0.6558205059123949,-0.19999999999999996,-0.30000000000000004,-0.12121212121212122,-1.2000000000000002,0.19999999999999996,0.408865809734567,0.5294461374706977,0.26612095766201876,0.66155373403184,1.9846612020955203,2,43,7,1499.92,34,77.5,73.76,79.29,77.16,0.9559357179885952,2.7891994072373767,135,4.912654885736052,0.023255813953488372,2.0794415416798357,4,16,1825.97,4,84.06,85.32,85.54,81.18,1.0509977827050996,2.456203031781639,1300,7.170888478512505,0.25,2.833213344056216,-6.560000000000002,-11.559999999999988,-6.25,-4.02000000000001,-1165,-0.22674418604651164,-0.7537718023763804,2.6,1.2,0.7,0.7272727272727273,2.1,0.7,0.8,0.7847682119205298,1.4,1.4,0.5,0.6060606060606061,1.2,1.3,0.5,0.5392857142857144,A,1,3,-2,4
2023-09-12,Senegal,Algeria,False,Friendly,0.3,1774.1,1765.9,8.199999999999818,0.650866292337337,0.34913370766266305,-0.09999999999999998,-0.09999999999999998,0.022727272727272763,-0.40000000000000013,0.40000000000000013,0.4059759893299985,0.5940240106700014,0.20298799466499926,0.0,1.0,3,14,3,1686.41,13,79.32,80.15,76.69,79.3,1.0107187894073142,1.8030622100563654,260,5.564520407322694,0.07142857142857142,1.3862943611198906,28,4,1564.26,26,77.52,79.27,75.35,77.16,1.02734577501296,1.9619123323940861,160,5.081404364984463,0.03571428571428571,1.6094379124341003,1.7999999999999972,0.8800000000000097,1.3400000000000034,2.1400000000000006,100,0.03571428571428571,-0.2231435513142097,1.6,1.2,0.6,0.47727272727272724,1.7,1.2,0.65,0.5783132530120482,1.2,1.6,0.5,0.5,0.9,0.9,0.55,0.5502958579881657,A,0,1,-1,1
2023-09-12,South Africa,DR Congo,False,Friendly,0.3,1611.7,1592.3,19.40000000000009,0.6653708499055261,0.3346291500944739,0.0,0.04999999999999999,-0.023358585858585856,-0.4,0.20000000000000018,0.492593193728335,0.380406052229664,0.31720378015683287,0.469033523812222,0.0,2,60,3,1429.0,40,71.74,72.79,72.69,69.92,1.0410469107551488,1.6288953311984171,35,3.58351893845611,0.016666666666666666,1.3862943611198906,46,1,1478.35,36,74.39,76.91,71.1,74.48,1.032626208378088,2.9179159229376954,65,4.189654742026425,0.021739130434782608,0.6931471805599453,-2.6500000000000057,-4.11999999999999,1.5900000000000034,-4.560000000000002,-30,-0.005072463768115942,0.6931471805599453,0.8,1.4,0.3,0.36363636363636365,0.6666666666666666,1.5,0.25,0.26229508196721313,0.4,1.6,0.3,0.3402777777777778,0.4,1.3,0.3,0.3184713375796179,H,1,0,1,1
2023-09-12,Sweden,Austria,False,UEFA Euro qualification,0.85,1709.6,1765.1,-55.5,0.5636927389424029,0.4363072610575971,0.19999999999999996,0.3,-0.03676265026558562,0.8,0.20000000000000018,0.3794114121795663,0.6205885878204337,0.18970570608978315,0.4639485794621107,2.463948579462111,3,38,12,1514.77,31,79.87,84.25,74.43,75.32,1.1185608072225173,5.430920732251576,140,4.948759890378168,0.02631578947368421,2.5649493574615367,24,7,1593.45,22,78.91,78.39,79.48,78.32,1.0008937691521962,0.6504613747179809,195,5.278114659230517,0.041666666666666664,2.0794415416798357,0.960000000000008,5.859999999999999,-5.049999999999997,-3.0,-55,-0.015350877192982455,0.485507815781701,1.2,1.4,0.4,0.40410958904109584,1.0,1.5,0.3,0.2992957746478873,2.0,1.6,0.6,0.3673469387755102,1.6,1.3,0.6,0.49612403100775193,A,1,3,-2,4
2023-10-12,Croatia,Turkey,False,UEFA Euro qualification,0.85,1976.0,1776.3,199.70000000000005,0.8487989421498797,0.15120105785012028,0.19999999999999996,0.19999999999999996,0.3514890906195253,0.6000000000000001,-0.20000000000000018,0.4680832244383714,0.48497902815812105,0.23314280876451204,1.3016684894192005,0.9929555269285556,3,11,6,1717.07,11,80.81,78.83,81.31,81.29,0.9697379751506949,1.4260902262246042,340,5.831882477283517,0.09090909090909091,1.9459101490553132,22,2,1599.04,20,80.6,73.08,82.57,79.88,0.9148723084626941,4.891083724492965,460,6.133398042996649,0.045454545454545456,1.0986122886681098,0.21000000000000796,5.75,-1.259999999999991,1.4100000000000108,-120,0.045454545454545456,0.8472978603872034,1.2,1.6,0.5,0.31884057971014496,1.8,2.2,0.5,0.4276315789473684,1.8,1.4,0.7,0.6703296703296703,1.5,0.9,0.7,0.6610169491525424,A,0,1,-1,1
2023-10-12,Algeria,Cape Verde,False,Friendly,0.3,1778.9,1538.9,240.0,0.8762293189310646,0.1237706810689354,0.25,0.4,0.19442508710801398,0.6499999999999999,-0.3500000000000001,0.551167644403991,0.44883235559600904,0.21161782074622876,4.499832058759994,1.3334452941600041,2,28,4,1564.26,26,77.52,79.27,75.35,77.16,1.02734577501296,1.9619123323940861,160,5.081404364984463,0.03571428571428571,1.6094379124341003,69,0,1366.0,44,71.83,71.91,72.04,71.65,1.0036287508722959,0.19857828011475231,30,3.4339872044851463,0.014492753623188406,0.0,5.689999999999998,7.359999999999999,3.309999999999988,5.509999999999991,130,0.021221532091097305,1.6094379124341003,0.75,1.75,0.25,0.17142857142857143,0.75,1.75,0.25,0.17142857142857143,1.4,1.4,0.5,0.3658536585365854,1.6,1.1,0.65,0.5783132530120483,H,5,1,4,6
2023-10-12,Spain,Scotland,False,UEFA Euro qualification,0.85,1902.1,1716.7,185.39999999999986,0.8379284029124147,0.16207159708758534,-0.29999999999999993,0.09999999999999998,-0.4700193423597679,-0.6000000000000001,0.0,0.5088639559869877,0.4911360440130121,0.19537554955483064,1.0811354248395162,0.9188645751604837,2,2,16,1876.4,2,84.31,84.06,85.96,81.55,1.030778663396689,2.2120201927951126,920,6.825460036255307,0.5,2.833213344056216,43,7,1499.92,34,77.5,73.76,79.29,77.16,0.9559357179885952,2.7891994072373767,135,4.912654885736052,0.023255813953488372,2.0794415416798357,6.810000000000002,10.299999999999997,6.6699999999999875,4.390000000000001,785,0.47674418604651164,0.7537718023763804,1.6,1.0,0.7,0.8636363636363636,1.3,1.4,0.5,0.548951048951049,1.0,1.0,0.4,0.39361702127659576,1.3,0.8,0.6,0.5448717948717948,H,2,0,2,2
2023-10-12,Colombia,Uruguay,False,FIFA World Cup qualification,1.0,1884.0,1843.0,41.0,0.6924633925795177,0.3075366074204823,0.20000000000000007,0.0,0.2583333333333332,0.3999999999999999,-0.20000000000000007,0.3887742576464622,0.4362144022899572,0.3160822300408531,1.1799107006208922,1.4522853729453333,6,13,6,1693.09,12,79.68,82.37,79.35,78.43,1.0502358791278847,2.0611647192788847,380,5.942799375126701,0.07692307692307693,1.9459101490553132,17,14,1673.07,16,82.26,82.38,83.75,80.54,1.0228457909113482,1.6107244746800498,270,5.602118820879701,0.058823529411764705,2.70805020110221,-2.5799999999999983,-0.009999999999990905,-4.400000000000006,-2.1099999999999994,110,0.018099547511312222,-0.7621400520468968,1.0,0.8,0.6,0.5416666666666667,1.5,0.5,0.65,0.588235294117647,1.4,0.6,0.8,0.7999999999999999,1.1,0.7,0.65,0.45098039215686275,D,2,2,0,4
2023-10-12,Argentina,Paraguay,False,FIFA World Cup qualification,1.0,2037.6,1705.9,331.6999999999998,0.9230881634004341,0.07691183659956591,0.30000000000000004,0.3,0.10031347962382464,2.0,-0.7999999999999999,0.4476130605859152,0.43713439749280586,0.2692281266756188,0.8674879792398645,0.8402067324176327,6,3,18,1874.81,3,84.24,84.97,83.57,83.76,1.0144460362941738,0.7594076639065482,570,6.3473892096560105,0.3333333333333333,2.9444389791664403,40,8,1503.5,32,74.7,74.93,75.23,74.05,1.011883862255233,0.6132971003790402,100,4.61512051684126,0.025,2.1972245773362196,9.539999999999992,10.039999999999992,8.33999999999999,9.710000000000008,470,0.3083333333333333,0.7472144018302207,1.4,1.4,0.6,0.7272727272727272,0.8,1.3,0.45,0.4305555555555555,3.4,0.6,0.9,0.8275862068965518,2.5,0.9,0.75,0.6835443037974683,H,1,0,1,1
2023-10-13,Austria,Belgium,False,UEFA Euro qualification,0.85,1807.4,1899.8,-92.39999999999986,0.5109355350429906,0.4890644649570094,-0.29999999999999993,-0.10000000000000003,-0.2109226379201014,-0.3999999999999999,0.5999999999999999,0.3880337713670463,0.5054216355078756,0.3005614788086013,1.5242110302993623,2.0484220605987247,2,24,7,1593.45,22,78.91,78.39,79.48,78.32,1.0008937691521962,0.6504613747179809,195,5.278114659230517,0.041666666666666664,2.0794415416798357,9,13,1734.71,9,82.71,82.46,84.06,79.53,1.0368414434804476,2.2973100211624318,600,6.398594934535208,0.1111111111111111,2.6390573296152584,-3.799999999999997,-4.069999999999993,-4.579999999999998,-1.210000000000008,-405,-0.06944444444444445,-0.5596157879354227,1.4,0.8,0.7,0.6385542168674698,1.4,1.4,0.45,0.4834437086092716,1.0,1.4,0.4,0.4276315789473684,1.0,1.3,0.35,0.35611510791366907,A,2,3,-1,5
2023-10-13,South Korea,Tunisia,False,Friendly,0.3,1758.8,1754.7,4.099999999999909,0.6454841891097023,0.3545158108902977,-0.2,-0.20000000000000007,-0.18055555555555552,0.6000000000000001,1.0,0.5656931858252567,0.4343068141747432,0.2171534070873716,4.0,0.0,1,25,10,1589.65,23,80.06,83.51,76.56,79.68,1.048067269076305,3.481039116892159,210,5.351858133476067,0.04,2.3978952727983707,44,6,1483.05,35,72.99,70.78,75.39,71.78,0.9860685427695737,2.42501546386822,80,4.394449154672439,0.022727272727272728,1.9459101490553132,7.070000000000007,12.730000000000004,1.1700000000000017,7.900000000000006,130,0.017272727272727273,0.45198512374305744,1.0,1.4,0.5,0.5,1.0,1.1,0.55,0.5463917525773196,1.6,2.4,0.3,0.3194444444444445,1.5,2.3,0.35,0.3529411764705883,H,4,0,4,4
2023-10-13,Netherlands,France,False,UEFA Euro qualification,0.85,1938.0,2065.0,-127.0,0.46122190794282847,0.5387780920571715,-0.09999999999999998,0.09999999999999998,-0.07216494845360832,-0.6000000000000001,0.6000000000000001,0.3488305557574917,0.5298004015637491,0.28446129219449473,0.4757494343157121,1.6519738711130678,5,7,10,1757.87,7,83.2,80.93,83.63,84.01,0.963337697893108,1.6793252613276926,720,6.580639137284949,0.14285714285714285,2.3978952727983707,1,16,1877.32,1,84.99,86.44,82.82,84.39,1.024291977722479,1.815296119094625,1280,7.155396301896734,1.0,2.833213344056216,-1.789999999999992,-5.509999999999991,0.8100000000000023,-0.37999999999999545,-560,-0.8571428571428572,-0.4353180712578455,2.2,1.0,0.7,0.6907216494845362,1.9,0.9,0.65,0.6647398843930635,1.6,1.6,0.6,0.6185567010309279,1.8,1.0,0.75,0.7660818713450291,A,1,2,-1,3
2023-10-13,Japan,Canada,False,Friendly,0.3,1900.3,1706.8,193.5,0.8441612631486555,0.15583873685134453,0.19999999999999996,0.15000000000000002,0.3710439300897497,0.6000000000000001,-0.40000000000000013,0.5141764664180344,0.4858235335819656,0.19737761444648563,2.702049939425745,1.4326500201914183,2,18,7,1661.58,17,76.86,73.58,78.41,76.46,0.9623332461417735,2.4298765400735887,290,5.673323267171493,0.05555555555555555,2.0794415416798357,30,2,1556.48,27,78.82,80.96,76.66,78.52,1.031074885379521,2.1565095254446076,200,5.303304908059076,0.03333333333333333,1.0986122886681098,-1.9599999999999937,-7.3799999999999955,1.75,-2.0600000000000023,90,0.02222222222222222,0.980829253011726,1.2,1.6,0.4,0.3013698630136987,1.4,1.2,0.5,0.36885245901639346,1.8,1.2,0.6,0.6724137931034484,1.7,0.9,0.65,0.7342342342342344,H,4,1,3,5
2023-10-13,Curaçao,Panama,False,CONCACAF Nations League,0.55,1443.8,1548.3,-104.5,0.4935243415307319,0.5064756584692681,-0.19999999999999998,-0.04999999999999999,-0.18294117647058822,-0.6,0.8,0.3841486787529509,0.5580351297641947,0.2498905308593298,0.7504724552965467,1.5009449105930934,3,82,0,1294.0,46,,,,,,,12,2.5649493574615367,0.012195121951219513,0.0,33,1,1540.64,29,71.68,71.04,71.68,72.16,0.984478935698448,0.5619015334854749,55,4.02535169073515,0.030303030303030304,0.6931471805599453,,,,,-43,-0.01810790835181079,-0.6931471805599453,1.0,1.2,0.3,0.33,0.9,1.9,0.3,0.36574074074074076,0.4,2.0,0.1,0.1470588235294118,0.5,1.5,0.25,0.26237623762376244,A,1,2,-1,3
2023-10-13,England,Australia,False,Friendly,0.3,1949.4,1677.8,271.60000000000014,0.8946459576128828,0.10535404238711721,0.19999999999999996,0.25,0.15810711665443866,1.4000000000000001,0.0,0.5656931858252567,0.4343068141747432,0.2171534070873716,1.0,0.0,1,4,16,1825.97,4,84.06,85.32,85.54,81.18,1.0509977827050996,2.456203031781639,1300,7.170888478512505,0.25,2.833213344056216,27,6,1578.66,24,73.3,73.31,72.57,72.76,1.0075590984057174,0.3843175770115159,120,4.795790545596741,0.037037037037037035,1.9459101490553132,10.760000000000005,12.009999999999991,12.970000000000013,8.420000000000002,1180,0.21296296296296297,0.8873031950009029,1.2,1.4,0.4,0.44827586206896564,1.2,1.3,0.5,0.3793103448275863,2.6,1.4,0.6,0.6063829787234043,2.2,0.9,0.75,0.7142857142857143,H,1,0,1,1
2023-10-13,DR Congo,New Zealand,True,Friendly,0.3,1585.6,1418.5,167.0999999999999,0.7235030402131762,0.27649695978682376,0.0,0.014285714285714263,0.02413793103448278,0.20000000000000007,0.3999999999999999,0.4343068141747432,0.4343068141747432,0.34853977873788516,1.0,1.0,1,46,1,1478.35,36,74.39,76.91,71.1,74.48,1.032626208378088,2.9179159229376954,65,4.189654742026425,0.021739130434782608,0.6931471805599453,85,2,1281.0,48,71.79,75.19,70.01,71.34,1.0539669189795347,2.690223039080585,9,2.302585092994046,0.011764705882352941,1.0986122886681098,2.5999999999999943,1.7199999999999989,1.0899999999999892,3.1400000000000006,56,0.009974424552429667,-0.4054651081081645,0.6,1.6,0.2,0.19999999999999998,0.6,1.6,0.2,0.19999999999999998,0.8,2.0,0.2,0.22413793103448276,0.7142857142857143,1.8571428571428572,0.21428571428571427,0.19753086419753088,D,1,1,0,2
2023-10-13,Iraq,Qatar,True,Friendly,0.3,1602.0,1486.7,115.29999999999995,0.6600955734440517,0.3399044265559483,0.3,0.04999999999999999,0.2650704225352112,0.0,-0.6000000000000001,0.45418658522561883,0.4430318744394863,0.272657315036854,0.8349711713472883,1.168283251010976,6,57,1,1447.0,39,70.2,71.16,69.09,70.18,1.013964092333998,1.0354870029765348,15,2.772588722239781,0.017543859649122806,0.6931471805599453,55,1,1454.0,38,72.65,75.52,71.59,70.64,1.0690826727066818,2.587205699849418,18,2.9444389791664403,0.01818181818181818,0.6931471805599453,-2.450000000000003,-4.359999999999999,-2.5,-0.45999999999999375,-3,-0.0006379585326953749,0.0,0.8,1.8,0.2,0.15492957746478875,0.7,1.6,0.25,0.1776859504132232,0.8,1.2,0.5,0.41999999999999993,0.4,1.6,0.3,0.22302158273381295,D,0,0,0,0
2023-10-14,Ivory Coast,Morocco,False,Friendly,0.3,1722.6,1816.2,-93.60000000000014,0.5092092987579133,0.4907907012420867,-0.09999999999999998,-0.09999999999999998,0.14529914529914534,0.0,-0.19999999999999996,0.4190729419384177,0.45404506062249306,0.33641846840829814,0.7839281476322607,1.0,2,34,3,1532.98,30,78.81,77.58,80.29,78.73,0.9853931157119268,1.3601593043953875,145,4.983606621708336,0.029411764705882353,1.3862943611198906,8,6,1756.21,8,80.56,78.97,78.23,82.18,0.9609394013141883,2.0997698286558326,310,5.739792912179234,0.125,1.9459101490553132,-1.75,-1.3900000000000006,2.0600000000000023,-3.450000000000003,-165,-0.09558823529411764,-0.5596157879354227,0.8,1.0,0.5,0.4027777777777778,0.8,0.6,0.6,0.5822784810126583,0.8,0.8,0.4,0.5480769230769231,1.1,0.9,0.5,0.5,D,1,1,0,2
2023-10-14,Mexico,Ghana,True,Friendly,0.3,1713.6,1679.0,34.59999999999991,0.5496294438142594,0.4503705561857406,0.29999999999999993,0.15000000000000002,0.29377049180327863,-0.20000000000000018,-1.5999999999999999,0.6626159983274623,0.3373840016725377,0.16869200083626884,2.0,0.0,2,15,17,1684.13,14,77.71,79.23,77.3,75.4,1.0507957559681698,1.9150195821453098,230,5.442417710521793,0.06666666666666667,2.8903717578961645,74,4,1346.0,45,75.83,76.81,77.55,73.19,1.0494603087853533,2.3331523739353166,130,4.875197323201151,0.013513513513513514,1.6094379124341003,1.8799999999999955,2.4200000000000017,-0.25,2.210000000000008,100,0.05315315315315315,1.2809338454620642,1.6,2.4,0.4,0.42622950819672134,0.9,1.7,0.35,0.37692307692307697,1.4,0.8,0.7,0.72,1.1,1.3,0.5,0.5221238938053097,H,2,0,2,2
2023-10-14,United States,Germany,False,Friendly,0.3,1795.8,1805.3,-9.5,0.6273721903198309,0.37262780968016906,0.6,0.3,0.5475862068965517,0.8,-1.5999999999999999,0.4342599318135393,0.5657400681864608,0.21712996590676964,1.0,3.0,1,16,11,1675.7,15,,,,,,,250,5.5254529391317835,0.0625,2.4849066497880004,10,20,1731.3,10,83.78,84.42,84.51,82.18,1.0272572402044293,1.3200126262022376,850,6.7464121285733745,0.1,3.044522437723423,,,,,-600,-0.037500000000000006,-0.5596157879354227,1.0,2.4,0.1,0.17241379310344832,1.4,2.1,0.3,0.34920634920634924,1.8,0.8,0.7,0.72,1.1,0.7,0.6,0.5901639344262295,A,1,3,-2,4
2023-10-15,Norway,Spain,False,UEFA Euro qualification,0.85,1737.4,1914.2,-176.79999999999995,0.3912415674275042,0.6087584325724957,0.0,-0.20000000000000007,-0.044900221729489986,0.3999999999999999,1.2,0.36665087870788216,0.5999683537977304,0.21670620684832853,0.23110404694842857,1.8105704846081703,4,31,3,1550.94,28,82.05,84.71,81.34,77.67,1.0906398867001414,3.521065179743194,320,5.771441123130016,0.03225806451612903,1.3862943611198906,2,16,1876.4,2,84.31,84.06,85.96,81.55,1.030778663396689,2.2120201927951126,920,6.825460036255307,0.5,2.833213344056216,-2.260000000000005,0.6499999999999915,-4.61999999999999,-3.8799999999999955,-600,-0.467741935483871,-1.4469189829363256,0.8,0.8,0.4,0.38636363636363635,1.2,0.8,0.55,0.5,1.2,2.0,0.4,0.34146341463414637,1.0,1.8,0.35,0.3235294117647059,A,0,1,-1,1
2023-10-16,Algeria,Egypt,True,Friendly,0.3,1783.5,1672.0,111.5,0.6551705405623248,0.3448294594376752,0.0,0.09999999999999998,-0.1341463414634147,0.19999999999999996,0.19999999999999996,0.4037083200562716,0.4037083200562716,0.39443751991559256,1.0,1.0,2,28,4,1564.26,26,77.52,79.27,75.35,77.16,1.02734577501296,1.9619123323940861,160,5.081404364984463,0.03571428571428571,1.6094379124341003,29,3,1565.56,25,80.93,86.04,70.5,73.27,1.174286884127201,8.288922326414538,115,4.7535901911063645,0.034482758620689655,1.3862943611198906,-3.410000000000011,-6.77000000000001,4.849999999999994,3.8900000000000006,45,0.0012315270935960576,0.2231435513142097,0.8,1.2,0.5,0.5000000000000001,0.9,0.9,0.55,0.5653846153846154,1.0,1.4,0.5,0.3658536585365854,1.5,1.1,0.65,0.5783132530120483,D,1,1,0,2
2023-10-16,Belgium,Sweden,False,UEFA Euro qualification,0.85,1925.3,1667.3,258.0,0.8870357268841216,0.11296427311587842,0.0,-0.09999999999999998,0.17259615384615395,-0.20000000000000018,-0.3999999999999999,0.49077761492307537,0.3907278808904005,0.31385844463172446,1.9156016635160644,0.5421991682419678,2,9,13,1734.71,9,82.71,82.46,84.06,79.53,1.0368414434804476,2.2973100211624318,600,6.398594934535208,0.1111111111111111,2.6390573296152584,38,12,1514.77,31,79.87,84.25,74.43,75.32,1.1185608072225173,5.430920732251576,140,4.948759890378168,0.02631578947368421,2.5649493574615367,2.839999999999989,-1.7900000000000063,9.629999999999995,4.210000000000008,460,0.0847953216374269,0.07410797215372167,1.6,1.4,0.6,0.3461538461538461,1.4,1.4,0.5,0.3492063492063492,1.4,1.0,0.6,0.51875,1.2,1.5,0.4,0.4155405405405405,D,1,1,0,2
2023-10-16,Bosnia and Herzegovina,Portugal,False,UEFA Euro qualification,0.85,1707.7,1979.9,-272.20000000000005,0.27066270688312133,0.7293372931168787,-0.5,-0.3,-0.4484848484848485,-2.0,0.40000000000000013,0.38792142619120856,0.6120785738087915,0.19396071309560428,0.0,4.0496511307652785,2,65,1,1385.0,43,,,,,,,70,4.2626798770413155,0.015384615384615385,0.6931471805599453,5,8,1763.83,5,83.74,82.45,86.12,82.24,1.0025535019455254,2.182025053323941,850,6.7464121285733745,0.2,2.1972245773362196,,,,,-780,-0.18461538461538463,-1.5040773967762742,2.4,1.2,0.6,0.6,2.2,0.8,0.6,0.6,0.4,1.6,0.1,0.15151515151515152,0.3,0.9,0.3,0.3416666666666666,A,0,5,-5,5
2023-10-17,United States,Ghana,False,Friendly,0.3,1776.9,1665.5,111.40000000000009,0.7715204064600142,0.22847959353998581,0.4,0.35000000000000003,0.4188888888888889,0.8000000000000003,-1.4,0.5658808856488992,0.43411911435110084,0.21705955717555042,4.0,0.0,1,16,11,1675.7,15,,,,,,,250,5.5254529391317835,0.0625,2.4849066497880004,74,4,1346.0,45,75.83,76.81,77.55,73.19,1.0494603087853533,2.3331523739353166,130,4.875197323201151,0.013513513513513514,1.6094379124341003,,,,,120,0.048986486486486486,0.8754687373539001,1.4,2.0,0.4,0.3611111111111111,0.9,1.9,0.3,0.3194444444444445,2.2,0.6,0.8,0.78,1.4,0.7,0.65,0.6147540983606558,H,4,0,4,4
2023-10-17,Mexico,Germany,True,Friendly,0.3,1727.1,1824.1,-97.0,0.36392310031211805,0.636076899687882,0.3,0.25000000000000006,0.2585858585858586,0.6000000000000001,-0.8000000000000003,0.4487827300191299,0.4228698284882464,0.3397823557367468,1.8320183851339245,1.6640367702678491,2,15,17,1684.13,14,77.71,79.23,77.3,75.4,1.0507957559681698,1.9150195821453098,230,5.442417710521793,0.06666666666666667,2.8903717578961645,10,20,1731.3,10,83.78,84.42,84.51,82.18,1.0272572402044293,1.3200126262022376,850,6.7464121285733745,0.1,3.044522437723423,-6.070000000000007,-5.189999999999998,-7.210000000000008,-6.780000000000001,-620,-0.03333333333333334,-0.1541506798272585,1.2,2.2,0.3,0.36363636363636365,1.2,2.0,0.3,0.28695652173913044,1.8,1.4,0.6,0.6222222222222222,1.3,1.4,0.55,0.5486725663716813,D,2,2,0,4
2023-10-17,France,Scotland,False,Friendly,0.3,2088.1,1704.5,383.5999999999999,0.9417954939182086,0.058204506081791396,0.19999999999999996,0.14999999999999997,0.09569045412418886,0.7999999999999998,-0.40000000000000013,0.5658808856488992,0.43411911435110084,0.21705955717555042,4.0,1.0,1,1,16,1877.32,1,84.99,86.44,82.82,84.39,1.024291977722479,1.815296119094625,1280,7.155396301896734,1.0,2.833213344056216,43,7,1499.92,34,77.5,73.76,79.29,77.16,0.9559357179885952,2.7891994072373767,135,4.912654885736052,0.023255813953488372,2.0794415416798357,7.489999999999995,12.679999999999993,3.529999999999987,7.230000000000004,1145,0.9767441860465116,0.7537718023763804,1.6,1.6,0.5,0.7115384615384617,1.2,1.5,0.45,0.5310077519379846,2.4,1.2,0.7,0.8072289156626505,1.9,1.0,0.6,0.6545454545454544,H,4,1,3,5
2023-10-17,Ivory Coast,South Africa,False,Friendly,0.3,1722.4,1618.4,104.0,0.7639246991448386,0.23607530085516137,0.0,0.09999999999999998,0.0855769230769231,0.0,-0.6000000000000001,0.45384034473494733,0.41898984724689026,0.33666473164160754,1.0,0.78490043344154,2,34,3,1532.98,30,78.81,77.58,80.29,78.73,0.9853931157119268,1.3601593043953875,145,4.983606621708336,0.029411764705882353,1.3862943611198906,60,3,1429.0,40,71.74,72.79,72.69,69.92,1.0410469107551488,1.6288953311984171,35,3.58351893845611,0.016666666666666666,1.3862943611198906,7.070000000000007,4.789999999999992,7.6000000000000085,8.810000000000002,110,0.012745098039215686,0.0,0.8,1.8,0.4,0.4625,0.6,1.3,0.4,0.4267515923566879,0.8,1.2,0.4,0.5480769230769231,1.1,1.1,0.5,0.5591397849462365,D,1,1,0,2
2023-10-17,Uruguay,Brazil,False,FIFA World Cup qualification,1.0,1850.7,2043.8,-193.0999999999999,0.3691356479379342,0.6308643520620658,-0.19999999999999996,-0.25,-0.375,-1.2,0.19999999999999996,0.3763303763029415,0.3933071535448259,0.37471458895256066,0.8160399097644911,0.9625199960655055,6,17,14,1673.07,16,82.26,82.38,83.75,80.54,1.0228457909113482,1.6107244746800498,270,5.602118820879701,0.058823529411764705,2.70805020110221,6,22,1761.16,6,85.24,85.72,84.39,84.78,1.0110875206416607,0.6836909633257792,1000,6.90875477931522,0.16666666666666666,3.1354942159291497,-2.9799999999999898,-3.3400000000000034,-0.6400000000000006,-4.239999999999995,-730,-0.10784313725490195,-0.4274440148269396,2.4,1.0,0.7,0.7777777777777778,2.6,0.7,0.8,0.8,1.2,1.2,0.5,0.4027777777777778,1.3,0.7,0.55,0.46551724137931033,H,2,0,2,2
2023-10-17,Ecuador,Colombia,False,FIFA World Cup qualification,1.0,1785.0,1876.3,-91.29999999999995,0.5125176902205133,0.4874823097794867,-0.5,-0.25,-0.5777777777777777,-0.3999999999999999,1.0,0.4745458377831048,0.3814402652440116,0.2973029259873447,0.9360994670951664,0.2939002701221679,6,23,4,1596.48,21,79.42,73.4,81.21,78.83,0.9311175948243056,4.003028020553102,220,5.3981627015177525,0.043478260869565216,1.6094379124341003,13,6,1693.09,12,79.68,82.37,79.35,78.43,1.0502358791278847,2.0611647192788847,380,5.942799375126701,0.07692307692307693,1.9459101490553132,-0.2600000000000051,-8.969999999999999,1.8599999999999994,0.3999999999999915,-160,-0.03344481605351171,-0.33647223662121295,1.4,0.6,0.8,0.7999999999999999,1.3,0.6,0.75,0.5909090909090909,1.0,1.6,0.3,0.22222222222222227,0.8,0.8,0.5,0.4411764705882353,D,0,0,0,0
2023-10-17,Australia,New Zealand,True,Soccer Ashes,0.45,1675.7,1423.0,252.70000000000005,0.8107142900984968,0.18928570990150317,0.09999999999999998,0.3833333333333334,0.004545454545454519,0.5999999999999999,-0.40000000000000013,0.7379099456726588,0.2620900543273412,0.1310450271636706,1.8796099958558867,0.2953850601117501,5,27,6,1578.66,24,73.3,73.31,72.57,72.76,1.0075590984057174,0.3843175770115159,120,4.795790545596741,0.037037037037037035,1.9459101490553132,85,2,1281.0,48,71.79,75.19,70.01,71.34,1.0539669189795347,2.690223039080585,9,2.302585092994046,0.011764705882352941,1.0986122886681098,1.509999999999991,-1.8799999999999955,2.559999999999988,1.4200000000000017,111,0.025272331154684094,0.8472978603872034,0.8,2.2,0.2,0.19999999999999998,0.6666666666666666,2.0,0.16666666666666666,0.16666666666666666,1.4,1.8,0.3,0.2045454545454545,1.4,1.4,0.55,0.4607843137254902,H,2,0,2,2
2023-11-16,Colombia,Brazil,False,FIFA World Cup qualification,1.0,1876.8,2006.0,-129.20000000000005,0.4580764838751863,0.5419235161248137,0.30000000000000004,0.0,0.010101010101009944,0.0,-0.6000000000000001,0.3517379341472963,0.47936939918012095,0.30303248456195764,1.0368708443188364,1.3122706035539813,7,13,6,1693.09,12,79.68,82.37,79.35,78.43,1.0502358791278847,2.0611647192788847,380,5.942799375126701,0.07692307692307693,1.9459101490553132,6,22,1761.16,6,85.24,85.72,84.39,84.78,1.0110875206416607,0.6836909633257792,1000,6.90875477931522,0.16666666666666666,3.1354942159291497,-5.559999999999988,-3.3499999999999943,-5.040000000000006,-6.349999999999994,-620,-0.08974358974358973,-1.1895840668738364,1.8,1.6,0.5,0.6944444444444445,2.7,1.0,0.75,0.810344827586207,1.8,1.0,0.8,0.7045454545454545,1.5,0.8,0.75,0.5909090909090909,H,2,1,1,3
2023-11-16,Argentina,Uruguay,False,FIFA World Cup qualification,1.0,2040.7,1888.6,152.10000000000014,0.8101837007911464,0.18981629920885357,0.30000000000000004,0.25,0.2859195402298851,1.4,-0.6,0.5815338330334088,0.3905121088474669,0.17688090984293825,1.0840873515813148,0.5966592788293559,6,3,18,1874.81,3,84.24,84.97,83.57,83.76,1.0144460362941738,0.7594076639065482,570,6.3473892096560105,0.3333333333333333,2.9444389791664403,17,14,1673.07,16,82.26,82.38,83.75,80.54,1.0228457909113482,1.6107244746800498,270,5.602118820879701,0.058823529411764705,2.70805020110221,1.9799999999999898,2.5900000000000034,-0.18000000000000682,3.219999999999999,300,0.2745098039215686,0.2363887780642302,1.6,1.2,0.6,0.5416666666666666,1.5,0.9,0.55,0.46923076923076923,3.0,0.6,0.9,0.8275862068965517,2.5,0.8,0.8,0.7468354430379747,A,0,2,-2,2
2023-11-18,Germany,Turkey,False,Friendly,0.3,1821.4,1818.7,2.7000000000000455,0.643637847356883,0.356362152643117,0.0,-0.04999999999999999,0.1818181818181818,0.20000000000000018,0.0,0.410835452958622,0.5388511282702002,0.25573114525048873,2.282138027055917,3.0,2,10,20,1731.3,10,83.78,84.42,84.51,82.18,1.0272572402044293,1.3200126262022376,850,6.7464121285733745,0.1,3.044522437723423,22,2,1599.04,20,80.6,73.08,82.57,79.88,0.9148723084626941,4.891083724492965,460,6.133398042996649,0.045454545454545456,1.0986122886681098,3.180000000000007,11.340000000000003,1.940000000000012,2.3000000000000114,390,0.05454545454545455,1.9459101490553132,1.4,2.2,0.4,0.21818181818181817,1.7,2.3,0.45,0.4078947368421053,1.6,2.2,0.4,0.39999999999999997,1.5,1.9,0.4,0.3750000000000001,A,2,3,-1,5
2023-11-19,Scotland,Norway,False,UEFA Euro qualification,0.85,1702.5,1717.8,-15.299999999999955,0.6195343837636766,0.38046561623632336,-0.19999999999999996,-0.04999999999999999,0.03968253968253965,-1.2,0.0,0.4927933709053559,0.38663331020038966,0.3138899739944492,2.531784596989568,2.0635691939791365,2,43,7,1499.92,34,77.5,73.76,79.29,77.16,0.9559357179885952,2.7891994072373767,135,4.912654885736052,0.023255813953488372,2.0794415416798357,31,3,1550.94,28,82.05,84.71,81.34,77.67,1.0906398867001414,3.521065179743194,320,5.771441123130016,0.03225806451612903,1.3862943611198906,-4.549999999999997,-10.949999999999989,-2.049999999999997,-0.5100000000000051,-185,-0.00900225056264066,0.6931471805599452,2.4,1.6,0.6,0.5,1.5,1.6,0.45,0.3765432098765432,1.2,1.6,0.4,0.5396825396825397,1.0,1.5,0.4,0.4678571428571429,D,3,3,0,6
2023-11-21,Paraguay,Colombia,False,FIFA World Cup qualification,1.0,1702.9,1898.5,-195.5999999999999,0.3657906714678579,0.6342093285321422,-0.4,-0.4,-0.25517241379310346,-0.5999999999999999,1.0,0.2632623824995088,0.5264079481863103,0.3419608605639352,0.8164001798661072,1.500657499810129,7,40,8,1503.5,32,74.7,74.93,75.23,74.05,1.011883862255233,0.6132971003790402,100,4.61512051684126,0.025,2.1972245773362196,13,6,1693.09,12,79.68,82.37,79.35,78.43,1.0502358791278847,2.0611647192788847,380,5.942799375126701,0.07692307692307693,1.9459101490553132,-4.980000000000004,-7.439999999999998,-4.11999999999999,-4.38000000000001,-280,-0.051923076923076926,0.25131442828090633,1.4,0.6,0.8,0.6551724137931034,1.5,0.7,0.8,0.7045454545454544,0.8,1.6,0.4,0.39999999999999997,0.7,1.4,0.4,0.4,A,0,1,-1,1
2023-11-21,Brazil,Argentina,False,FIFA World Cup qualification,1.0,1984.3,1992.1,-7.7999999999999545,0.6296570560816885,0.37034294391831146,-0.7,-0.25,-0.5833333333333333,-1.0,2.0,0.3438096986974668,0.6051900209500378,0.20030003166959748,0.5206055765356633,1.8000448108907503,7,6,22,1761.16,6,85.24,85.72,84.39,84.78,1.0110875206416607,0.6836909633257792,1000,6.90875477931522,0.16666666666666666,3.1354942159291497,3,18,1874.81,3,84.24,84.97,83.57,83.76,1.0144460362941738,0.7594076639065482,570,6.3473892096560105,0.3333333333333333,2.9444389791664403,1.0,0.75,0.8200000000000074,1.019999999999996,430,-0.16666666666666666,0.1910552367627094,2.6,0.0,1.0,1.0,2.5,0.6,0.9,0.8734177215189873,1.6,2.0,0.3,0.4166666666666667,2.3,1.2,0.65,0.6379310344827587,A,0,1,-1,1
2023-11-21,Uzbekistan,Iran,False,FIFA World Cup qualification,1.0,1441.7,1697.2,-255.5,0.2900523203658857,0.7099476796341143,-0.3,-0.30000000000000004,-0.15517241379310343,-0.6000000000000001,0.3999999999999999,0.2151655324313998,0.32778741952653156,0.5646298142577685,0.6351428812412022,0.8328399648429395,9,50,0,1465.34,37,72.62,72.67,74.08,70.68,1.02815506508206,1.7082251998297293,40,3.713572066704308,0.02,0.0,21,6,1616.04,19,75.74,78.83,74.88,72.88,1.0816410537870473,3.0277879714405382,75,4.330733340286331,0.047619047619047616,1.9459101490553132,-3.1199999999999903,-6.159999999999997,-0.7999999999999972,-2.1999999999999886,-35,-0.027619047619047616,-1.9459101490553132,0.8,2.0,0.3,0.15517241379310343,1.0,1.5,0.4,0.4097222222222222,0.2,2.4,0.0,0.0,0.7,2.0,0.1,0.06593406593406594,D,2,2,0,4
2023-11-21,Jordan,Saudi Arabia,False,FIFA World Cup qualification,1.0,1509.9,1611.6,-101.69999999999982,0.4975535228626789,0.5024464771373212,-0.09999999999999998,-0.04999999999999999,-0.21038251366120211,0.3999999999999999,1.2000000000000002,0.5408826697697454,0.44206302587842533,0.13947304319118634,0.8735376414782954,0.9834145406979246,7,63,0,1391.0,42,70.24,72.37,69.09,67.57,1.0710374426520648,2.453188401516149,20,3.044522437723423,0.015873015873015872,0.0,61,6,1421.0,41,75.74,75.38,76.06,74.85,1.0070808283233132,0.6065476073648342,55,4.02535169073515,0.01639344262295082,1.9459101490553132,-5.5,-3.009999999999991,-6.969999999999999,-7.280000000000001,-35,-0.0005204267499349484,-1.9459101490553132,0.8,1.4,0.3,0.37704918032786877,0.5,1.0,0.35,0.411764705882353,1.2,2.6,0.2,0.16666666666666666,1.0,1.8,0.3,0.2530120481927711,A,0,2,-2,2
2023-11-21,Austria,Germany,False,Friendly,0.3,1781.9,1808.5,-26.59999999999991,0.6040871500562824,0.39591284994371756,0.0,0.04999999999999999,0.03797468354430378,-0.20000000000000018,-0.6000000000000001,0.5785739387025557,0.42142606129744425,0.21071303064872213,2.0,0.16231982441298784,2,24,7,1593.45,22,78.91,78.39,79.48,78.32,1.0008937691521962,0.6504613747179809,195,5.278114659230517,0.041666666666666664,2.0794415416798357,10,20,1731.3,10,83.78,84.42,84.51,82.18,1.0272572402044293,1.3200126262022376,850,6.7464121285733745,0.1,3.044522437723423,-4.8700000000000045,-6.030000000000001,-5.030000000000001,-3.8600000000000136,-655,-0.05833333333333334,-0.9650808960435873,1.6,2.0,0.5,0.5,1.6,2.0,0.4,0.37500000000000006,1.4,1.4,0.5,0.5379746835443038,1.3,1.3,0.45,0.4433333333333334,H,2,0,2,2
2023-12-16,Mexico,Colombia,True,Friendly,0.3,1729.8,1913.1,-183.29999999999995,0.2582355439035324,0.7417644560964676,-0.20000000000000007,-0.15000000000000002,-0.14722222222222214,0.20000000000000018,0.6,0.32355890884967053,0.6764410911503295,0.16177945442483527,0.990400963755455,3.504799518122272,3,15,17,1684.13,14,77.71,79.23,77.3,75.4,1.0507957559681698,1.9150195821453098,230,5.442417710521793,0.06666666666666667,2.8903717578961645,13,6,1693.09,12,79.68,82.37,79.35,78.43,1.0502358791278847,2.0611647192788847,380,5.942799375126701,0.07692307692307693,1.9459101490553132,-1.970000000000013,-3.1400000000000006,-2.049999999999997,-3.030000000000001,-150,-0.010256410256410262,0.9444616088408513,1.4,0.6,0.8,0.7222222222222222,1.6,0.8,0.8,0.7450980392156863,1.6,1.2,0.6,0.5750000000000001,1.5,1.2,0.65,0.6868686868686869,A,2,3,-1,5
2024-01-05,Qatar,Jordan,False,Friendly,0.3,1489.9,1480.1,9.800000000000182,0.6529563252676714,0.34704367473232856,0.0,-0.04999999999999999,-0.004398826979472081,-0.6,-1.0,0.514891924781832,0.485108075218168,0.1831801247897039,2.013333069637005,1.3461830480121062,3,55,1,1454.0,38,72.65,75.52,71.59,70.64,1.0690826727066818,2.587205699849418,18,2.9444389791664403,0.01818181818181818,0.6931471805599453,63,0,1391.0,42,70.24,72.37,69.09,67.57,1.0710374426520648,2.453188401516149,20,3.044522437723423,0.015873015873015872,0.0,2.410000000000011,3.1499999999999915,2.5,3.0700000000000074,-2,0.002308802308802309,0.6931471805599453,1.2,3.0,0.2,0.1818181818181818,1.0,2.2,0.3,0.2530120481927711,0.6,2.0,0.2,0.17741935483870971,0.6,1.8,0.25,0.1747967479674797,A,1,2,-1,3
2024-01-06,Iraq,South Korea,True,Friendly,0.3,1598.8,1772.0,-173.20000000000005,0.2695278571070371,0.7304721428929629,0.0,-0.15000000000000002,0.08333333333333326,-0.5999999999999999,-0.6000000000000001,0.2808455732217569,0.6740522178193116,0.18552499556980992,0.5244937391475414,1.958029076080453,5,57,1,1447.0,39,70.2,71.16,69.09,70.18,1.013964092333998,1.0354870029765348,15,2.772588722239781,0.017543859649122806,0.6931471805599453,25,10,1589.65,23,80.06,83.51,76.56,79.68,1.048067269076305,3.481039116892159,210,5.351858133476067,0.04,2.3978952727983707,-9.86,-12.350000000000009,-7.469999999999999,-9.5,-195,-0.022456140350877195,-1.7047480922384253,1.4,1.8,0.5,0.5000000000000001,1.5,1.8,0.45,0.4033613445378151,0.8,1.2,0.5,0.5833333333333334,0.4,1.6,0.3,0.248,A,0,1,-1,1
2024-01-09,Japan,Jordan,True,Friendly,0.3,1905.7,1493.1,412.60000000000014,0.9149100267415807,0.08508997325841927,0.39999999999999997,0.35000000000000003,0.43181818181818177,1.2000000000000002,-1.4,0.5699285852555113,0.43007141474448873,0.21503570737224437,6.0,1.0,1,18,7,1661.58,17,76.86,73.58,78.41,76.46,0.9623332461417735,2.4298765400735887,290,5.673323267171493,0.05555555555555555,2.0794415416798357,63,0,1391.0,42,70.24,72.37,69.09,67.57,1.0710374426520648,2.453188401516149,20,3.044522437723423,0.015873015873015872,0.0,6.6200000000000045,1.2099999999999937,9.319999999999993,8.89,270,0.03968253968253968,2.0794415416798357,1.0,2.8,0.2,0.13636363636363635,1.0,2.3,0.3,0.25301204819277107,2.2,1.4,0.6,0.5681818181818181,1.8,1.1,0.65,0.7268518518518517,H,6,1,5,7
2024-01-10,Tunisia,Cape Verde,False,Friendly,0.3,1741.4,1534.2,207.20000000000005,0.8542567588106297,0.14574324118937032,0.39999999999999997,0.25000000000000006,0.38393608074011787,0.7999999999999999,-0.7999999999999999,0.5699780032147104,0.4300219967852896,0.2150109983926448,2.0,0.0,1,44,6,1483.05,35,72.99,70.78,75.39,71.78,0.9860685427695737,2.42501546386822,80,4.394449154672439,0.022727272727272728,1.9459101490553132,69,0,1366.0,44,71.83,71.91,72.04,71.65,1.0036287508722959,0.19857828011475231,30,3.4339872044851463,0.014492753623188406,0.0,1.1599999999999966,-1.1299999999999955,3.3499999999999943,0.12999999999999545,50,0.008234519104084322,1.9459101490553132,0.6,1.4,0.3,0.21951219512195122,0.6,1.4,0.3,0.21951219512195122,1.4,0.6,0.7,0.6034482758620691,1.2,1.2,0.55,0.5463917525773196,H,2,0,2,2
2024-01-14,Ghana,Cape Verde,True,African Cup of Nations,0.85,1656.9,1529.8,127.10000000000014,0.6751664626152504,0.3248335373847496,0.30000000000000004,0.04999999999999999,0.2879403794037941,1.2,-0.19999999999999996,0.42982403248794776,0.5701759675120522,0.21491201624397388,1.0,2.0,1,74,4,1346.0,45,75.83,76.81,77.55,73.19,1.0494603087853533,2.3331523739353166,130,4.875197323201151,0.013513513513513514,1.6094379124341003,69,0,1366.0,44,71.83,71.91,72.04,71.65,1.0036287508722959,0.19857828011475231,30,3.4339872044851463,0.014492753623188406,0.0,4.0,4.900000000000006,5.509999999999991,1.539999999999992,100,-0.0009792401096748917,1.6094379124341003,0.2,2.0,0.1,0.07317073170731708,0.6666666666666666,2.0,0.25,0.19148936170212766,1.4,1.8,0.4,0.36111111111111116,0.9,2.0,0.3,0.3538461538461538,A,1,2,-1,3
2024-01-18,Egypt,Ghana,True,African Cup of Nations,0.85,1675.1,1633.3,41.799999999999955,0.5598664679042922,0.4401335320957078,0.2,0.25,0.17049808429118785,0.0,-0.8,0.4296255998102304,0.4296255998102304,0.35556160028465444,2.0,2.0,1,29,3,1565.56,25,80.93,86.04,70.5,73.27,1.174286884127201,8.288922326414538,115,4.7535901911063645,0.034482758620689655,1.3862943611198906,74,4,1346.0,45,75.83,76.81,77.55,73.19,1.0494603087853533,2.3331523739353166,130,4.875197323201151,0.013513513513513514,1.6094379124341003,5.1000000000000085,9.230000000000004,-7.049999999999997,0.0799999999999983,-15,0.02096924510717614,-0.2231435513142097,1.0,2.6,0.2,0.2777777777777778,0.8,2.4,0.2,0.22413793103448282,1.0,1.8,0.4,0.44827586206896564,0.7,1.1,0.45,0.5078740157480315,D,2,2,0,4
2024-01-19,Iraq,Japan,True,AFC Asian Cup,0.85,1593.4,1909.1,-315.6999999999998,0.13975632945893446,0.8602436705410655,-0.09999999999999998,-0.35000000000000003,-0.03333333333333344,-1.9999999999999998,-0.9999999999999999,0.5704240816127643,0.4295759183872358,0.2147879591936179,2.0,1.0,1,57,1,1447.0,39,70.2,71.16,69.09,70.18,1.013964092333998,1.0354870029765348,15,2.772588722239781,0.017543859649122806,0.6931471805599453,18,7,1661.58,17,76.86,73.58,78.41,76.46,0.9623332461417735,2.4298765400735887,290,5.673323267171493,0.05555555555555555,2.0794415416798357,-6.659999999999997,-2.4200000000000017,-9.319999999999993,-6.279999999999987,-275,-0.038011695906432746,-1.3862943611198904,2.8,1.4,0.7,0.7000000000000001,2.0,1.2,0.65,0.7190476190476189,0.8,0.4,0.6,0.6666666666666666,0.4,1.6,0.3,0.21621621621621623,H,2,1,1,3
2024-01-20,Jordan,South Korea,True,AFC Asian Cup,0.85,1489.7,1777.4,-287.70000000000005,0.1602816001551316,0.8397183998448684,-0.3,-0.09999999999999998,-0.2045454545454545,-1.0,1.1999999999999997,0.3769483183317005,0.39811671042711777,0.3663513244132289,1.164947057322279,1.2624221040434394,4,63,0,1391.0,42,70.24,72.37,69.09,67.57,1.0710374426520648,2.453188401516149,20,3.044522437723423,0.015873015873015872,0.0,25,10,1589.65,23,80.06,83.51,76.56,79.68,1.048067269076305,3.481039116892159,210,5.351858133476067,0.04,2.3978952727983707,-9.820000000000007,-11.14,-7.469999999999999,-12.110000000000014,-190,-0.02412698412698413,-2.3978952727983707,1.8,1.6,0.5,0.3409090909090909,1.7,1.6,0.5,0.4285714285714286,0.8,2.8,0.2,0.13636363636363638,1.2,2.2,0.4,0.32530120481927716,D,2,2,0,4
2024-01-21,Morocco,DR Congo,True,African Cup of Nations,0.85,1816.4,1581.2,235.20000000000005,0.7947697669965004,0.20523023300349963,0.09999999999999998,0.36250000000000004,-0.09370314842578711,0.20000000000000007,-0.20000000000000018,0.4203954651891094,0.3531211026072151,0.40304398350728304,1.6870390891006135,1.0,4,8,6,1756.21,8,80.56,78.97,78.23,82.18,0.9609394013141883,2.0997698286558326,310,5.739792912179234,0.125,1.9459101490553132,46,1,1478.35,36,74.39,76.91,71.1,74.48,1.032626208378088,2.9179159229376954,65,4.189654742026425,0.021739130434782608,0.6931471805599453,6.170000000000002,2.0600000000000023,7.13000000000001,7.700000000000003,245,0.10326086956521739,1.252762968495368,0.6,1.6,0.2,0.22413793103448276,0.625,1.75,0.1875,0.18390804597701152,0.8,1.4,0.3,0.13043478260869565,0.9,0.8,0.55,0.5266272189349113,D,1,1,0,2
2024-01-22,Cape Verde,Egypt,True,African Cup of Nations,0.85,1553.5,1673.0,-119.5,0.3345009932264268,0.6654990067735732,-0.19999999999999998,-0.2857142857142857,-0.13137472283813742,-0.8,0.0,0.2693646809551214,0.37613534207597543,0.4891823174464638,0.9604695758230576,1.6548818295252616,4,69,0,1366.0,44,71.83,71.91,72.04,71.65,1.0036287508722959,0.19857828011475231,30,3.4339872044851463,0.014492753623188406,0.0,29,3,1565.56,25,80.93,86.04,70.5,73.27,1.174286884127201,8.288922326414538,115,4.7535901911063645,0.034482758620689655,1.3862943611198906,-9.100000000000009,-14.13000000000001,1.5400000000000063,-1.6199999999999903,-85,-0.019990004997501247,-1.3862943611198906,1.0,2.0,0.3,0.2045454545454545,0.8,1.1,0.5,0.5443548387096774,0.2,2.0,0.1,0.07317073170731708,0.5714285714285714,2.0,0.21428571428571427,0.16981132075471697,D,2,2,0,4
2024-01-23,Australia,Uzbekistan,True,AFC Asian Cup,0.85,1685.7,1450.1,235.60000000000014,0.7951450885485647,0.2048549114514353,0.19999999999999998,0.30000000000000004,0.2090909090909091,0.3999999999999999,-0.7999999999999998,0.41627626111015303,0.41627626111015303,0.37558560833477045,0.8177887572272197,0.8177887572272197,2,27,6,1578.66,24,73.3,73.31,72.57,72.76,1.0075590984057174,0.3843175770115159,120,4.795790545596741,0.037037037037037035,1.9459101490553132,50,0,1465.34,37,72.62,72.67,74.08,70.68,1.02815506508206,1.7082251998297293,40,3.713572066704308,0.02,0.0,0.6799999999999926,0.6400000000000006,-1.5100000000000051,2.0799999999999983,80,0.017037037037037035,1.9459101490553132,0.8,2.4,0.1,0.0909090909090909,0.8,2.0,0.15,0.11688311688311688,1.2,1.6,0.3,0.3,1.2,1.4,0.45,0.40196078431372556,D,1,1,0,2
2024-01-24,South Africa,Tunisia,True,African Cup of Nations,0.85,1623.7,1745.8,-122.09999999999991,0.3311775262458208,0.6688224737541792,-0.09999999999999998,-0.050000000000000044,-0.15151515151515166,-0.19999999999999996,0.40000000000000013,0.429327071291552,0.429327071291552,0.356009393062672,0.0,0.0,1,60,3,1429.0,40,71.74,72.79,72.69,69.92,1.0410469107551488,1.6288953311984171,35,3.58351893845611,0.016666666666666666,1.3862943611198906,44,6,1483.05,35,72.99,70.78,75.39,71.78,0.9860685427695737,2.42501546386822,80,4.394449154672439,0.022727272727272728,1.9459101490553132,-1.25,2.010000000000005,-2.700000000000003,-1.8599999999999994,-45,-0.0060606060606060615,-0.5596157879354227,1.0,1.4,0.5,0.5000000000000001,1.2,1.4,0.55,0.5463917525773196,0.8,1.8,0.4,0.34848484848484845,0.7,1.2,0.5,0.5,D,0,0,0,0
2024-01-28,Egypt,DR Congo,True,African Cup of Nations,0.85,1667.2,1591.5,75.70000000000005,0.6072492697450698,0.39275073025493024,0.2,0.2777777777777778,0.20269133725820015,0.7999999999999999,0.6000000000000001,0.4488330084379682,0.41431471907556,0.34400963202425183,1.2014248479435312,0.7985751520564686,2,29,3,1565.56,25,80.93,86.04,70.5,73.27,1.174286884127201,8.288922326414538,115,4.7535901911063645,0.034482758620689655,1.3862943611198906,46,1,1478.35,36,74.39,76.91,71.1,74.48,1.032626208378088,2.9179159229376954,65,4.189654742026425,0.021739130434782608,0.6931471805599453,6.540000000000006,9.13000000000001,-0.5999999999999943,-1.210000000000008,50,0.012743628185907047,0.6931471805599453,0.6,1.6,0.2,0.22413793103448282,0.6666666666666666,1.6666666666666667,0.2222222222222222,0.20430107526881724,1.4,2.2,0.4,0.426829268292683,1.0,1.3,0.5,0.5416666666666667,D,1,1,0,2
2024-01-29,Iraq,Jordan,True,AFC Asian Cup,0.85,1636.4,1506.7,129.70000000000005,0.6784402885938449,0.32155971140615514,0.3,0.0,0.446969696969697,0.0,-3.0,0.3788465890372518,0.48312904626075825,0.2645051049517858,0.5932957525333444,0.8043609285925262,5,57,1,1447.0,39,70.2,71.16,69.09,70.18,1.013964092333998,1.0354870029765348,15,2.772588722239781,0.017543859649122806,0.6931471805599453,63,0,1391.0,42,70.24,72.37,69.09,67.57,1.0710374426520648,2.453188401516149,20,3.044522437723423,0.015873015873015872,0.0,-0.03999999999999204,-1.210000000000008,0.0,2.6100000000000136,-5,0.001670843776106934,0.6931471805599453,0.8,3.6,0.2,0.13636363636363635,1.0,2.8,0.3,0.2530120481927711,0.8,0.6,0.5,0.5833333333333334,0.4,1.4,0.3,0.24742268041237114,A,2,3,-1,5
2024-01-29,Ivory Coast,Senegal,False,African Cup of Nations,0.85,1717.2,1761.0,-43.799999999999955,0.5801802078466841,0.4198197921533159,-0.19999999999999996,-0.09999999999999998,0.013193202146690619,-0.8,-0.40000000000000013,0.42907749005568485,0.42907749005568485,0.3563837649164726,1.0,1.0,1,34,3,1532.98,30,78.81,77.58,80.29,78.73,0.9853931157119268,1.3601593043953875,145,4.983606621708336,0.029411764705882353,1.3862943611198906,14,3,1686.41,13,79.32,80.15,76.69,79.3,1.0107187894073142,1.8030622100563654,260,5.564520407322694,0.07142857142857142,1.3862943611198906,-0.5099999999999909,-2.5700000000000074,3.6000000000000085,-0.5699999999999932,-115,-0.04201680672268907,0.0,1.8,1.8,0.6,0.5348837209302325,1.3,1.1,0.6,0.5692771084337348,1.0,1.4,0.4,0.5480769230769231,1.1,1.1,0.5,0.5670731707317073,D,1,1,0,2
2024-01-30,Saudi Arabia,South Korea,True,AFC Asian Cup,0.85,1641.4,1760.5,-119.09999999999991,0.33501376705433306,0.6649862329456669,-0.49999999999999994,-0.15000000000000002,-0.37213114754098364,-1.2000000000000002,0.5999999999999999,0.37067124152026487,0.47998744923616105,0.33467693000370663,0.47413155455074835,0.8967607091212889,3,61,6,1421.0,41,75.74,75.38,76.06,74.85,1.0070808283233132,0.6065476073648342,55,4.02535169073515,0.01639344262295082,1.9459101490553132,25,10,1589.65,23,80.06,83.51,76.56,79.68,1.048067269076305,3.481039116892159,210,5.351858133476067,0.04,2.3978952727983707,-4.320000000000007,-8.13000000000001,-0.5,-4.8300000000000125,-155,-0.02360655737704918,-0.45198512374305744,1.8,0.8,0.7,0.7000000000000001,1.4,1.5,0.5,0.4285714285714286,0.6,1.4,0.2,0.3278688524590164,0.5,0.9,0.35,0.4666666666666667,D,1,1,0,2
2024-01-30,Morocco,South Africa,True,African Cup of Nations,0.85,1806.1,1629.6,176.5,0.7341957744854092,0.2658042255145908,-0.09999999999999998,0.10000000000000003,-0.28181818181818186,0.0,-0.6000000000000001,0.444720005512721,0.555279994487279,0.17293824438798147,0.8555517071575824,1.5854671482902443,4,8,6,1756.21,8,80.56,78.97,78.23,82.18,0.9609394013141883,2.0997698286558326,310,5.739792912179234,0.125,1.9459101490553132,60,3,1429.0,40,71.74,72.79,72.69,69.92,1.0410469107551488,1.6288953311984171,35,3.58351893845611,0.016666666666666666,1.3862943611198906,8.820000000000007,6.179999999999993,5.540000000000006,12.260000000000005,275,0.10833333333333334,0.5596157879354227,1.0,1.8,0.5,0.5,0.7,1.3,0.45,0.437037037037037,1.0,1.2,0.4,0.21818181818181817,1.0,0.9,0.55,0.5290322580645163,A,0,2,-2,2
2024-02-02,Australia,South Korea,True,AFC Asian Cup,0.85,1670.9,1752.2,-81.29999999999995,0.3850896264029167,0.6149103735970833,-0.39999999999999997,-0.10000000000000003,-0.2827050997782705,-0.8,0.5999999999999999,0.40270983125809096,0.5693082034003136,0.22933688097064084,0.8302402638810389,1.686433516994692,3,27,6,1578.66,24,73.3,73.31,72.57,72.76,1.0075590984057174,0.3843175770115159,120,4.795790545596741,0.037037037037037035,1.9459101490553132,25,10,1589.65,23,80.06,83.51,76.56,79.68,1.048067269076305,3.481039116892159,210,5.351858133476067,0.04,2.3978952727983707,-6.760000000000005,-10.200000000000003,-3.990000000000009,-6.920000000000002,-90,-0.002962962962962966,-0.45198512374305744,1.8,0.8,0.7,0.6463414634146342,1.6,1.4,0.55,0.46850393700787396,1.0,1.4,0.3,0.36363636363636365,1.3,1.4,0.45,0.41904761904761906,A,1,2,-1,3
2024-02-03,Iran,Japan,True,AFC Asian Cup,0.85,1688.8,1866.1,-177.29999999999995,0.264906485589637,0.735093514410363,-0.5,-0.29999999999999993,-0.6032786885245901,-3.0,0.6000000000000001,0.5536702262429746,0.4463297737570254,0.20784325443546492,1.6365556155279375,1.3634443844720625,2,21,6,1616.04,19,75.74,78.83,74.88,72.88,1.0816410537870473,3.0277879714405382,75,4.330733340286331,0.047619047619047616,1.9459101490553132,18,7,1661.58,17,76.86,73.58,78.41,76.46,0.9623332461417735,2.4298765400735887,290,5.673323267171493,0.05555555555555555,2.0794415416798357,-1.1200000000000045,5.25,-3.530000000000001,-3.5799999999999983,-215,-0.007936507936507936,-0.13353139262452252,3.8,1.4,0.8,0.7999999999999999,2.6,1.3,0.7,0.7549019607843137,0.8,2.0,0.3,0.1967213114754098,0.8,1.5,0.4,0.3609022556390978,H,2,1,1,3
2024-02-03,Qatar,Uzbekistan,False,AFC Asian Cup,0.85,1476.8,1464.8,12.0,0.655820505912395,0.34417949408760495,0.09999999999999998,0.04999999999999999,0.01507092198581561,-0.4,-0.7999999999999998,0.4279754842285323,0.471944427637254,0.2508295505937413,1.2078266222666816,2.1258417735875916,4,55,1,1454.0,38,72.65,75.52,71.59,70.64,1.0690826727066818,2.587205699849418,18,2.9444389791664403,0.01818181818181818,0.6931471805599453,50,0,1465.34,37,72.62,72.67,74.08,70.68,1.02815506508206,1.7082251998297293,40,3.713572066704308,0.02,0.0,0.030000000000001137,2.8499999999999943,-2.489999999999995,-0.04000000000000625,-22,-0.0018181818181818195,0.6931471805599453,1.0,2.4,0.2,0.2765957446808511,0.9,2.0,0.2,0.2087912087912088,0.6,1.6,0.3,0.2916666666666667,0.6,1.8,0.25,0.16666666666666666,D,1,1,0,2
2024-02-03,Cape Verde,South Africa,True,African Cup of Nations,0.85,1559.3,1668.1,-108.79999999999995,0.3483492602467558,0.6516507397532443,-0.3,-0.1875,-0.05981416957026703,-0.4,1.0,0.428827173540074,0.428827173540074,0.356759239689889,0.0,0.0,1,69,0,1366.0,44,71.83,71.91,72.04,71.65,1.0036287508722959,0.19857828011475231,30,3.4339872044851463,0.014492753623188406,0.0,60,3,1429.0,40,71.74,72.79,72.69,69.92,1.0410469107551488,1.6288953311984171,35,3.58351893845611,0.016666666666666666,1.3862943611198906,0.09000000000000341,-0.8800000000000097,-0.6499999999999915,1.730000000000004,-5,-0.0021739130434782605,-1.3862943611198906,1.0,0.8,0.6,0.5476190476190476,0.7,1.1,0.5,0.5,0.6,1.8,0.3,0.48780487804878053,0.75,1.875,0.3125,0.3714285714285714,D,0,0,0,0
2024-02-06,Jordan,South Korea,True,AFC Asian Cup,0.85,1540.6,1771.5,-230.9000000000001,0.2092971460281055,0.7907028539718945,-0.5,-0.30000000000000004,-0.4094405594405594,-0.8,2.8,0.3769483183317005,0.39811671042711777,0.3663513244132289,1.164947057322279,1.2624221040434394,4,63,0,1391.0,42,70.24,72.37,69.09,67.57,1.0710374426520648,2.453188401516149,20,3.044522437723423,0.015873015873015872,0.0,25,10,1589.65,23,80.06,83.51,76.56,79.68,1.048067269076305,3.481039116892159,210,5.351858133476067,0.04,2.3978952727983707,-9.820000000000007,-11.14,-7.469999999999999,-12.110000000000014,-190,-0.02412698412698413,-2.3978952727983707,1.8,0.6,0.8,0.673076923076923,1.7,1.5,0.55,0.46774193548387094,1.0,3.4,0.3,0.2636363636363636,1.1,3.0,0.25,0.22527472527472525,H,2,0,2,2
2024-02-07,Qatar,Iran,False,AFC Asian Cup,0.85,1469.0,1725.5,-256.5,0.2888683723461594,0.7111316276538406,0.0,-0.15000000000000002,0.05777777777777782,-0.4,-0.6000000000000001,0.5524652937979568,0.44753470620204316,0.15105906612309342,1.5084632179552873,1.8682046831182346,4,55,1,1454.0,38,72.65,75.52,71.59,70.64,1.0690826727066818,2.587205699849418,18,2.9444389791664403,0.01818181818181818,0.6931471805599453,21,6,1616.04,19,75.74,78.83,74.88,72.88,1.0816410537870473,3.0277879714405382,75,4.330733340286331,0.047619047619047616,1.9459101490553132,-3.089999999999989,-3.3100000000000023,-3.289999999999992,-2.239999999999995,-57,-0.029437229437229435,-1.252762968495368,1.0,2.2,0.3,0.2533333333333333,0.9,1.6,0.4,0.3609022556390977,0.6,1.6,0.3,0.3111111111111111,0.7,1.8,0.25,0.16666666666666666,H,3,2,1,5
2024-02-07,Ivory Coast,DR Congo,False,African Cup of Nations,0.85,1714.4,1595.2,119.20000000000005,0.7793386721622805,0.22066132783771952,0.0,0.2,0.04206433368681517,-0.20000000000000007,-0.20000000000000018,0.5874717672802308,0.41252823271976924,0.20626411635988462,1.4293676922032956,0.21468384610164784,2,34,3,1532.98,30,78.81,77.58,80.29,78.73,0.9853931157119268,1.3601593043953875,145,4.983606621708336,0.029411764705882353,1.3862943611198906,46,1,1478.35,36,74.39,76.91,71.1,74.48,1.032626208378088,2.9179159229376954,65,4.189654742026425,0.021739130434782608,0.6931471805599453,4.420000000000002,0.6700000000000017,9.190000000000012,4.25,80,0.0076726342710997444,0.6931471805599453,0.8,1.6,0.3,0.3115942028985507,0.7,1.6,0.25,0.25000000000000006,0.6,1.4,0.3,0.3536585365853659,1.0,1.1,0.45,0.5304878048780488,H,1,0,1,1
2024-02-10,Qatar,Jordan,False,AFC Asian Cup,0.85,1504.6,1599.9,-95.30000000000018,0.5067634311501745,0.4932365688498255,-0.09999999999999998,-0.14999999999999997,-0.03609625668449201,-1.0,-1.2000000000000002,0.514891924781832,0.485108075218168,0.1831801247897039,2.013333069637005,1.3461830480121062,3,55,1,1454.0,38,72.65,75.52,71.59,70.64,1.0690826727066818,2.587205699849418,18,2.9444389791664403,0.01818181818181818,0.6931471805599453,63,0,1391.0,42,70.24,72.37,69.09,67.57,1.0710374426520648,2.453188401516149,20,3.044522437723423,0.015873015873015872,0.0,2.410000000000011,3.1499999999999915,2.5,3.0700000000000074,-2,0.002308802308802309,0.6931471805599453,1.6,2.6,0.5,0.47727272727272724,1.4,2.8,0.35,0.37878787878787884,0.6,1.4,0.4,0.4411764705882352,0.6,1.8,0.2,0.1717557251908397,H,3,1,2,4
2024-02-10,South Africa,DR Congo,True,African Cup of Nations,0.85,1662.8,1587.5,75.29999999999995,0.6066999733337209,0.39330002666627906,0.5,0.25000000000000006,0.5144300144300145,0.3999999999999999,-1.2000000000000002,0.492593193728335,0.380406052229664,0.31720378015683287,0.469033523812222,0.0,2,60,3,1429.0,40,71.74,72.79,72.69,69.92,1.0410469107551488,1.6288953311984171,35,3.58351893845611,0.016666666666666666,1.3862943611198906,46,1,1478.35,36,74.39,76.91,71.1,74.48,1.032626208378088,2.9179159229376954,65,4.189654742026425,0.021739130434782608,0.6931471805599453,-2.6500000000000057,-4.11999999999999,1.5900000000000034,-4.560000000000002,-30,-0.005072463768115942,0.6931471805599453,0.8,1.6,0.3,0.303030303030303,0.8,1.5,0.3,0.3272727272727273,1.2,0.4,0.8,0.8174603174603174,0.8,1.0,0.55,0.562962962962963,D,0,0,0,0
2024-03-21,Panama,Mexico,True,CONCACAF Nations League,0.55,1573.0,1724.7,-151.70000000000005,0.29457737349144264,0.7054226265085574,-0.39999999999999997,-0.3,-0.4428571428571427,-1.0,-0.3999999999999999,0.21517973992031494,0.7500928921379321,0.1423172379019105,0.2716128599086043,1.691619627055401,10,33,1,1540.64,29,71.68,71.04,71.68,72.16,0.984478935698448,0.5619015334854749,55,4.02535169073515,0.030303030303030304,0.6931471805599453,15,17,1684.13,14,77.71,79.23,77.3,75.4,1.0507957559681698,1.9150195821453098,230,5.442417710521793,0.06666666666666667,2.8903717578961645,-6.029999999999987,-8.189999999999998,-5.61999999999999,-3.240000000000009,-175,-0.03636363636363636,-2.197224577336219,2.0,1.4,0.7,0.7428571428571428,1.5,1.3,0.6,0.6,1.0,1.0,0.3,0.30000000000000004,0.8,1.5,0.3,0.398989898989899,A,0,3,-3,3
2024-03-21,Portugal,Sweden,False,Friendly,0.3,2006.9,1686.7,320.20000000000005,0.9182546364097246,0.0817453635902754,0.19999999999999996,0.19999999999999996,0.397152675503191,1.0,-1.0,0.6135657399223374,0.3864342600776626,0.1932171300388313,3.970510556129515,1.17396614079818,3,5,8,1763.83,5,83.74,82.45,86.12,82.24,1.0025535019455254,2.182025053323941,850,6.7464121285733745,0.2,2.1972245773362196,38,12,1514.77,31,79.87,84.25,74.43,75.32,1.1185608072225173,5.430920732251576,140,4.948759890378168,0.02631578947368421,2.5649493574615367,3.8699999999999903,-1.7999999999999972,11.689999999999998,6.920000000000002,710,0.1736842105263158,-0.3677247801253172,1.4,1.8,0.4,0.19047619047619047,1.3,1.6,0.4,0.2773722627737226,2.4,0.8,0.6,0.5876288659793815,2.1,0.8,0.6,0.6069364161849711,H,5,2,3,7
2024-03-22,Egypt,New Zealand,False,FIFA Series,0.45,1663.4,1413.1,250.30000000000018,0.882517465046471,0.117482534953529,0.4,0.2857142857142857,0.4,1.0,-0.40000000000000013,0.5736134966285708,0.4263865033714293,0.21319325168571465,1.0,0.0,1,29,3,1565.56,25,80.93,86.04,70.5,73.27,1.174286884127201,8.288922326414538,115,4.7535901911063645,0.034482758620689655,1.3862943611198906,85,2,1281.0,48,71.79,75.19,70.01,71.34,1.0539669189795347,2.690223039080585,9,2.302585092994046,0.011764705882352941,1.0986122886681098,9.14,10.850000000000009,0.4899999999999949,1.9299999999999926,106,0.022718052738336714,0.2876820724517808,0.6,2.2,0.1,0.09999999999999999,0.7142857142857143,1.8571428571428572,0.21428571428571427,0.2142857142857143,1.6,1.8,0.5,0.5,1.2,1.5,0.5,0.5416666666666666,H,1,0,1,1
2024-03-22,Netherlands,Scotland,False,Friendly,0.3,1915.0,1696.5,218.5,0.8621702323188952,0.13782976768110478,0.09999999999999998,0.25,0.009768009768009844,0.6000000000000001,0.20000000000000018,0.539368143622492,0.40093076285834095,0.26016647494833745,3.397380102626606,0.6026198973733938,2,7,10,1757.87,7,83.2,80.93,83.63,84.01,0.963337697893108,1.6793252613276926,720,6.580639137284949,0.14285714285714285,2.3978952727983707,43,7,1499.92,34,77.5,73.76,79.29,77.16,0.9559357179885952,2.7891994072373767,135,4.912654885736052,0.023255813953488372,2.0794415416798357,5.700000000000003,7.170000000000002,4.339999999999989,6.8500000000000085,585,0.11960132890365448,0.3184537311185349,1.2,2.0,0.4,0.5396825396825397,1.1,1.7,0.4,0.5077519379844961,1.8,2.2,0.5,0.5494505494505495,1.8,1.4,0.65,0.6727272727272727,H,4,0,4,4
2024-03-22,Norway,Czech Republic,False,Friendly,0.3,1723.8,1720.3,3.5,0.6446934267027858,0.35530657329721416,0.30000000000000004,0.15000000000000002,0.18169014084507046,1.4,-0.7999999999999998,0.4263865033714293,0.5736134966285708,0.21319325168571465,1.0,2.0,1,31,3,1550.94,28,82.05,84.71,81.34,77.67,1.0906398867001414,3.521065179743194,320,5.771441123130016,0.03225806451612903,1.3862943611198906,41,9,1503.04,33,,,,,,,95,4.564348191467836,0.024390243902439025,2.302585092994046,,,,,225,0.007867820613690006,-0.9162907318741553,0.6,2.4,0.1,0.09999999999999999,0.7,1.8,0.25,0.24050632911392403,2.0,1.6,0.4,0.28169014084507044,1.4,1.6,0.4,0.3272727272727272,A,1,2,-1,3
2024-03-22,Spain,Colombia,True,Friendly,0.3,1933.8,1918.3,15.5,0.5222915062494391,0.4777084937505609,-0.20000000000000007,-0.25,-0.16744186046511622,-0.3999999999999999,-0.19999999999999996,0.4263865033714293,0.5736134966285708,0.21319325168571465,0.0,1.0,1,2,16,1876.4,2,84.31,84.06,85.96,81.55,1.030778663396689,2.2120201927951126,920,6.825460036255307,0.5,2.833213344056216,13,6,1693.09,12,79.68,82.37,79.35,78.43,1.0502358791278847,2.0611647192788847,380,5.942799375126701,0.07692307692307693,1.9459101490553132,4.6299999999999955,1.6899999999999977,6.609999999999999,3.1199999999999903,540,0.4230769230769231,0.8873031950009029,1.4,0.6,0.8,0.7674418604651163,1.4,0.6,0.8,0.7758620689655172,1.0,0.4,0.6,0.6000000000000001,1.2,0.8,0.55,0.5094339622641509,A,0,1,-1,1
2024-03-23,England,Brazil,False,Friendly,0.3,1951.5,1959.1,-7.599999999999909,0.6299254847954913,0.37007451520450874,0.6,0.19999999999999996,0.5122739018087854,1.6,-1.2000000000000002,0.42633492735997036,0.5736650726400296,0.21316746367998518,0.0,1.0,1,4,16,1825.97,4,84.06,85.32,85.54,81.18,1.0509977827050996,2.456203031781639,1300,7.170888478512505,0.25,2.833213344056216,6,22,1761.16,6,85.24,85.72,84.39,84.78,1.0110875206416607,0.6836909633257792,1000,6.90875477931522,0.16666666666666666,3.1354942159291497,-1.1799999999999926,-0.4000000000000057,1.1500000000000057,-3.5999999999999943,300,0.08333333333333334,-0.3022808718729335,1.0,2.2,0.1,0.1388888888888889,1.9,1.3,0.55,0.5230769230769231,2.6,1.0,0.7,0.6511627906976744,2.4,1.0,0.75,0.6923076923076924,A,0,1,-1,1
2024-03-23,France,Germany,False,Friendly,0.3,2090.1,1796.7,293.39999999999986,0.9059018379448637,0.09409816205513633,0.19999999999999996,0.30000000000000004,0.30000000000000004,0.3999999999999999,-1.0000000000000002,0.5013202101367101,0.4795350197742455,0.1653009894903818,1.1079821578361368,0.9490923831918627,6,1,16,1877.32,1,84.99,86.44,82.82,84.39,1.024291977722479,1.815296119094625,1280,7.155396301896734,1.0,2.833213344056216,10,20,1731.3,10,83.78,84.42,84.51,82.18,1.0272572402044293,1.3200126262022376,850,6.7464121285733745,0.1,3.044522437723423,1.2099999999999937,2.019999999999996,-1.690000000000012,2.2099999999999937,430,0.9,-0.21130909366720685,2.0,2.2,0.5,0.5,1.7,2.2,0.35,0.3333333333333333,2.4,1.2,0.7,0.8,2.0,1.0,0.65,0.7023809523809523,A,0,2,-2,2
2024-03-23,Tunisia,Croatia,True,FIFA Series,0.45,1739.9,1933.6,-193.69999999999982,0.24693492005142495,0.7530650799485751,0.0,-0.09999999999999998,0.11310160427807481,-0.20000000000000018,0.0,0.4457796448518139,0.4118840524247585,0.34827832893580674,0.38467035037116554,0.19233517518558277,2,44,6,1483.05,35,72.99,70.78,75.39,71.78,0.9860685427695737,2.42501546386822,80,4.394449154672439,0.022727272727272728,1.9459101490553132,11,6,1717.07,11,80.81,78.83,81.31,81.29,0.9697379751506949,1.4260902262246042,340,5.831882477283517,0.09090909090909091,1.9459101490553132,-7.820000000000007,-8.049999999999997,-5.920000000000002,-9.510000000000005,-260,-0.06818181818181818,0.0,1.6,1.2,0.7,0.6823529411764706,1.4,0.9,0.65,0.6378378378378379,1.4,1.2,0.7,0.7954545454545454,1.3,1.4,0.55,0.5319148936170214,D,0,0,0,0
2024-03-24,United States,Mexico,False,CONCACAF Nations League,0.55,1785.5,1750.4,35.09999999999991,0.6851837931372216,0.31481620686277845,0.09999999999999998,0.04999999999999993,0.12222222222222223,-0.40000000000000013,-0.8,0.46032287936138394,0.4405605693471523,0.2089240279939869,1.2646380603690555,1.0420859802399014,10,16,11,1675.7,15,,,,,,,250,5.5254529391317835,0.0625,2.4849066497880004,15,17,1684.13,14,77.71,79.23,77.3,75.4,1.0507957559681698,1.9150195821453098,230,5.442417710521793,0.06666666666666667,2.8903717578961645,,,,,20,-0.004166666666666666,-0.40546510810816416,2.2,2.0,0.5,0.5,1.6,1.5,0.55,0.5647058823529412,1.8,1.2,0.6,0.6222222222222222,1.5,1.0,0.6,0.6018518518518519,H,2,0,2,2
2024-03-26,Algeria,South Africa,False,FIFA Series,0.45,1780.4,1659.1,121.30000000000018,0.7814105212485651,0.21858947875143486,0.0,0.1499999999999999,0.01746031746031751,1.0,0.8,0.4261800199608393,0.4261800199608393,0.3607299700587411,3.0,3.0,1,28,4,1564.26,26,77.52,79.27,75.35,77.16,1.02734577501296,1.9619123323940861,160,5.081404364984463,0.03571428571428571,1.6094379124341003,60,3,1429.0,40,71.74,72.79,72.69,69.92,1.0410469107551488,1.6288953311984171,35,3.58351893845611,0.016666666666666666,1.3862943611198906,5.780000000000001,6.47999999999999,2.6599999999999966,7.239999999999995,125,0.019047619047619046,0.2231435513142097,0.8,0.2,0.7,0.6825396825396826,0.8,1.0,0.55,0.5594405594405595,1.8,1.0,0.7,0.7000000000000001,1.9,1.1,0.7,0.61875,D,3,3,0,6
2024-03-26,Egypt,Croatia,False,FIFA Series,0.45,1667.5,1924.7,-257.20000000000005,0.2880413184427571,0.711958681557243,-0.29999999999999993,-0.14999999999999997,-0.2549361207897794,-0.20000000000000018,1.0,0.4261800199608393,0.5738199800391607,0.21309000998041966,2.0,4.0,1,29,3,1565.56,25,80.93,86.04,70.5,73.27,1.174286884127201,8.288922326414538,115,4.7535901911063645,0.034482758620689655,1.3862943611198906,11,6,1717.07,11,80.81,78.83,81.31,81.29,0.9697379751506949,1.4260902262246042,340,5.831882477283517,0.09090909090909091,1.9459101490553132,0.12000000000000455,7.210000000000008,-10.810000000000002,-8.02000000000001,-225,-0.05642633228840126,-0.5596157879354227,1.6,0.8,0.7,0.7073170731707318,1.4,1.0,0.6,0.5934065934065934,1.4,1.8,0.4,0.4523809523809524,1.1,1.5,0.45,0.47727272727272724,A,2,4,-2,6
2024-03-26,New Zealand,Tunisia,True,FIFA Series,0.45,1408.9,1748.7,-339.79999999999995,0.12389559456453897,0.876104405435461,-0.5,-0.4125,-0.4822616407982262,-0.7999999999999999,0.8,0.4261800199608393,0.4261800199608393,0.3607299700587411,0.0,0.0,1,85,2,1281.0,48,71.79,75.19,70.01,71.34,1.0539669189795347,2.690223039080585,9,2.302585092994046,0.011764705882352941,1.0986122886681098,44,6,1483.05,35,72.99,70.78,75.39,71.78,0.9860685427695737,2.42501546386822,80,4.394449154672439,0.022727272727272728,1.9459101490553132,-1.1999999999999886,4.409999999999997,-5.3799999999999955,-0.4399999999999977,-71,-0.010962566844919787,-0.8472978603872034,1.2,1.2,0.6,0.5731707317073171,1.3,1.2,0.6,0.5735294117647058,0.4,2.0,0.1,0.09090909090909091,0.625,1.875,0.1875,0.1764705882352941,D,0,0,0,0
2024-03-26,Austria,Turkey,False,Friendly,0.3,1793.8,1831.6,-37.799999999999955,0.5885687921650237,0.41143120783497633,-0.09999999999999998,0.0,-0.039399624765478425,0.40000000000000013,0.0,0.49466587312018173,0.5053341268798182,0.18369586195475257,3.3994382734419593,1.520112345311608,2,24,7,1593.45,22,78.91,78.39,79.48,78.32,1.0008937691521962,0.6504613747179809,195,5.278114659230517,0.041666666666666664,2.0794415416798357,22,2,1599.04,20,80.6,73.08,82.57,79.88,0.9148723084626941,4.891083724492965,460,6.133398042996649,0.045454545454545456,1.0986122886681098,-1.6899999999999977,5.310000000000002,-3.089999999999989,-1.5600000000000023,-265,-0.0037878787878787915,0.980829253011726,1.4,1.6,0.6,0.5576923076923077,1.4,2.1,0.45,0.39597315436241615,1.8,1.6,0.5,0.5182926829268293,1.5,1.4,0.45,0.44333333333333336,H,6,1,5,7
2024-03-26,England,Belgium,False,Friendly,0.3,1938.9,1906.0,32.90000000000009,0.6824456482108165,0.31755435178918345,-0.10000000000000009,0.25,-0.17640692640692646,-0.3999999999999999,-0.4,0.41278377708726705,0.45986464946363814,0.3111591824656085,1.3031719351728415,1.7435506493019146,5,4,16,1825.97,4,84.06,85.32,85.54,81.18,1.0509977827050996,2.456203031781639,1300,7.170888478512505,0.25,2.833213344056216,9,13,1734.71,9,82.71,82.46,84.06,79.53,1.0368414434804476,2.2973100211624318,600,6.398594934535208,0.1111111111111111,2.6390573296152584,1.3500000000000085,2.8599999999999994,1.480000000000004,1.6500000000000057,700,0.1388888888888889,0.19415601444095776,2.0,1.0,0.8,0.7597402597402598,1.3,1.4,0.5,0.5198675496688743,1.6,0.6,0.7,0.5833333333333334,2.3,1.0,0.75,0.6666666666666666,D,2,2,0,4
2024-03-26,Germany,Netherlands,False,Friendly,0.3,1823.8,1920.1,-96.29999999999995,0.5053245267425887,0.49467547325741135,0.2,-0.3,0.15909090909090906,0.19999999999999996,-0.8,0.5025773991226101,0.3170165619360443,0.31753520923208384,1.600675813937839,1.3253920500136205,8,10,20,1731.3,10,83.78,84.42,84.51,82.18,1.0272572402044293,1.3200126262022376,850,6.7464121285733745,0.1,3.044522437723423,7,10,1757.87,7,83.2,80.93,83.63,84.01,0.963337697893108,1.6793252613276926,720,6.580639137284949,0.14285714285714285,2.3978952727983707,0.5799999999999983,3.489999999999995,0.8800000000000097,-1.8299999999999983,130,-0.042857142857142844,0.6466271649250523,1.6,2.6,0.3,0.34090909090909094,1.8,1.5,0.6,0.6136363636363636,1.8,1.8,0.5,0.5,1.4,2.1,0.3,0.2840909090909091,H,2,1,1,3
2024-03-26,Ivory Coast,Uruguay,True,Friendly,0.3,1722.1,1937.2,-215.10000000000014,0.22474682033454696,0.775253179665453,-0.3,-0.15000000000000002,-0.18800813008130074,-0.8,0.40000000000000013,0.5738199800391607,0.4261800199608393,0.21309000998041966,2.0,1.0,1,34,3,1532.98,30,78.81,77.58,80.29,78.73,0.9853931157119268,1.3601593043953875,145,4.983606621708336,0.029411764705882353,1.3862943611198906,17,14,1673.07,16,82.26,82.38,83.75,80.54,1.0228457909113482,1.6107244746800498,270,5.602118820879701,0.058823529411764705,2.70805020110221,-3.450000000000003,-4.799999999999997,-3.4599999999999937,-1.8100000000000023,-125,-0.029411764705882353,-1.3217558399823195,1.6,1.2,0.6,0.5416666666666666,1.2,0.9,0.55,0.5208333333333334,0.8,1.6,0.3,0.3536585365853659,0.8,1.1,0.4,0.4946236559139785,H,2,1,1,3
2024-03-26,Spain,Brazil,False,Friendly,0.3,1923.3,1971.7,-48.40000000000009,0.573717165955331,0.42628283404466905,0.7,0.2,0.7073170731707318,0.3999999999999999,-1.8000000000000003,0.4261800199608393,0.4261800199608393,0.3607299700587411,3.0,3.0,1,2,16,1876.4,2,84.31,84.06,85.96,81.55,1.030778663396689,2.2120201927951126,920,6.825460036255307,0.5,2.833213344056216,6,22,1761.16,6,85.24,85.72,84.39,84.78,1.0110875206416607,0.6836909633257792,1000,6.90875477931522,0.16666666666666666,3.1354942159291497,-0.9299999999999926,-1.6599999999999966,1.5699999999999932,-3.230000000000004,-80,0.33333333333333337,-0.3022808718729335,0.8,2.2,0.0,0.0,1.8,1.4,0.45,0.4305555555555556,1.2,0.4,0.7,0.7073170731707318,1.2,0.6,0.65,0.6049382716049382,D,3,3,0,6
2024-06-03,England,Bosnia and Herzegovina,False,Friendly,0.3,1935.2,1680.7,254.5,0.8850010708743791,0.11499892912562093,0.5,0.45,0.42185400806090473,1.2000000000000002,-1.0,0.5774576135067043,0.4225423864932957,0.21127119324664784,3.0,0.0,1,4,16,1825.97,4,84.06,85.32,85.54,81.18,1.0509977827050996,2.456203031781639,1300,7.170888478512505,0.25,2.833213344056216,65,1,1385.0,43,,,,,,,70,4.2626798770413155,0.015384615384615385,0.6931471805599453,,,,,1230,0.23461538461538461,2.1400661634962708,0.4,1.8,0.1,0.12987012987012986,0.2,1.2,0.2,0.21951219512195125,1.6,0.8,0.6,0.5517241379310346,2.1,1.0,0.65,0.6212121212121212,H,3,0,3,3
2024-06-05,Mexico,Uruguay,True,Friendly,0.3,1726.8,1921.7,-194.9000000000001,0.24565261395730567,0.7543473860426944,-0.09999999999999998,0.0,0.005980066445182786,0.5999999999999999,0.6000000000000001,0.3124665016859184,0.5104885184241459,0.3332782307328949,0.05460773749936425,1.944437796440849,4,15,17,1684.13,14,77.71,79.23,77.3,75.4,1.0507957559681698,1.9150195821453098,230,5.442417710521793,0.06666666666666667,2.8903717578961645,17,14,1673.07,16,82.26,82.38,83.75,80.54,1.0228457909113482,1.6107244746800498,270,5.602118820879701,0.058823529411764705,2.70805020110221,-4.550000000000011,-3.1499999999999915,-6.450000000000003,-5.140000000000001,-40,0.00784313725490196,0.18232155679395445,1.8,1.0,0.7,0.6511627906976744,1.4,0.8,0.65,0.6012658227848101,2.4,1.6,0.6,0.6571428571428571,1.9,1.2,0.65,0.6941176470588236,A,0,4,-4,4
2024-06-06,Netherlands,Canada,False,Friendly,0.3,1910.2,1701.3,208.9000000000001,0.8554709163041184,0.14452908369588158,-0.2,0.14999999999999997,-0.21347128378378374,0.40000000000000013,1.2,0.5776190441198252,0.42238095588017477,0.21119047794008738,4.0,0.0,1,7,10,1757.87,7,83.2,80.93,83.63,84.01,0.963337697893108,1.6793252613276926,720,6.580639137284949,0.14285714285714285,2.3978952727983707,30,2,1556.48,27,78.82,80.96,76.66,78.52,1.031074885379521,2.1565095254446076,200,5.303304908059076,0.03333333333333333,1.0986122886681098,4.38000000000001,-0.029999999999986926,6.969999999999999,5.490000000000009,520,0.10952380952380952,1.2992829841302609,1.4,1.2,0.5,0.4296875,1.2,1.4,0.45,0.3237704918032787,1.8,2.4,0.3,0.21621621621621626,1.8,1.4,0.6,0.5952380952380952,H,4,0,4,4
2024-06-06,Senegal,DR Congo,False,FIFA World Cup qualification,1.0,1763.8,1591.2,172.5999999999999,0.8276712066594905,0.17232879334050955,0.3,0.25,0.3214285714285715,1.2000000000000002,0.6000000000000001,0.44015446742985936,0.2865092085488432,0.41659092829571903,1.7196809653317886,1.359840482665894,3,14,3,1686.41,13,79.32,80.15,76.69,79.3,1.0107187894073142,1.8030622100563654,260,5.564520407322694,0.07142857142857142,1.3862943611198906,46,1,1478.35,36,74.39,76.91,71.1,74.48,1.032626208378088,2.9179159229376954,65,4.189654742026425,0.021739130434782608,0.6931471805599453,4.929999999999993,3.240000000000009,5.590000000000003,4.819999999999993,195,0.049689440993788817,0.6931471805599453,0.6,1.0,0.3,0.31746031746031744,0.7,1.5,0.25,0.2727272727272728,1.8,1.6,0.6,0.638888888888889,1.1,1.2,0.5,0.5,D,1,1,0,2
2024-06-08,Portugal,Croatia,False,Friendly,0.3,2009.8,1939.8,70.0,0.7268300722767314,0.27316992772326865,0.0,0.04999999999999993,-0.024123464189391597,1.8,0.20000000000000007,0.46961271652440323,0.39128636136944894,0.28210080752260014,1.6730627923106929,1.3306338753532294,6,5,8,1763.83,5,83.74,82.45,86.12,82.24,1.0025535019455254,2.182025053323941,850,6.7464121285733745,0.2,2.1972245773362196,11,6,1717.07,11,80.81,78.83,81.31,81.29,0.9697379751506949,1.4260902262246042,340,5.831882477283517,0.09090909090909091,1.9459101490553132,2.9299999999999926,3.6200000000000045,4.810000000000002,0.9499999999999886,510,0.1090909090909091,0.25131442828090633,1.2,0.6,0.6,0.5985915492957746,1.0,0.9,0.55,0.5409356725146199,3.0,0.8,0.6,0.574468085106383,2.4,0.8,0.6,0.6136363636363636,A,1,2,-1,3
2024-06-08,United States,Colombia,False,Friendly,0.3,1809.1,1928.7,-119.60000000000014,0.4718232168069569,0.5281767831930431,-0.20000000000000007,-0.20000000000000007,-0.19244186046511624,0.6000000000000001,0.19999999999999996,0.3730940367637705,0.5355912432702925,0.27786173834782224,0.7393086594943379,3.102052353716076,3,16,11,1675.7,15,,,,,,,250,5.5254529391317835,0.0625,2.4849066497880004,13,6,1693.09,12,79.68,82.37,79.35,78.43,1.0502358791278847,2.0611647192788847,380,5.942799375126701,0.07692307692307693,1.9459101490553132,,,,,-130,-0.014423076923076927,0.5389965007326871,1.6,1.0,0.8,0.7674418604651163,1.5,0.8,0.8,0.7758620689655171,2.2,1.2,0.6,0.5750000000000001,1.8,1.0,0.6,0.5425531914893617,A,1,5,-4,6
2024-06-08,Mexico,Brazil,True,Friendly,0.3,1717.6,1973.2,-255.60000000000014,0.1867372226721456,0.8132627773278545,0.3,0.10000000000000003,0.41666666666666663,1.0,-0.40000000000000013,0.4114932463118164,0.5885067536881836,0.2057466231559082,1.7115661042487633,2.855783052124382,2,15,17,1684.13,14,77.71,79.23,77.3,75.4,1.0507957559681698,1.9150195821453098,230,5.442417710521793,0.06666666666666667,2.8903717578961645,6,22,1761.16,6,85.24,85.72,84.39,84.78,1.0110875206416607,0.6836909633257792,1000,6.90875477931522,0.16666666666666666,3.1354942159291497,-7.530000000000001,-6.489999999999995,-7.090000000000003,-9.379999999999995,-770,-0.09999999999999999,-0.24512245803298516,0.8,1.8,0.2,0.08333333333333334,1.6,1.4,0.45,0.43055555555555547,1.8,1.4,0.5,0.5,1.8,1.4,0.55,0.5647058823529413,A,2,3,-1,5
2024-06-08,Switzerland,Austria,False,Friendly,0.3,1831.3,1810.2,21.09999999999991,0.6675461863769211,0.3324538136230789,-0.09999999999999998,-0.20000000000000007,-0.037758346581875935,-1.0,0.0,0.4222731829794147,0.4222731829794147,0.36659022553087794,1.0,1.0,1,19,12,1650.75,18,79.03,79.12,77.93,79.65,0.9933458882611425,0.8808518604169482,280,5.638354669333745,0.05263157894736842,2.5649493574615367,24,7,1593.45,22,78.91,78.39,79.48,78.32,1.0008937691521962,0.6504613747179809,195,5.278114659230517,0.041666666666666664,2.0794415416798357,0.12000000000000455,0.730000000000004,-1.5499999999999972,1.3300000000000125,85,0.010964912280701754,0.485507815781701,2.0,1.0,0.7,0.6554054054054054,1.7,1.3,0.55,0.5330882352941176,1.0,1.0,0.6,0.6176470588235294,0.8,1.5,0.35,0.3796992481203007,D,1,1,0,2
2024-06-09,Argentina,Ecuador,True,Friendly,0.3,2017.3,1784.5,232.79999999999995,0.792507129868571,0.20749287013142903,0.4,0.30000000000000004,0.3611111111111111,1.0000000000000002,-1.2000000000000002,0.49100944282620096,0.3718481423672996,0.2581657428123545,1.1054746234136885,0.5601759349441328,8,3,18,1874.81,3,84.24,84.97,83.57,83.76,1.0144460362941738,0.7594076639065482,570,6.3473892096560105,0.3333333333333333,2.9444389791664403,23,4,1596.48,21,79.42,73.4,81.21,78.83,0.9311175948243056,4.003028020553102,220,5.3981627015177525,0.043478260869565216,1.6094379124341003,4.819999999999993,11.569999999999993,2.3599999999999994,4.930000000000007,350,0.28985507246376807,1.33500106673234,1.2,1.6,0.4,0.3611111111111111,0.9,0.9,0.5,0.5,2.2,0.4,0.8,0.7222222222222222,2.3,0.8,0.8,0.7468354430379747,H,1,0,1,1
2024-06-09,France,Canada,False,Friendly,0.3,2062.9,1695.9,367.0,0.936330811469416,0.06366918853058401,0.19999999999999996,0.4,0.20757575757575752,1.4,-0.20000000000000018,0.4222192507582142,0.4222192507582142,0.3666711238626787,0.0,0.0,1,1,16,1877.32,1,84.99,86.44,82.82,84.39,1.024291977722479,1.815296119094625,1280,7.155396301896734,1.0,2.833213344056216,30,2,1556.48,27,78.82,80.96,76.66,78.52,1.031074885379521,2.1565095254446076,200,5.303304908059076,0.03333333333333333,1.0986122886681098,6.170000000000002,5.480000000000004,6.159999999999997,5.8700000000000045,1080,0.9666666666666667,1.7346010553881064,1.4,1.6,0.5,0.55,1.1,1.8,0.35,0.2745901639344263,2.8,1.4,0.7,0.7575757575757576,2.4,1.0,0.75,0.7750000000000001,D,0,0,0,0
2024-06-11,Iran,Uzbekistan,False,FIFA World Cup qualification,1.0,1690.0,1472.6,217.4000000000001,0.8614160435022462,0.1385839564977538,0.2,0.15000000000000002,0.04791499599037685,0.19999999999999996,0.0,0.32778741952653156,0.2151655324313998,0.5646298142577685,0.8328399648429395,0.6351428812412022,9,21,6,1616.04,19,75.74,78.83,74.88,72.88,1.0816410537870473,3.0277879714405382,75,4.330733340286331,0.047619047619047616,1.9459101490553132,50,0,1465.34,37,72.62,72.67,74.08,70.68,1.02815506508206,1.7082251998297293,40,3.713572066704308,0.02,0.0,3.1199999999999903,6.159999999999997,0.7999999999999972,2.1999999999999886,35,0.027619047619047616,1.9459101490553132,1.2,2.0,0.3,0.3706896551724138,0.9,1.9,0.25,0.26960784313725494,1.4,2.0,0.5,0.41860465116279066,1.0,1.7,0.4,0.34615384615384615,D,0,0,0,0
2024-06-11,Saudi Arabia,Jordan,False,FIFA World Cup qualification,1.0,1649.7,1562.9,86.79999999999995,0.7456048949667369,0.2543951050332631,-0.29999999999999993,-0.10000000000000003,-0.23650793650793644,-1.0,-1.0000000000000002,0.44206302587842533,0.5408826697697454,0.13947304319118634,0.9834145406979246,0.8735376414782954,7,61,6,1421.0,41,75.74,75.38,76.06,74.85,1.0070808283233132,0.6065476073648342,55,4.02535169073515,0.01639344262295082,1.9459101490553132,63,0,1391.0,42,70.24,72.37,69.09,67.57,1.0710374426520648,2.453188401516149,20,3.044522437723423,0.015873015873015872,0.0,5.5,3.009999999999991,6.969999999999999,7.280000000000001,35,0.0005204267499349484,1.9459101490553132,2.0,2.2,0.7,0.7698412698412698,1.5,2.5,0.45,0.5093457943925234,1.0,1.2,0.4,0.5333333333333333,0.6,0.9,0.35,0.4666666666666667,A,1,2,-1,3
2024-06-12,United States,Brazil,False,Friendly,0.3,1791.4,1976.9,-185.5,0.37938072364567493,0.620619276354325,0.39999999999999997,0.29999999999999993,0.5875,1.2000000000000002,-0.8,0.4106953759953973,0.43761564418234783,0.35703666781995347,0.8492784193035566,1.1507215806964435,2,16,11,1675.7,15,,,,,,,250,5.5254529391317835,0.0625,2.4849066497880004,6,22,1761.16,6,85.24,85.72,84.39,84.78,1.0110875206416607,0.6836909633257792,1000,6.90875477931522,0.16666666666666666,3.1354942159291497,,,,,-750,-0.10416666666666666,-0.6505875661411493,1.0,1.6,0.3,0.125,1.4,1.6,0.4,0.4097222222222222,2.2,0.8,0.7,0.7125,1.9,0.7,0.7,0.7294117647058823,D,1,1,0,2
2024-06-14,Germany,Scotland,False,UEFA Euro,0.85,1833.7,1691.3,142.4000000000001,0.8014476030232801,0.1985523969767199,0.2,0.0,0.09523809523809523,0.40000000000000013,-1.0,0.5780508683642462,0.4219491316357537,0.21097456581787685,5.0,1.0,1,10,20,1731.3,10,83.78,84.42,84.51,82.18,1.0272572402044293,1.3200126262022376,850,6.7464121285733745,0.1,3.044522437723423,43,7,1499.92,34,77.5,73.76,79.29,77.16,0.9559357179885952,2.7891994072373767,135,4.912654885736052,0.023255813953488372,2.0794415416798357,6.280000000000001,10.659999999999997,5.219999999999999,5.02000000000001,715,0.07674418604651163,0.9650808960435873,1.4,2.6,0.3,0.40476190476190477,1.4,2.0,0.4,0.5077519379844961,1.8,1.6,0.5,0.5,1.5,1.9,0.4,0.418918918918919,H,5,1,4,6
2024-06-15,Spain,Croatia,True,UEFA Euro,0.85,1921.8,1954.4,-32.600000000000136,0.4532220280540711,0.5467779719459289,-0.09999999999999998,-0.04999999999999993,0.029845741113346813,-1.0,-0.4,0.5416003773846314,0.36468481324691954,0.2642286474142548,2.579281162614069,0.7127126674408887,5,2,16,1876.4,2,84.31,84.06,85.96,81.55,1.030778663396689,2.2120201927951126,920,6.825460036255307,0.5,2.833213344056216,11,6,1717.07,11,80.81,78.83,81.31,81.29,0.9697379751506949,1.4260902262246042,340,5.831882477283517,0.09090909090909091,1.9459101490553132,3.5,5.230000000000004,4.6499999999999915,0.2599999999999909,580,0.40909090909090906,0.8873031950009029,1.6,1.0,0.6,0.5476190476190476,1.4,1.1,0.6,0.571875,0.6,0.6,0.5,0.5774647887323944,1.1,0.7,0.55,0.5454545454545454,H,3,0,3,3
2024-06-16,Panama,Paraguay,False,Friendly,0.3,1547.2,1688.2,-141.0,0.44126863067523897,0.5587313693247611,0.09999999999999998,-0.04999999999999999,0.2272727272727273,0.7999999999999999,-0.19999999999999996,0.4218408701024601,0.5781591298975399,0.21092043505123004,0.0,1.0,1,33,1,1540.64,29,71.68,71.04,71.68,72.16,0.984478935698448,0.5619015334854749,55,4.02535169073515,0.030303030303030304,0.6931471805599453,40,8,1503.5,32,74.7,74.93,75.23,74.05,1.011883862255233,0.6132971003790402,100,4.61512051684126,0.025,2.1972245773362196,-3.019999999999996,-3.8900000000000006,-3.549999999999997,-1.8900000000000006,-45,0.0053030303030303025,-1.5040773967762742,0.6,1.0,0.4,0.2727272727272727,0.7,1.5,0.35,0.3230769230769231,1.4,0.8,0.5,0.5,0.9,1.6,0.3,0.3388888888888889,A,0,1,-1,1
2024-06-17,Austria,France,True,UEFA Euro,0.85,1813.6,2054.2,-240.5999999999999,0.2002063882376523,0.7997936117623476,0.20000000000000007,-0.050000000000000044,-0.039072039072039155,0.7999999999999998,-0.19999999999999996,0.357976749641953,0.5696095778633263,0.25140204731569704,0.2549359781309133,1.277670009388769,3,24,7,1593.45,22,78.91,78.39,79.48,78.32,1.0008937691521962,0.6504613747179809,195,5.278114659230517,0.041666666666666664,2.0794415416798357,1,16,1877.32,1,84.99,86.44,82.82,84.39,1.024291977722479,1.815296119094625,1280,7.155396301896734,1.0,2.833213344056216,-6.079999999999998,-8.049999999999997,-3.339999999999989,-6.070000000000007,-1085,-0.9583333333333334,-0.7537718023763804,2.2,1.2,0.6,0.7692307692307694,2.2,1.2,0.65,0.7236842105263158,3.0,1.0,0.8,0.7301587301587302,2.1,1.2,0.6,0.5551470588235294,A,0,1,-1,1
2024-06-18,Portugal,Czech Republic,True,UEFA Euro,0.85,1995.3,1733.2,262.0999999999999,0.818878683581269,0.18112131641873097,0.8,0.44999999999999996,0.75,3.4,-1.5999999999999999,0.6420874259938208,0.35791257400617926,0.17895628700308963,2.5559021162030278,0.46748296645465753,3,5,8,1763.83,5,83.74,82.45,86.12,82.24,1.0025535019455254,2.182025053323941,850,6.7464121285733745,0.2,2.1972245773362196,41,9,1503.04,33,,,,,,,95,4.564348191467836,0.024390243902439025,2.302585092994046,,,,,755,0.175609756097561,-0.10536051565782634,0.4,2.4,0.0,0.0,0.8,1.9,0.25,0.2585034013605442,3.8,0.8,0.8,0.75,2.9,0.9,0.7,0.6785714285714286,H,2,1,1,3
2024-06-19,Scotland,Switzerland,True,UEFA Euro,0.85,1672.7,1827.9,-155.20000000000005,0.29040806390523793,0.709591936094762,-0.30000000000000004,0.10000000000000003,-0.21491683991683985,0.0,1.0,0.42167824844966756,0.42167824844966756,0.36748262732549863,1.0,1.0,1,43,7,1499.92,34,77.5,73.76,79.29,77.16,0.9559357179885952,2.7891994072373767,135,4.912654885736052,0.023255813953488372,2.0794415416798357,19,12,1650.75,18,79.03,79.12,77.93,79.65,0.9933458882611425,0.8808518604169482,280,5.638354669333745,0.05263157894736842,2.5649493574615367,-1.5300000000000011,-5.359999999999999,1.3599999999999994,-2.490000000000009,-145,-0.029375764993880046,-0.485507815781701,1.0,2.2,0.4,0.37837837837837834,0.8,2.0,0.3,0.30882352941176466,1.0,3.2,0.1,0.1634615384615385,1.3,2.1,0.4,0.5550847457627119,D,1,1,0,2
2024-06-20,Argentina,Canada,True,Copa América,0.85,2021.4,1704.6,316.8000000000002,0.8610032100414512,0.1389967899585488,0.5,0.45000000000000007,0.4007751937984496,0.0,-2.0,0.6362856888594811,0.3637143111405189,0.18185715557025944,2.0,0.0,2,3,18,1874.81,3,84.24,84.97,83.57,83.76,1.0144460362941738,0.7594076639065482,570,6.3473892096560105,0.3333333333333333,2.9444389791664403,30,2,1556.48,27,78.82,80.96,76.66,78.52,1.031074885379521,2.1565095254446076,200,5.303304908059076,0.03333333333333333,1.0986122886681098,5.420000000000002,4.010000000000005,6.909999999999997,5.240000000000009,370,0.3,1.8458266904983305,1.0,2.4,0.3,0.3666666666666667,1.1,2.0,0.35,0.27459016393442626,1.0,0.4,0.8,0.7674418604651163,2.2,0.7,0.8,0.7468354430379747,H,2,0,2,2
2024-06-21,Netherlands,France,True,UEFA Euro,0.85,1915.7,2064.2,-148.49999999999977,0.2984196500234793,0.7015803499765207,-0.3,-0.09999999999999998,-0.5341463414634147,0.20000000000000018,1.2,0.3488305557574917,0.5298004015637491,0.28446129219449473,0.4757494343157121,1.6519738711130678,5,7,10,1757.87,7,83.2,80.93,83.63,84.01,0.963337697893108,1.6793252613276926,720,6.580639137284949,0.14285714285714285,2.3978952727983707,1,16,1877.32,1,84.99,86.44,82.82,84.39,1.024291977722479,1.815296119094625,1280,7.155396301896734,1.0,2.833213344056216,-1.789999999999992,-5.509999999999991,0.8100000000000023,-0.37999999999999545,-560,-0.8571428571428572,-0.4353180712578455,1.4,1.2,0.5,0.6341463414634146,1.8,1.1,0.6,0.673913043478261,1.6,2.4,0.2,0.1,1.8,1.6,0.5,0.5375,D,0,0,0,0
2024-06-22,Turkey,Portugal,True,UEFA Euro,0.85,1815.2,2004.3,-189.0999999999999,0.2518919671442921,0.7481080328557079,0.0,-0.14999999999999997,-0.04836829836829837,-1.1999999999999997,0.8,0.39030092583434456,0.6096990741656555,0.19515046291717228,0.33752736812353235,3.0,2,22,2,1599.04,20,80.6,73.08,82.57,79.88,0.9148723084626941,4.891083724492965,460,6.133398042996649,0.045454545454545456,1.0986122886681098,5,8,1763.83,5,83.74,82.45,86.12,82.24,1.0025535019455254,2.182025053323941,850,6.7464121285733745,0.2,2.1972245773362196,-3.1400000000000006,-9.370000000000005,-3.5500000000000114,-2.3599999999999994,-390,-0.15454545454545454,-1.0986122886681098,2.8,1.0,0.6,0.6060606060606061,2.6,1.1,0.6,0.625,1.6,1.8,0.6,0.5576923076923077,1.4,2.3,0.45,0.33333333333333337,A,0,3,-3,3
2024-06-23,Germany,Switzerland,False,UEFA Euro,0.85,1852.3,1817.4,34.899999999999864,0.6849353983882664,0.31506460161173355,0.2,0.10000000000000003,0.24242424242424243,0.8,-0.6000000000000001,0.502515200902193,0.3080101438110223,0.34347972719229586,2.717094577100994,2.210544228681239,4,10,20,1731.3,10,83.78,84.42,84.51,82.18,1.0272572402044293,1.3200126262022376,850,6.7464121285733745,0.1,3.044522437723423,19,12,1650.75,18,79.03,79.12,77.93,79.65,0.9933458882611425,0.8808518604169482,280,5.638354669333745,0.05263157894736842,2.5649493574615367,4.75,5.299999999999997,6.579999999999998,2.530000000000001,570,0.04736842105263159,0.4795730802618863,0.8,2.2,0.3,0.25757575757575757,0.8,1.9,0.35,0.3308823529411764,1.6,1.6,0.5,0.5,1.6,1.9,0.45,0.4500000000000001,D,1,1,0,2
2024-06-23,Uruguay,Panama,True,Copa América,0.85,1930.9,1538.4,392.5,0.9054592763172166,0.09454072368278343,0.0,0.25000000000000006,0.08139534883720934,0.20000000000000018,0.0,0.6236604805686174,0.37633951943138255,0.18816975971569128,3.6161285864988346,0.5671225658896487,3,17,14,1673.07,16,82.26,82.38,83.75,80.54,1.0228457909113482,1.6107244746800498,270,5.602118820879701,0.058823529411764705,2.70805020110221,33,1,1540.64,29,71.68,71.04,71.68,72.16,0.984478935698448,0.5619015334854749,55,4.02535169073515,0.030303030303030304,0.6931471805599453,10.579999999999998,11.33999999999999,12.069999999999993,8.38000000000001,215,0.0285204991087344,2.0149030205422647,1.4,1.2,0.5,0.5,0.9,1.4,0.3,0.3210526315789474,1.6,1.2,0.5,0.5813953488372093,1.3,1.0,0.55,0.5632911392405064,H,3,1,2,4
2024-06-24,Colombia,Paraguay,True,Copa América,0.85,1946.4,1697.1,249.30000000000018,0.8076925614814077,0.19230743851859233,0.6000000000000001,0.55,0.7059386973180076,1.2,-0.20000000000000007,0.5264079481863103,0.2632623824995088,0.3419608605639352,1.500657499810129,0.8164001798661072,7,13,6,1693.09,12,79.68,82.37,79.35,78.43,1.0502358791278847,2.0611647192788847,380,5.942799375126701,0.07692307692307693,1.9459101490553132,40,8,1503.5,32,74.7,74.93,75.23,74.05,1.011883862255233,0.6132971003790402,100,4.61512051684126,0.025,2.1972245773362196,4.980000000000004,7.439999999999998,4.11999999999999,4.38000000000001,280,0.051923076923076926,-0.25131442828090633,0.2,0.8,0.3,0.15517241379310343,0.7,1.6,0.3,0.24615384615384617,1.4,0.6,0.9,0.861111111111111,1.6,0.8,0.85,0.8017241379310344,H,2,1,1,3
2024-06-25,Netherlands,Austria,True,UEFA Euro,0.85,1925.7,1803.6,122.10000000000014,0.6688224737541795,0.33117752624582053,-0.29999999999999993,-0.050000000000000044,-0.3704866562009419,-0.3999999999999999,0.40000000000000013,0.45591248335836165,0.5440875166416383,0.19809325475894354,2.0,2.137020050624846,2,7,10,1757.87,7,83.2,80.93,83.63,84.01,0.963337697893108,1.6793252613276926,720,6.580639137284949,0.14285714285714285,2.3978952727983707,24,7,1593.45,22,78.91,78.39,79.48,78.32,1.0008937691521962,0.6504613747179809,195,5.278114659230517,0.041666666666666664,2.0794415416798357,4.290000000000006,2.5400000000000063,4.1499999999999915,5.690000000000012,525,0.10119047619047619,0.3184537311185349,2.8,1.2,0.7,0.6153846153846154,1.9,1.3,0.55,0.5039062500000001,2.4,1.6,0.4,0.2448979591836735,2.0,1.6,0.5,0.4931506849315069,A,2,3,-1,5
2024-06-26,Czech Republic,Turkey,True,UEFA Euro,0.85,1724.2,1793.1,-68.89999999999986,0.40212462354318323,0.5978753764568168,-0.2,-0.2,-0.33119658119658124,-0.5999999999999999,-0.5999999999999996,0.38392237237707216,0.6160776276229278,0.19196118618853608,1.0,2.0,2,41,9,1503.04,33,,,,,,,95,4.564348191467836,0.024390243902439025,2.302585092994046,22,2,1599.04,20,80.6,73.08,82.57,79.88,0.9148723084626941,4.891083724492965,460,6.133398042996649,0.045454545454545456,1.0986122886681098,,,,,-365,-0.02106430155210643,1.2039728043259361,1.4,2.8,0.4,0.44230769230769235,1.4,2.6,0.45,0.3629032258064517,0.8,2.2,0.2,0.11111111111111113,0.8,2.0,0.25,0.1985294117647059,A,1,2,-1,3
2024-06-27,United States,Panama,False,Copa América,0.85,1793.8,1531.3,262.5,0.8896054949183587,0.11039450508164128,0.3,0.35000000000000003,0.3271428571428571,1.6,0.20000000000000018,0.4516318132174868,0.48111021112847935,0.18724496445098837,1.6082991481938786,0.9701150733592296,9,16,11,1675.7,15,,,,,,,250,5.5254529391317835,0.0625,2.4849066497880004,33,1,1540.64,29,71.68,71.04,71.68,72.16,0.984478935698448,0.5619015334854749,55,4.02535169073515,0.030303030303030304,0.6931471805599453,,,,,195,0.032196969696969696,1.791759469228055,0.6,1.4,0.3,0.33,0.8,1.3,0.3,0.32105263157894737,2.2,1.6,0.6,0.6571428571428571,2.0,1.2,0.65,0.6941176470588236,A,1,2,-1,3
2024-06-28,Paraguay,Brazil,True,Copa América,0.85,1687.4,1974.5,-287.0999999999999,0.16074700803418582,0.8392529919658142,-0.2,0.0,-0.10344827586206906,-1.4000000000000001,-0.8,0.3793378958184875,0.5980316719436943,0.15833274228573807,0.4582370023494872,1.793762096531162,6,40,8,1503.5,32,74.7,74.93,75.23,74.05,1.011883862255233,0.6132971003790402,100,4.61512051684126,0.025,2.1972245773362196,6,22,1761.16,6,85.24,85.72,84.39,84.78,1.0110875206416607,0.6836909633257792,1000,6.90875477931522,0.16666666666666666,3.1354942159291497,-10.539999999999992,-10.789999999999992,-9.159999999999997,-10.730000000000004,-900,-0.14166666666666666,-0.9382696385929301,1.6,1.6,0.5,0.2586206896551725,1.6,1.8,0.4,0.34615384615384615,0.2,0.8,0.3,0.15517241379310343,0.8,1.5,0.4,0.3275862068965517,A,1,4,-3,5
2024-06-30,Mexico,Ecuador,True,Copa América,0.85,1713.9,1780.3,-66.39999999999986,0.4055893718177835,0.5944106281822166,-0.2,-0.04999999999999999,-0.14999999999999997,0.3999999999999999,1.0000000000000002,0.3203183647418893,0.345731844588415,0.4819494756775843,0.823002066311379,0.8852898147572812,5,15,17,1684.13,14,77.71,79.23,77.3,75.4,1.0507957559681698,1.9150195821453098,230,5.442417710521793,0.06666666666666667,2.8903717578961645,23,4,1596.48,21,79.42,73.4,81.21,78.83,0.9311175948243056,4.003028020553102,220,5.3981627015177525,0.043478260869565216,1.6094379124341003,-1.710000000000008,5.829999999999998,-3.9099999999999966,-3.4299999999999926,10,0.02318840579710145,1.2809338454620642,1.0,1.2,0.5,0.5,0.9,0.9,0.5,0.5,1.4,2.2,0.3,0.35000000000000003,1.5,1.7,0.45,0.4625,D,0,0,0,0
2024-07-01,France,Belgium,True,UEFA Euro,0.85,2054.1,1909.6,144.5,0.6967372688800074,0.3032627311199926,-0.10000000000000009,0.1499999999999999,0.0566528066528067,-0.8000000000000003,-0.3999999999999999,0.7066747563714353,0.2933252436285647,0.14666262181428236,1.806749901596689,0.5247730731049075,5,1,16,1877.32,1,84.99,86.44,82.82,84.39,1.024291977722479,1.815296119094625,1280,7.155396301896734,1.0,2.833213344056216,9,13,1734.71,9,82.71,82.46,84.06,79.53,1.0368414434804476,2.2973100211624318,600,6.398594934535208,0.1111111111111111,2.6390573296152584,2.280000000000001,3.980000000000004,-1.240000000000009,4.859999999999999,680,0.8888888888888888,0.19415601444095776,2.2,1.2,0.8,0.7702702702702702,1.3,1.1,0.55,0.5649350649350651,1.4,0.8,0.7,0.8269230769230769,1.9,1.0,0.7,0.8148148148148149,H,1,0,1,1
2024-07-01,United States,Uruguay,False,Copa América,0.85,1749.4,1938.0,-188.5999999999999,0.37518822802477003,0.62481177197523,-0.19999999999999996,0.050000000000000044,-0.2063492063492064,-0.40000000000000013,1.0,0.4849548465557544,0.4253108453434241,0.24437527090331165,2.374688213810368,0.8366515963434172,4,16,11,1675.7,15,,,,,,,250,5.5254529391317835,0.0625,2.4849066497880004,17,14,1673.07,16,82.26,82.38,83.75,80.54,1.0228457909113482,1.6107244746800498,270,5.602118820879701,0.058823529411764705,2.70805020110221,,,,,-20,0.003676470588235295,-0.2231435513142097,2.2,0.8,0.7,0.7777777777777778,1.7,1.0,0.6,0.5902777777777778,1.8,1.8,0.5,0.5714285714285714,2.0,1.2,0.65,0.6941176470588236,A,0,1,-1,1
2024-07-02,Austria,Turkey,True,UEFA Euro,0.85,1837.0,1813.2,23.799999999999955,0.5341974792996864,0.4658025207003136,0.09999999999999998,0.04999999999999999,-0.1538461538461538,0.8000000000000003,-1.8,0.49466587312018173,0.5053341268798182,0.18369586195475257,3.3994382734419593,1.520112345311608,2,24,7,1593.45,22,78.91,78.39,79.48,78.32,1.0008937691521962,0.6504613747179809,195,5.278114659230517,0.041666666666666664,2.0794415416798357,22,2,1599.04,20,80.6,73.08,82.57,79.88,0.9148723084626941,4.891083724492965,460,6.133398042996649,0.045454545454545456,1.0986122886681098,-1.6899999999999977,5.310000000000002,-3.089999999999989,-1.5600000000000023,-265,-0.0037878787878787915,0.980829253011726,1.4,3.0,0.4,0.44230769230769224,1.3,2.3,0.45,0.37190082644628103,2.2,1.2,0.5,0.28846153846153844,1.8,1.3,0.5,0.4389312977099237,A,1,2,-1,3
2024-07-02,Brazil,Colombia,True,Copa América,0.85,1988.6,1956.0,32.59999999999991,0.5467779719459286,0.4532220280540714,-0.4,-0.55,-0.5909090909090909,-0.7999999999999998,0.5999999999999999,0.47936939918012095,0.3517379341472963,0.30303248456195764,1.3122706035539813,1.0368708443188364,7,6,22,1761.16,6,85.24,85.72,84.39,84.78,1.0110875206416607,0.6836909633257792,1000,6.90875477931522,0.16666666666666666,3.1354942159291497,13,6,1693.09,12,79.68,82.37,79.35,78.43,1.0502358791278847,2.0611647192788847,380,5.942799375126701,0.07692307692307693,1.9459101490553132,5.559999999999988,3.3499999999999943,5.040000000000006,6.349999999999994,620,0.08974358974358973,1.1895840668738364,2.4,0.8,1.0,1.0,1.9,0.7,0.9,0.8275862068965517,1.6,1.4,0.6,0.40909090909090906,1.3,1.8,0.35,0.24137931034482757,D,1,1,0,2
2024-07-04,Argentina,Ecuador,True,Copa América,0.85,2031.9,1775.6,256.3000000000002,0.8138739544327686,0.18612604556723145,0.30000000000000004,0.39999999999999997,0.2674418604651162,0.0,-0.4,0.49100944282620096,0.3718481423672996,0.2581657428123545,1.1054746234136885,0.5601759349441328,8,3,18,1874.81,3,84.24,84.97,83.57,83.76,1.0144460362941738,0.7594076639065482,570,6.3473892096560105,0.3333333333333333,2.9444389791664403,23,4,1596.48,21,79.42,73.4,81.21,78.83,0.9311175948243056,4.003028020553102,220,5.3981627015177525,0.043478260869565216,1.6094379124341003,4.819999999999993,11.569999999999993,2.3599999999999994,4.930000000000007,350,0.28985507246376807,1.33500106673234,0.8,0.8,0.5,0.5000000000000001,0.9,1.0,0.45,0.4791666666666667,0.8,0.4,0.8,0.7674418604651163,2.1,0.5,0.85,0.7916666666666666,D,1,1,0,2
2024-07-05,Portugal,France,True,UEFA Euro,0.85,2026.4,2069.3,-42.90000000000009,0.4385737955628575,0.5614262044371425,0.20000000000000007,0.04999999999999993,0.24130036630036633,2.2,0.4,0.360087188488819,0.40558374905204325,0.4143726567035472,0.38990068917956894,0.5524896618112443,4,5,8,1763.83,5,83.74,82.45,86.12,82.24,1.0025535019455254,2.182025053323941,850,6.7464121285733745,0.2,2.1972245773362196,1,16,1877.32,1,84.99,86.44,82.82,84.39,1.024291977722479,1.815296119094625,1280,7.155396301896734,1.0,2.833213344056216,-1.25,-3.989999999999995,3.3000000000000114,-2.1500000000000057,-430,-0.8,-0.6359887667199966,1.0,0.6,0.6,0.6634615384615384,1.7,0.9,0.65,0.7462121212121212,3.2,1.0,0.8,0.9047619047619048,2.8,1.1,0.7,0.7177914110429447,D,0,0,0,0
2024-07-05,Germany,Spain,False,UEFA Euro,0.85,1843.1,1969.7,-126.60000000000014,0.4617941425677139,0.5382058574322861,0.0,0.050000000000000044,-0.026016260162601612,1.0000000000000002,0.5999999999999999,0.34342522268262676,0.5161855759343266,0.31210181272435994,0.8610938684703567,2.1073109350397194,5,10,20,1731.3,10,83.78,84.42,84.51,82.18,1.0272572402044293,1.3200126262022376,850,6.7464121285733745,0.1,3.044522437723423,2,16,1876.4,2,84.31,84.06,85.96,81.55,1.030778663396689,2.2120201927951126,920,6.825460036255307,0.5,2.833213344056216,-0.5300000000000011,0.35999999999999943,-1.4499999999999886,0.6300000000000097,-70,-0.4,0.21130909366720685,1.2,0.8,0.6,0.7333333333333334,1.1,0.9,0.5,0.525974025974026,2.2,1.4,0.6,0.7073170731707318,1.9,1.7,0.55,0.6197183098591549,A,1,2,-1,3
2024-07-06,England,Switzerland,True,UEFA Euro,0.85,1939.3,1826.7,112.59999999999991,0.656599694946931,0.34340030505306895,0.3,0.19999999999999996,0.17424242424242423,0.7999999999999999,-1.0000000000000002,0.46260127214860264,0.3683692976713309,0.3532140790157319,1.1509594836187365,0.7930187721805201,4,4,16,1825.97,4,84.06,85.32,85.54,81.18,1.0509977827050996,2.456203031781639,1300,7.170888478512505,0.25,2.833213344056216,19,12,1650.75,18,79.03,79.12,77.93,79.65,0.9933458882611425,0.8808518604169482,280,5.638354669333745,0.05263157894736842,2.5649493574615367,5.030000000000001,6.199999999999989,7.609999999999999,1.5300000000000011,1020,0.19736842105263158,0.2682639865946794,0.6,2.2,0.2,0.16666666666666666,0.8,1.8,0.4,0.3848920863309352,1.4,1.2,0.5,0.3409090909090909,2.0,1.2,0.6,0.5984848484848485,D,1,1,0,2
2024-07-06,Netherlands,Turkey,True,UEFA Euro,0.85,1892.3,1839.9,52.399999999999864,0.5748430487867554,0.4251569512132446,-0.09999999999999998,0.0,-0.24068986568986572,0.6000000000000001,-1.5999999999999999,0.574176296019367,0.42582370398063285,0.18666876836216886,2.9505993298363133,1.6215673440133564,3,7,10,1757.87,7,83.2,80.93,83.63,84.01,0.963337697893108,1.6793252613276926,720,6.580639137284949,0.14285714285714285,2.3978952727983707,22,2,1599.04,20,80.6,73.08,82.57,79.88,0.9148723084626941,4.891083724492965,460,6.133398042996649,0.045454545454545456,1.0986122886681098,2.6000000000000085,7.8500000000000085,1.0600000000000023,4.13000000000001,260,0.0974025974025974,1.2992829841302609,1.4,2.4,0.6,0.6349206349206349,1.4,2.3,0.5,0.44067796610169496,2.0,0.8,0.5,0.39423076923076916,1.9,1.5,0.5,0.49300699300699297,H,2,1,1,3
2024-07-06,Uruguay,Brazil,True,Copa América,0.85,1956.7,1986.2,-29.5,0.45764781554730305,0.542352184452697,0.0,0.29999999999999993,0.05938494167550368,0.0,-0.7999999999999999,0.3763303763029415,0.3933071535448259,0.37471458895256066,0.8160399097644911,0.9625199960655055,6,17,14,1673.07,16,82.26,82.38,83.75,80.54,1.0228457909113482,1.6107244746800498,270,5.602118820879701,0.058823529411764705,2.70805020110221,6,22,1761.16,6,85.24,85.72,84.39,84.78,1.0110875206416607,0.6836909633257792,1000,6.90875477931522,0.16666666666666666,3.1354942159291497,-2.9799999999999898,-3.3400000000000034,-0.6400000000000006,-4.239999999999995,-730,-0.10784313725490195,-0.4274440148269396,2.4,1.4,0.8,0.853658536585366,1.6,1.8,0.4,0.3097345132743363,2.4,0.6,0.8,0.9130434782608696,2.0,0.9,0.7,0.7234042553191489,D,0,0,0,0
2024-07-06,Colombia,Panama,True,Copa América,0.85,1958.4,1575.8,382.60000000000014,0.9004668540240793,0.09953314597592067,0.8,0.65,0.8035714285714286,1.7999999999999998,-1.0,0.5932404259632634,0.4067595740367366,0.2033797870183683,4.643345172742548,0.0,2,13,6,1693.09,12,79.68,82.37,79.35,78.43,1.0502358791278847,2.0611647192788847,380,5.942799375126701,0.07692307692307693,1.9459101490553132,33,1,1540.64,29,71.68,71.04,71.68,72.16,0.984478935698448,0.5619015334854749,55,4.02535169073515,0.030303030303030304,0.6931471805599453,8.0,11.329999999999998,7.6699999999999875,6.27000000000001,325,0.046620046620046623,1.252762968495368,0.6,1.8,0.2,0.19642857142857142,0.8,1.5,0.25,0.25943396226415094,2.4,0.8,1.0,1.0,1.9,0.7,0.9,0.84251968503937,H,5,0,5,5
2024-07-09,Spain,France,True,UEFA Euro,0.85,1992.8,2066.2,-73.39999999999986,0.39591284994371784,0.6040871500562821,0.09999999999999998,-0.09999999999999998,0.13492063492063489,1.4,0.4,0.6164145419627763,0.3835854580372237,0.1645321010805268,3.271638735859285,2.5905962425106384,3,2,16,1876.4,2,84.31,84.06,85.96,81.55,1.030778663396689,2.2120201927951126,920,6.825460036255307,0.5,2.833213344056216,1,16,1877.32,1,84.99,86.44,82.82,84.39,1.024291977722479,1.815296119094625,1280,7.155396301896734,1.0,2.833213344056216,-0.6799999999999926,-2.3799999999999955,3.1400000000000006,-2.8400000000000034,-360,-0.5,0.0,0.4,0.4,0.6,0.7222222222222222,1.6,0.9,0.65,0.7403100775193798,1.8,0.8,0.7,0.8571428571428571,1.3,0.8,0.55,0.5827814569536424,H,2,1,1,3
2024-07-09,Argentina,Canada,True,Copa América,0.85,2016.2,1694.2,322.0,0.8645470054113045,0.13545299458869553,0.6000000000000001,0.55,0.5465361445783133,0.4,-2.0,0.6362856888594811,0.3637143111405189,0.18185715557025944,2.0,0.0,2,3,18,1874.81,3,84.24,84.97,83.57,83.76,1.0144460362941738,0.7594076639065482,570,6.3473892096560105,0.3333333333333333,2.9444389791664403,30,2,1556.48,27,78.82,80.96,76.66,78.52,1.031074885379521,2.1565095254446076,200,5.303304908059076,0.03333333333333333,1.0986122886681098,5.420000000000002,4.010000000000005,6.909999999999997,5.240000000000009,370,0.3,1.8458266904983305,0.6,2.4,0.2,0.21250000000000002,0.9,1.9,0.3,0.25,1.0,0.4,0.8,0.7590361445783134,2.0,0.5,0.85,0.7872340425531915,H,2,0,2,2
2024-07-10,Netherlands,England,True,UEFA Euro,0.85,1913.6,1931.4,-17.800000000000182,0.4744061296054037,0.5255938703945964,-0.19999999999999996,-0.25,-0.3057692307692309,0.40000000000000013,0.19999999999999996,0.4298604071648821,0.5701395928351178,0.19864953434886284,1.2066052346699911,1.7310301149373322,3,7,10,1757.87,7,83.2,80.93,83.63,84.01,0.963337697893108,1.6793252613276926,720,6.580639137284949,0.14285714285714285,2.3978952727983707,4,16,1825.97,4,84.06,85.32,85.54,81.18,1.0509977827050996,2.456203031781639,1300,7.170888478512505,0.25,2.833213344056216,-0.8599999999999994,-4.389999999999986,-1.9100000000000108,2.8299999999999983,-580,-0.10714285714285715,-0.4353180712578455,1.8,0.8,0.7,0.7000000000000001,2.2,1.1,0.65,0.6290322580645162,2.2,1.0,0.5,0.39423076923076916,1.9,1.8,0.4,0.36071428571428577,A,1,2,-1,3
2024-07-10,Uruguay,Colombia,True,Copa América,0.85,1958.9,1968.3,-9.399999999999864,0.4864756123380573,0.5135243876619426,-0.09999999999999998,-0.15000000000000002,0.07255244755244761,-0.19999999999999973,-0.4,0.4362144022899572,0.3887742576464622,0.3160822300408531,1.4522853729453333,1.1799107006208922,6,17,14,1673.07,16,82.26,82.38,83.75,80.54,1.0228457909113482,1.6107244746800498,270,5.602118820879701,0.058823529411764705,2.70805020110221,13,6,1693.09,12,79.68,82.37,79.35,78.43,1.0502358791278847,2.0611647192788847,380,5.942799375126701,0.07692307692307693,1.9459101490553132,2.5799999999999983,0.009999999999990905,4.400000000000006,2.1099999999999994,-110,-0.018099547511312222,0.7621400520468968,2.4,1.0,0.9,0.8365384615384615,1.9,0.8,0.85,0.7934782608695652,2.2,0.6,0.8,0.9090909090909091,1.9,0.9,0.7,0.717391304347826,A,0,1,-1,1
2024-07-13,Canada,Uruguay,True,Copa América,0.85,1684.0,1934.5,-250.5,0.19123676937029385,0.8087632306297061,-0.49999999999999994,-0.39999999999999997,-0.5850586611456177,-1.2000000000000002,1.7999999999999998,0.38460009705105747,0.46968578951222606,0.33801416196224515,1.2626883533965028,2.0,2,30,2,1556.48,27,78.82,80.96,76.66,78.52,1.031074885379521,2.1565095254446076,200,5.303304908059076,0.03333333333333333,1.0986122886681098,17,14,1673.07,16,82.26,82.38,83.75,80.54,1.0228457909113482,1.6107244746800498,270,5.602118820879701,0.058823529411764705,2.70805020110221,-3.440000000000012,-1.4200000000000017,-7.090000000000003,-2.0200000000000102,-70,-0.025490196078431372,-1.6094379124341003,1.8,0.6,0.7,0.7698412698412698,1.8,0.8,0.7,0.7013422818791947,0.6,2.4,0.2,0.18478260869565216,0.9,2.0,0.3,0.25630252100840334,D,2,2,0,4
2024-07-14,Spain,England,True,UEFA Euro,0.85,2023.0,1955.1,67.90000000000009,0.5964906289575986,0.40350937104240137,0.09999999999999998,0.0,0.28397212543554007,0.40000000000000013,0.19999999999999996,0.5750591373459206,0.4249408626540794,0.19901201822431303,2.0,1.2639526538221235,3,2,16,1876.4,2,84.31,84.06,85.96,81.55,1.030778663396689,2.2120201927951126,920,6.825460036255307,0.5,2.833213344056216,4,16,1825.97,4,84.06,85.32,85.54,81.18,1.0509977827050996,2.456203031781639,1300,7.170888478512505,0.25,2.833213344056216,0.25,-1.259999999999991,0.4199999999999875,0.36999999999999034,-380,0.25,0.0,1.4,0.8,0.6,0.5731707317073171,2.0,0.9,0.65,0.6259842519685039,1.8,1.0,0.7,0.8571428571428572,1.4,0.7,0.65,0.7094594594594594,H,2,1,1,3
2024-07-14,Argentina,Colombia,True,Copa América,0.85,2026.3,1992.6,33.700000000000045,0.5483466735156153,0.4516533264843847,-0.20000000000000007,0.0,-0.22132936507936518,-1.7999999999999998,0.0,0.3995163608859277,0.37881711702788384,0.3496237643278885,1.00068848731219,1.0015699244973322,8,3,18,1874.81,3,84.24,84.97,83.57,83.76,1.0144460362941738,0.7594076639065482,570,6.3473892096560105,0.3333333333333333,2.9444389791664403,13,6,1693.09,12,79.68,82.37,79.35,78.43,1.0502358791278847,2.0611647192788847,380,5.942799375126701,0.07692307692307693,1.9459101490553132,4.559999999999988,2.5999999999999943,4.219999999999999,5.329999999999998,190,0.2564102564102564,0.998528830111127,2.8,0.6,0.9,0.8650793650793651,2.2,0.8,0.85,0.8087248322147651,1.0,0.6,0.7,0.6437499999999999,1.8,0.3,0.85,0.7934782608695652,H,1,0,1,1
2024-09-05,Portugal,Croatia,False,UEFA Nations League,0.7,2029.4,1906.5,122.90000000000009,0.7829796440775378,0.21702035592246216,0.20000000000000007,0.04999999999999993,0.4229437229437229,2.0,0.19999999999999996,0.46961271652440323,0.39128636136944894,0.28210080752260014,1.6730627923106929,1.3306338753532294,6,5,8,1763.83,5,83.74,82.45,86.12,82.24,1.0025535019455254,2.182025053323941,850,6.7464121285733745,0.2,2.1972245773362196,11,6,1717.07,11,80.81,78.83,81.31,81.29,0.9697379751506949,1.4260902262246042,340,5.831882477283517,0.09090909090909091,1.9459101490553132,2.9299999999999926,3.6200000000000045,4.810000000000002,0.9499999999999886,510,0.1090909090909091,0.25131442828090633,1.2,0.8,0.6,0.48181818181818187,1.5,1.1,0.65,0.5993150684931506,3.2,1.0,0.8,0.9047619047619048,2.8,0.9,0.7,0.7125,H,2,1,1,3
2024-09-06,Uruguay,Paraguay,False,FIFA World Cup qualification,1.0,1919.1,1673.4,245.69999999999982,0.8797441073128176,0.1202558926871824,0.49999999999999994,0.19999999999999996,0.5684488836662749,1.2000000000000002,-0.7999999999999999,0.39513644359646793,0.4432294221694167,0.3098113513590455,0.2425341523709063,0.7212285098304706,5,17,14,1673.07,16,82.26,82.38,83.75,80.54,1.0228457909113482,1.6107244746800498,270,5.602118820879701,0.058823529411764705,2.70805020110221,40,8,1503.5,32,74.7,74.93,75.23,74.05,1.011883862255233,0.6132971003790402,100,4.61512051684126,0.025,2.1972245773362196,7.560000000000002,7.449999999999989,8.519999999999996,6.490000000000009,170,0.033823529411764704,0.5108256237659905,0.4,1.2,0.2,0.08695652173913043,0.9,1.3,0.4,0.336283185840708,1.6,0.4,0.7,0.6554054054054054,1.6,0.8,0.6,0.6156250000000001,D,0,0,0,0
2024-09-06,Brazil,Ecuador,False,FIFA World Cup qualification,1.0,1984.1,1791.3,192.79999999999995,0.8436304316467635,0.15636956835323645,0.29999999999999993,0.0,0.2572984244670991,2.0,1.0,0.4580251896841232,0.29635464835742453,0.39379748613716453,0.7479110494205677,0.24244370698735074,5,6,22,1761.16,6,85.24,85.72,84.39,84.78,1.0110875206416607,0.6836909633257792,1000,6.90875477931522,0.16666666666666666,3.1354942159291497,23,4,1596.48,21,79.42,73.4,81.21,78.83,0.9311175948243056,4.003028020553102,220,5.3981627015177525,0.043478260869565216,1.6094379124341003,5.819999999999993,12.319999999999993,3.180000000000007,5.950000000000003,780,0.12318840579710144,1.5260563034950494,0.4,0.6,0.4,0.46385542168674704,0.9,1.0,0.45,0.4806451612903226,2.4,1.6,0.7,0.7211538461538461,1.6,1.7,0.45,0.35080645161290325,H,1,0,1,1
2024-09-06,Egypt,Cape Verde,False,African Cup of Nations qualification,0.85,1652.4,1564.6,87.80000000000018,0.7466952261230984,0.25330477387690165,0.19999999999999996,0.16666666666666669,0.020104895104894993,0.3999999999999999,-0.8,0.37613534207597543,0.2693646809551214,0.4891823174464638,1.6548818295252616,0.9604695758230576,4,29,3,1565.56,25,80.93,86.04,70.5,73.27,1.174286884127201,8.288922326414538,115,4.7535901911063645,0.034482758620689655,1.3862943611198906,69,0,1366.0,44,71.83,71.91,72.04,71.65,1.0036287508722959,0.19857828011475231,30,3.4339872044851463,0.014492753623188406,0.0,9.100000000000009,14.13000000000001,-1.5400000000000063,1.6199999999999903,85,0.019990004997501247,1.3862943611198906,1.0,2.0,0.4,0.5480769230769231,0.8888888888888888,1.8888888888888888,0.3333333333333333,0.39655172413793105,1.4,1.2,0.6,0.5681818181818181,1.2,1.5,0.5,0.5120967741935484,H,3,0,3,3
2024-09-07,Netherlands,Bosnia and Herzegovina,False,UEFA Nations League,0.7,1889.8,1676.6,213.20000000000005,0.8585045146069898,0.14149548539301016,0.4,0.25,0.375,1.6,-1.0000000000000002,0.4965881192814194,0.32602538288946675,0.34039918927384727,2.6086800979225813,1.256582089146477,4,7,10,1757.87,7,83.2,80.93,83.63,84.01,0.963337697893108,1.6793252613276926,720,6.580639137284949,0.14285714285714285,2.3978952727983707,65,1,1385.0,43,,,,,,,70,4.2626798770413155,0.015384615384615385,0.6931471805599453,,,,,650,0.12747252747252746,1.7047480922384253,0.2,2.2,0.1,0.125,0.2,1.7,0.15,0.17910447761194032,1.8,1.2,0.5,0.5,1.8,1.8,0.4,0.3467153284671533,H,5,2,3,7
2024-09-07,United States,Canada,False,Friendly,0.3,1730.6,1699.5,31.09999999999991,0.6801959087323475,0.3198040912676525,0.4,0.25000000000000006,0.3770903010033444,1.6,-0.7999999999999998,0.3715113439277806,0.5210223834983208,0.2294282819824697,1.2678214187781534,1.469673454936615,9,16,11,1675.7,15,,,,,,,250,5.5254529391317835,0.0625,2.4849066497880004,30,2,1556.48,27,78.82,80.96,76.66,78.52,1.031074885379521,2.1565095254446076,200,5.303304908059076,0.03333333333333333,1.0986122886681098,,,,,50,0.029166666666666667,1.3862943611198906,0.2,2.4,0.1,0.05769230769230769,0.8,1.8,0.3,0.2629310344827587,1.8,1.6,0.5,0.4347826086956521,1.8,1.4,0.55,0.5274725274725275,A,1,2,-1,3
2024-09-07,Mexico,New Zealand,True,Friendly,0.3,1718.6,1422.1,296.5,0.8464196248093684,0.1535803751906316,0.1,0.2833333333333333,0.19166666666666668,0.9999999999999999,0.3999999999999999,0.5827605486971148,0.4172394513028852,0.2086197256514426,3.0,0.0,1,15,17,1684.13,14,77.71,79.23,77.3,75.4,1.0507957559681698,1.9150195821453098,230,5.442417710521793,0.06666666666666667,2.8903717578961645,85,2,1281.0,48,71.79,75.19,70.01,71.34,1.0539669189795347,2.690223039080585,9,2.302585092994046,0.011764705882352941,1.0986122886681098,5.9199999999999875,4.040000000000006,7.289999999999992,4.060000000000002,221,0.054901960784313725,1.7917594692280547,0.4,2.0,0.1,0.08333333333333334,0.5555555555555556,1.7777777777777777,0.16666666666666666,0.15,1.4,2.4,0.2,0.275,1.7,1.9,0.45,0.49333333333333335,H,3,0,3,3
2024-09-08,Portugal,Scotland,False,UEFA Nations League,0.7,2040.3,1683.2,357.0999999999999,0.93284772119988,0.06715227880011998,0.6,0.35000000000000003,0.6349206349206349,1.2000000000000002,-2.6,0.5096245285075496,0.34796113473702095,0.31639490412394,1.140625237933964,0.5316515401864588,3,5,8,1763.83,5,83.74,82.45,86.12,82.24,1.0025535019455254,2.182025053323941,850,6.7464121285733745,0.2,2.1972245773362196,43,7,1499.92,34,77.5,73.76,79.29,77.16,0.9559357179885952,2.7891994072373767,135,4.912654885736052,0.023255813953488372,2.0794415416798357,6.239999999999995,8.689999999999998,6.829999999999998,5.079999999999998,715,0.17674418604651165,0.11778303565638382,1.0,3.6,0.1,0.1349206349206349,1.3,2.6,0.3,0.3956521739130435,2.2,1.0,0.7,0.7698412698412698,2.6,0.9,0.65,0.6528662420382166,H,2,1,1,3
2024-09-08,Switzerland,Spain,False,UEFA Nations League,0.7,1834.5,2043.2,-208.70000000000005,0.34847994453742276,0.6515200554625773,-0.39999999999999997,-0.24999999999999994,-0.6071428571428572,-1.2,0.8,0.32964572577711,0.5786596313455927,0.22671930076496968,1.1859465471253519,2.193662499498587,8,19,12,1650.75,18,79.03,79.12,77.93,79.65,0.9933458882611425,0.8808518604169482,280,5.638354669333745,0.05263157894736842,2.5649493574615367,2,16,1876.4,2,84.31,84.06,85.96,81.55,1.030778663396689,2.2120201927951126,920,6.825460036255307,0.5,2.833213344056216,-5.280000000000001,-4.939999999999998,-8.029999999999987,-1.8999999999999915,-640,-0.4473684210526316,-0.2682639865946794,2.0,1.2,0.7,0.8571428571428572,1.6,0.8,0.7,0.7724137931034484,0.8,2.0,0.3,0.25,0.9,1.5,0.45,0.4366197183098591,A,1,4,-3,5
2024-09-09,France,Belgium,False,UEFA Nations League,0.7,2036.0,1894.5,141.5,0.8006218954082238,0.19937810459177618,0.0,0.050000000000000044,0.047190047190047046,-1.6,-1.6,0.7066747563714353,0.2933252436285647,0.14666262181428236,1.806749901596689,0.5247730731049075,5,1,16,1877.32,1,84.99,86.44,82.82,84.39,1.024291977722479,1.815296119094625,1280,7.155396301896734,1.0,2.833213344056216,9,13,1734.71,9,82.71,82.46,84.06,79.53,1.0368414434804476,2.2973100211624318,600,6.398594934535208,0.1111111111111111,2.6390573296152584,2.280000000000001,3.980000000000004,-1.240000000000009,4.859999999999999,680,0.8888888888888888,0.19415601444095776,2.0,1.6,0.7,0.6825396825396826,1.5,1.2,0.6,0.6164383561643837,0.4,0.0,0.7,0.7297297297297296,1.3,0.6,0.65,0.746031746031746,H,2,0,2,2
2024-09-09,Norway,Austria,False,UEFA Nations League,0.7,1710.9,1810.3,-99.39999999999986,0.500863468551494,0.499136531448506,-0.39999999999999997,-0.14999999999999997,-0.4194386694386695,-0.3999999999999999,0.8,0.45786119648436635,0.5006028632737305,0.20536702763907602,1.3777436019476614,2.667072598146333,4,31,3,1550.94,28,82.05,84.71,81.34,77.67,1.0906398867001414,3.521065179743194,320,5.771441123130016,0.03225806451612903,1.3862943611198906,24,7,1593.45,22,78.91,78.39,79.48,78.32,1.0008937691521962,0.6504613747179809,195,5.278114659230517,0.041666666666666664,2.0794415416798357,3.1400000000000006,6.319999999999993,1.8599999999999994,-0.6499999999999915,125,-0.009408602150537633,-0.6931471805599452,2.4,1.0,0.7,0.6153846153846154,2.1,1.3,0.6,0.5559701492537314,2.0,1.8,0.3,0.19594594594594594,1.7,1.6,0.45,0.38580246913580246,H,2,1,1,3
2024-09-10,Mexico,Canada,True,Friendly,0.3,1724.0,1713.1,10.900000000000091,0.515681216549906,0.48431878345009405,0.09999999999999998,0.050000000000000044,0.19981325863678803,0.6,-0.19999999999999996,0.4956880028849314,0.3405589687271605,0.30919181815314145,1.2707226565174519,0.5186513744196701,6,15,17,1684.13,14,77.71,79.23,77.3,75.4,1.0507957559681698,1.9150195821453098,230,5.442417710521793,0.06666666666666667,2.8903717578961645,30,2,1556.48,27,78.82,80.96,76.66,78.52,1.031074885379521,2.1565095254446076,200,5.303304908059076,0.03333333333333333,1.0986122886681098,-1.1099999999999994,-1.7299999999999898,0.6400000000000006,-3.1199999999999903,30,0.03333333333333333,1.7917594692280547,0.4,2.0,0.2,0.18253968253968253,0.9,1.8,0.35,0.3451327433628319,1.0,1.8,0.3,0.38235294117647056,1.6,1.9,0.4,0.425925925925926,D,0,0,0,0
2024-09-10,United States,New Zealand,False,Friendly,0.3,1717.0,1416.7,300.29999999999995,0.9092335305135063,0.0907664694864937,0.09999999999999998,0.25,0.053306342780026994,0.6,0.19999999999999996,0.4170691378824421,0.4170691378824421,0.3743962931763369,1.0,1.0,1,16,11,1675.7,15,,,,,,,250,5.5254529391317835,0.0625,2.4849066497880004,85,2,1281.0,48,71.79,75.19,70.01,71.34,1.0539669189795347,2.690223039080585,9,2.302585092994046,0.011764705882352941,1.0986122886681098,,,,,241,0.05073529411764706,1.3862943611198906,0.4,1.6,0.2,0.19230769230769232,0.5,1.6,0.2,0.19565217391304346,1.0,1.8,0.3,0.2456140350877193,1.6,1.5,0.45,0.3814432989690722,D,1,1,0,2
2024-09-10,Netherlands,Germany,False,UEFA Nations League,0.7,1902.2,1820.0,82.20000000000005,0.7405496853391588,0.25945031466084123,-0.19999999999999996,-0.25,-0.2954781704781705,-0.19999999999999996,0.19999999999999996,0.3170165619360443,0.5025773991226101,0.31753520923208384,1.3253920500136205,1.600675813937839,8,7,10,1757.87,7,83.2,80.93,83.63,84.01,0.963337697893108,1.6793252613276926,720,6.580639137284949,0.14285714285714285,2.3978952727983707,10,20,1731.3,10,83.78,84.42,84.51,82.18,1.0272572402044293,1.3200126262022376,850,6.7464121285733745,0.1,3.044522437723423,-0.5799999999999983,-3.489999999999995,-0.8800000000000097,1.8299999999999983,-130,0.042857142857142844,-0.6466271649250523,2.0,1.0,0.7,0.7211538461538461,2.0,1.6,0.6,0.6402439024390244,1.8,1.2,0.5,0.42567567567567566,1.7,1.8,0.35,0.27985074626865675,D,2,2,0,4
2024-09-10,Colombia,Argentina,False,FIFA World Cup qualification,1.0,1970.1,2048.9,-78.80000000000018,0.5304714441835938,0.4695285558164062,0.0,0.050000000000000044,-0.004475254475254431,1.4,0.39999999999999997,0.37881711702788384,0.3995163608859277,0.3496237643278885,1.0015699244973322,1.00068848731219,8,13,6,1693.09,12,79.68,82.37,79.35,78.43,1.0502358791278847,2.0611647192788847,380,5.942799375126701,0.07692307692307693,1.9459101490553132,3,18,1874.81,3,84.24,84.97,83.57,83.76,1.0144460362941738,0.7594076639065482,570,6.3473892096560105,0.3333333333333333,2.9444389791664403,-4.559999999999988,-2.5999999999999943,-4.219999999999999,-5.329999999999998,-190,-0.2564102564102564,-0.998528830111127,1.4,0.2,0.9,0.8896103896103895,1.8,0.3,0.85,0.8087248322147651,2.8,0.6,0.9,0.8851351351351351,2.1,0.6,0.9,0.8732876712328768,H,2,1,1,3
2024-09-10,Paraguay,Brazil,False,FIFA World Cup qualification,1.0,1688.6,1990.4,-301.8000000000002,0.23836684208286288,0.7616331579171371,-0.49999999999999994,-0.2,-0.6075396825396826,-1.2000000000000002,0.6000000000000001,0.3793378958184875,0.5980316719436943,0.15833274228573807,0.4582370023494872,1.793762096531162,6,40,8,1503.5,32,74.7,74.93,75.23,74.05,1.011883862255233,0.6132971003790402,100,4.61512051684126,0.025,2.1972245773362196,6,22,1761.16,6,85.24,85.72,84.39,84.78,1.0110875206416607,0.6836909633257792,1000,6.90875477931522,0.16666666666666666,3.1354942159291497,-10.539999999999992,-10.789999999999992,-9.159999999999997,-10.730000000000004,-900,-0.14166666666666666,-0.9382696385929301,1.8,1.0,0.7,0.6825396825396826,1.4,1.3,0.5,0.3851851851851852,0.6,1.6,0.2,0.075,0.7,1.6,0.3,0.16363636363636364,H,1,0,1,1
2024-10-10,Ecuador,Paraguay,False,FIFA World Cup qualification,1.0,1785.0,1719.0,66.0,0.7222345336491706,0.27776546635082944,0.2,0.050000000000000044,0.3875,0.0,-0.7999999999999999,0.35254985378194004,0.3614011405435663,0.4379323305313391,0.39544985278988565,0.4405557776936394,4,23,4,1596.48,21,79.42,73.4,81.21,78.83,0.9311175948243056,4.003028020553102,220,5.3981627015177525,0.043478260869565216,1.6094379124341003,40,8,1503.5,32,74.7,74.93,75.23,74.05,1.011883862255233,0.6132971003790402,100,4.61512051684126,0.025,2.1972245773362196,4.719999999999999,-1.5300000000000011,5.97999999999999,4.780000000000001,120,0.018478260869565215,-0.5877866649021193,0.6,1.4,0.3,0.2,0.6,1.2,0.35,0.22580645161290325,0.6,0.6,0.5,0.5875,0.8,1.1,0.4,0.41447368421052627,D,0,0,0,0
2024-10-10,Uzbekistan,Iran,False,FIFA World Cup qualification,1.0,1487.1,1675.5,-188.4000000000001,0.3754581551082655,0.6245418448917345,-0.09999999999999998,-0.2,0.020810514786418488,0.0,0.6000000000000001,0.2151655324313998,0.32778741952653156,0.5646298142577685,0.6351428812412022,0.8328399648429395,9,50,0,1465.34,37,72.62,72.67,74.08,70.68,1.02815506508206,1.7082251998297293,40,3.713572066704308,0.02,0.0,21,6,1616.04,19,75.74,78.83,74.88,72.88,1.0816410537870473,3.0277879714405382,75,4.330733340286331,0.047619047619047616,1.9459101490553132,-3.1199999999999903,-6.159999999999997,-0.7999999999999972,-2.1999999999999886,-35,-0.027619047619047616,-1.9459101490553132,1.4,1.4,0.5,0.43373493975903604,1.2,1.8,0.4,0.35433070866141736,1.4,2.0,0.4,0.45454545454545453,0.8,2.0,0.2,0.26548672566371684,D,0,0,0,0
2024-10-10,Jordan,South Korea,False,FIFA World Cup qualification,1.0,1592.8,1712.2,-119.40000000000009,0.47211013517247014,0.5278898648275299,-0.30000000000000004,-0.30000000000000004,-0.15583440583440578,-0.19999999999999996,1.8,0.3769483183317005,0.39811671042711777,0.3663513244132289,1.164947057322279,1.2624221040434394,4,63,0,1391.0,42,70.24,72.37,69.09,67.57,1.0710374426520648,2.453188401516149,20,3.044522437723423,0.015873015873015872,0.0,25,10,1589.65,23,80.06,83.51,76.56,79.68,1.048067269076305,3.481039116892159,210,5.351858133476067,0.04,2.3978952727983707,-9.820000000000007,-11.14,-7.469999999999999,-12.110000000000014,-190,-0.02412698412698413,-2.3978952727983707,2.0,0.8,0.8,0.7301587301587301,1.7,1.3,0.65,0.6198347107438017,1.8,2.6,0.5,0.5743243243243243,1.3,2.7,0.35,0.41101694915254244,A,0,2,-2,2
2024-10-10,Saudi Arabia,Japan,False,FIFA World Cup qualification,1.0,1619.8,1829.4,-209.60000000000014,0.34730460856691664,0.6526953914330833,-0.5,-0.29999999999999993,-0.18953252032520335,-3.0,-0.19999999999999996,0.3536210339303705,0.5046163142767048,0.2934951268564714,0.12760086263420067,0.9669022864078871,5,61,6,1421.0,41,75.74,75.38,76.06,74.85,1.0070808283233132,0.6065476073648342,55,4.02535169073515,0.01639344262295082,1.9459101490553132,18,7,1661.58,17,76.86,73.58,78.41,76.46,0.9623332461417735,2.4298765400735887,290,5.673323267171493,0.05555555555555555,2.0794415416798357,-1.1200000000000045,1.7999999999999972,-2.3499999999999943,-1.6099999999999994,-235,-0.03916211293260473,-0.13353139262452252,3.8,1.4,0.8,0.5853658536585367,2.6,1.3,0.7,0.6814159292035398,0.8,1.2,0.3,0.3958333333333333,0.7,0.9,0.4,0.4956896551724138,A,0,2,-2,2
2024-10-11,Bosnia and Herzegovina,Germany,False,UEFA Nations League,0.7,1664.3,1832.0,-167.70000000000005,0.4037865058931552,0.5962134941068449,-0.6,-0.5,-0.44372294372294374,-2.0,1.6,0.35359152358914375,0.6464084764108563,0.17679576179457188,0.4926083414189843,4.536958292905078,2,65,1,1385.0,43,,,,,,,70,4.2626798770413155,0.015384615384615385,0.6931471805599453,10,20,1731.3,10,83.78,84.42,84.51,82.18,1.0272572402044293,1.3200126262022376,850,6.7464121285733745,0.1,3.044522437723423,,,,,-780,-0.08461538461538462,-2.3513752571634776,2.2,1.0,0.7,0.5952380952380952,2.0,1.4,0.6,0.564516129032258,0.2,2.6,0.1,0.15151515151515152,0.2,2.0,0.1,0.1349206349206349,A,1,2,-1,3
2024-10-12,Croatia,Scotland,False,UEFA Nations League,0.7,1895.7,1679.8,215.9000000000001,0.8603820267113994,0.1396179732886006,0.3,0.3,0.06636562671045437,0.0,-2.0,0.5234621648062745,0.47653783519372533,0.16781424420850458,1.2972816469876407,1.0,3,11,6,1717.07,11,80.81,78.83,81.31,81.29,0.9697379751506949,1.4260902262246042,340,5.831882477283517,0.09090909090909091,1.9459101490553132,43,7,1499.92,34,77.5,73.76,79.29,77.16,0.9559357179885952,2.7891994072373767,135,4.912654885736052,0.023255813953488372,2.0794415416798357,3.3100000000000023,5.069999999999993,2.019999999999996,4.13000000000001,205,0.06765327695560254,-0.13353139262452252,1.2,3.4,0.2,0.2698412698412698,1.2,2.5,0.3,0.4047619047619048,1.2,1.4,0.5,0.3362068965517242,1.4,1.3,0.6,0.541958041958042,H,2,1,1,3
2024-10-12,United States,Panama,False,Friendly,0.3,1708.8,1565.8,143.0,0.8019966441144332,0.19800335588556683,-0.30000000000000004,0.050000000000000044,-0.3939205955334987,-0.19999999999999996,0.40000000000000013,0.4516318132174868,0.48111021112847935,0.18724496445098837,1.6082991481938786,0.9701150733592296,9,16,11,1675.7,15,,,,,,,250,5.5254529391317835,0.0625,2.4849066497880004,33,1,1540.64,29,71.68,71.04,71.68,72.16,0.984478935698448,0.5619015334854749,55,4.02535169073515,0.030303030303030304,0.6931471805599453,,,,,195,0.032196969696969696,1.791759469228055,1.0,1.8,0.4,0.4516129032258064,1.0,1.4,0.35,0.3803418803418804,0.8,2.2,0.1,0.057692307692307696,1.5,1.5,0.4,0.34239130434782616,H,2,0,2,2
2024-10-13,Austria,Norway,False,UEFA Nations League,0.7,1785.3,1735.9,49.399999999999864,0.7026638994631889,0.29733610053681114,0.2,0.19999999999999996,0.18253968253968253,0.0,-0.20000000000000018,0.5006028632737305,0.45786119648436635,0.20536702763907602,2.667072598146333,1.3777436019476614,4,24,7,1593.45,22,78.91,78.39,79.48,78.32,1.0008937691521962,0.6504613747179809,195,5.278114659230517,0.041666666666666664,2.0794415416798357,31,3,1550.94,28,82.05,84.71,81.34,77.67,1.0906398867001414,3.521065179743194,320,5.771441123130016,0.03225806451612903,1.3862943611198906,-3.1400000000000006,-6.319999999999993,-1.8599999999999994,0.6499999999999915,-125,0.009408602150537633,0.6931471805599452,2.2,1.6,0.3,0.23015873015873015,1.7,1.7,0.4,0.3547297297297297,2.2,1.4,0.5,0.4126984126984127,2.1,1.2,0.6,0.5437956204379563,H,5,1,4,6
2024-10-14,Belgium,France,False,UEFA Nations League,0.7,1879.5,2051.0,-171.5,0.39853162897595606,0.6014683710240439,-0.09999999999999998,0.04999999999999993,-0.09999999999999998,0.7999999999999999,0.9999999999999999,0.2933252436285647,0.7066747563714353,0.14666262181428236,0.5247730731049075,1.806749901596689,5,9,13,1734.71,9,82.71,82.46,84.06,79.53,1.0368414434804476,2.2973100211624318,600,6.398594934535208,0.1111111111111111,2.6390573296152584,1,16,1877.32,1,84.99,86.44,82.82,84.39,1.024291977722479,1.815296119094625,1280,7.155396301896734,1.0,2.833213344056216,-2.280000000000001,-3.980000000000004,1.240000000000009,-4.859999999999999,-680,-0.8888888888888888,-0.19415601444095776,0.6,0.4,0.6,0.6,1.0,0.8,0.55,0.6111111111111112,1.4,1.4,0.5,0.5,1.4,1.1,0.6,0.5732484076433122,A,1,2,-1,3
2024-10-14,Germany,Netherlands,False,UEFA Nations League,0.7,1852.2,1890.2,-38.0,0.5882899718631628,0.4117100281368372,0.09999999999999998,0.10000000000000003,0.06054620405358979,0.20000000000000018,-0.20000000000000018,0.5025773991226101,0.3170165619360443,0.31753520923208384,1.600675813937839,1.3253920500136205,8,10,20,1731.3,10,83.78,84.42,84.51,82.18,1.0272572402044293,1.3200126262022376,850,6.7464121285733745,0.1,3.044522437723423,7,10,1757.87,7,83.2,80.93,83.63,84.01,0.963337697893108,1.6793252613276926,720,6.580639137284949,0.14285714285714285,2.3978952727983707,0.5799999999999983,3.489999999999995,0.8800000000000097,-1.8299999999999983,130,-0.042857142857142844,0.6466271649250523,2.0,1.6,0.5,0.4817073170731707,2.2,1.6,0.45,0.39312977099236646,2.2,1.4,0.6,0.5422535211267605,2.0,1.5,0.55,0.5297029702970297,H,1,0,1,1
2024-10-15,Canada,Panama,False,Friendly,0.3,1713.4,1559.9,153.5,0.8114199729921958,0.18858002700780419,0.2,0.0,0.027777777777777818,0.20000000000000007,-1.2000000000000002,0.6083543383203719,0.39164566167962817,0.16446438714260528,1.9527470753466205,0.7364619219746671,4,30,2,1556.48,27,78.82,80.96,76.66,78.52,1.031074885379521,2.1565095254446076,200,5.303304908059076,0.03333333333333333,1.0986122886681098,33,1,1540.64,29,71.68,71.04,71.68,72.16,0.984478935698448,0.5619015334854749,55,4.02535169073515,0.030303030303030304,0.6931471805599453,7.139999999999986,9.919999999999987,4.97999999999999,6.359999999999999,145,0.003030303030303029,0.4054651081081645,0.6,2.6,0.2,0.24999999999999997,1.0,1.7,0.35,0.3617886178861789,0.8,1.4,0.4,0.2777777777777778,0.9,1.9,0.35,0.3148148148148149,H,2,1,1,3
2024-10-15,Mexico,United States,False,Friendly,0.3,1723.7,1714.7,9.0,0.6519120398746636,0.3480879601253364,0.09999999999999998,0.04999999999999999,0.19983277591973245,0.19999999999999996,0.40000000000000013,0.4405605693471523,0.46032287936138394,0.2089240279939869,1.0420859802399014,1.2646380603690555,10,15,17,1684.13,14,77.71,79.23,77.3,75.4,1.0507957559681698,1.9150195821453098,230,5.442417710521793,0.06666666666666667,2.8903717578961645,16,11,1675.7,15,,,,,,,250,5.5254529391317835,0.0625,2.4849066497880004,,,,,-20,0.004166666666666666,0.40546510810816416,0.8,1.4,0.2,0.11538461538461539,1.5,1.5,0.4,0.33333333333333337,1.0,1.8,0.3,0.31521739130434784,1.7,1.7,0.45,0.46296296296296285,H,2,0,2,2
2024-10-15,Scotland,Portugal,False,UEFA Nations League,0.7,1672.9,2043.6,-370.6999999999998,0.1738943899837249,0.8261056100162751,-0.49999999999999994,-0.45,-0.5563380281690141,-0.40000000000000013,2.2,0.34796113473702095,0.5096245285075496,0.31639490412394,0.5316515401864588,1.140625237933964,3,43,7,1499.92,34,77.5,73.76,79.29,77.16,0.9559357179885952,2.7891994072373767,135,4.912654885736052,0.023255813953488372,2.0794415416798357,5,8,1763.83,5,83.74,82.45,86.12,82.24,1.0025535019455254,2.182025053323941,850,6.7464121285733745,0.2,2.1972245773362196,-6.239999999999995,-8.689999999999998,-6.829999999999998,-5.079999999999998,-715,-0.17674418604651165,-0.11778303565638382,1.6,0.8,0.7,0.795774647887324,2.7,0.8,0.75,0.7715231788079471,1.2,3.0,0.2,0.23943661971830987,1.2,2.5,0.3,0.3805970149253731,D,0,0,0,0
2024-10-15,Uruguay,Ecuador,False,FIFA World Cup qualification,1.0,1903.9,1776.2,127.70000000000005,0.7876380562651971,0.21236194373480288,0.3,0.30000000000000004,0.26249999999999996,1.0,0.20000000000000007,0.4050741192667114,0.4616708307609629,0.29604616866930344,0.9642407820992716,1.0099795076250166,5,17,14,1673.07,16,82.26,82.38,83.75,80.54,1.0228457909113482,1.6107244746800498,270,5.602118820879701,0.058823529411764705,2.70805020110221,23,4,1596.48,21,79.42,73.4,81.21,78.83,0.9311175948243056,4.003028020553102,220,5.3981627015177525,0.043478260869565216,1.6094379124341003,2.8400000000000034,8.97999999999999,2.5400000000000063,1.710000000000008,50,0.015345268542199489,1.0986122886681098,0.2,0.6,0.3,0.3375,0.7,1.1,0.35,0.3486842105263158,1.2,0.8,0.6,0.6,1.7,0.8,0.65,0.6815286624203822,D,0,0,0,0
2024-10-15,Iran,Qatar,True,FIFA World Cup qualification,1.0,1670.6,1541.6,129.0,0.6775605800851006,0.32243941991489944,0.19999999999999996,0.15000000000000002,0.05421686746987947,0.3999999999999999,-0.6000000000000001,0.44753470620204316,0.5524652937979568,0.15105906612309342,1.8682046831182346,1.5084632179552873,4,21,6,1616.04,19,75.74,78.83,74.88,72.88,1.0816410537870473,3.0277879714405382,75,4.330733340286331,0.047619047619047616,1.9459101490553132,55,1,1454.0,38,72.65,75.52,71.59,70.64,1.0690826727066818,2.587205699849418,18,2.9444389791664403,0.01818181818181818,0.6931471805599453,3.089999999999989,3.3100000000000023,3.289999999999992,2.239999999999995,57,0.029437229437229435,1.252762968495368,1.0,1.8,0.4,0.49999999999999994,0.9,1.8,0.3,0.30859375000000006,1.4,1.2,0.6,0.5542168674698794,1.1,1.6,0.45,0.39007092198581567,H,4,1,3,5
2024-10-15,South Korea,Iraq,False,FIFA World Cup qualification,1.0,1740.5,1602.5,138.0,0.7973863140277038,0.20261368597229623,0.09999999999999998,0.15000000000000002,-0.1185503685503686,0.3999999999999999,0.3999999999999999,0.6740522178193116,0.2808455732217569,0.18552499556980992,1.958029076080453,0.5244937391475414,5,25,10,1589.65,23,80.06,83.51,76.56,79.68,1.048067269076305,3.481039116892159,210,5.351858133476067,0.04,2.3978952727983707,57,1,1447.0,39,70.2,71.16,69.09,70.18,1.013964092333998,1.0354870029765348,15,2.772588722239781,0.017543859649122806,0.6931471805599453,9.86,12.350000000000009,7.469999999999999,9.5,195,0.022456140350877195,1.7047480922384253,0.8,0.8,0.5,0.6590909090909091,0.6,1.2,0.4,0.43617021276595747,1.2,1.2,0.6,0.5405405405405405,1.5,1.4,0.55,0.4661016949152543,H,3,2,1,5
2024-10-15,Japan,Australia,False,FIFA World Cup qualification,1.0,1850.2,1651.6,198.60000000000014,0.8479844876157459,0.15201551238425415,0.19999999999999996,0.19999999999999996,-0.11975524475524485,2.2,0.40000000000000013,0.41578226072915747,0.45869331637996485,0.2788714159725077,0.8890074478307524,0.8494876042482822,4,18,7,1661.58,17,76.86,73.58,78.41,76.46,0.9623332461417735,2.4298765400735887,290,5.673323267171493,0.05555555555555555,2.0794415416798357,27,6,1578.66,24,73.3,73.31,72.57,72.76,1.0075590984057174,0.3843175770115159,120,4.795790545596741,0.037037037037037035,1.9459101490553132,3.5600000000000023,0.269999999999996,5.840000000000003,3.6999999999999886,170,0.018518518518518517,0.13353139262452252,1.0,1.2,0.4,0.46590909090909094,1.2,1.5,0.4,0.4008620689655172,3.2,1.6,0.6,0.3461538461538461,2.5,1.4,0.6,0.5181818181818182,D,1,1,0,2
2024-11-14,Paraguay,Argentina,False,FIFA World Cup qualification,1.0,1727.9,2030.1,-302.1999999999998,0.23794906402331714,0.7620509359766828,-0.4,-0.44999999999999996,-0.4351351351351351,-0.5999999999999999,1.0,0.43713439749280586,0.4476130605859152,0.2692281266756188,0.8402067324176327,0.8674879792398645,6,40,8,1503.5,32,74.7,74.93,75.23,74.05,1.011883862255233,0.6132971003790402,100,4.61512051684126,0.025,2.1972245773362196,3,18,1874.81,3,84.24,84.97,83.57,83.76,1.0144460362941738,0.7594076639065482,570,6.3473892096560105,0.3333333333333333,2.9444389791664403,-9.539999999999992,-10.039999999999992,-8.33999999999999,-9.710000000000008,-470,-0.3083333333333333,-0.7472144018302207,1.4,0.2,0.9,0.8851351351351351,1.2,0.3,0.85,0.821875,0.8,1.2,0.5,0.45,0.5,1.0,0.4,0.32608695652173914,H,2,1,1,3
2024-11-14,Qatar,Uzbekistan,False,FIFA World Cup qualification,1.0,1519.0,1492.1,26.90000000000009,0.6749139140182383,0.3250860859817617,0.09999999999999998,0.15000000000000002,0.2222222222222222,0.20000000000000018,-0.19999999999999996,0.4279754842285323,0.471944427637254,0.2508295505937413,1.2078266222666816,2.1258417735875916,4,55,1,1454.0,38,72.65,75.52,71.59,70.64,1.0690826727066818,2.587205699849418,18,2.9444389791664403,0.01818181818181818,0.6931471805599453,50,0,1465.34,37,72.62,72.67,74.08,70.68,1.02815506508206,1.7082251998297293,40,3.713572066704308,0.02,0.0,0.030000000000001137,2.8499999999999943,-2.489999999999995,-0.04000000000000625,-22,-0.0018181818181818195,0.6931471805599453,1.4,1.4,0.5,0.5,0.8,1.9,0.25,0.31496062992125984,1.6,1.2,0.6,0.7222222222222222,1.1,1.6,0.4,0.45200000000000007,H,3,2,1,5
2024-11-14,Iraq,Jordan,False,FIFA World Cup qualification,1.0,1594.4,1564.4,30.0,0.6788169197947567,0.32118308020524333,-0.39999999999999997,-0.04999999999999999,-0.3256118881118881,-1.2,-0.40000000000000013,0.3788465890372518,0.48312904626075825,0.2645051049517858,0.5932957525333444,0.8043609285925262,5,57,1,1447.0,39,70.2,71.16,69.09,70.18,1.013964092333998,1.0354870029765348,15,2.772588722239781,0.017543859649122806,0.6931471805599453,63,0,1391.0,42,70.24,72.37,69.09,67.57,1.0710374426520648,2.453188401516149,20,3.044522437723423,0.015873015873015872,0.0,-0.03999999999999204,-1.210000000000008,0.0,2.6100000000000136,-5,0.001670843776106934,0.6931471805599453,2.0,1.6,0.7,0.7102272727272727,1.4,2.6,0.45,0.5189393939393939,0.8,1.2,0.3,0.3846153846153846,0.8,1.2,0.4,0.4019607843137255,D,0,0,0,0
2024-11-14,Australia,Saudi Arabia,False,FIFA World Cup qualification,1.0,1665.6,1599.0,66.59999999999991,0.7229268901800489,0.27707310981995115,0.10000000000000003,0.050000000000000044,-0.02310606060606063,0.3999999999999999,0.0,0.45691265661562813,0.36321063133547826,0.3324203872740199,0.7789402407493583,0.5385709638024704,4,27,6,1578.66,24,73.3,73.31,72.57,72.76,1.0075590984057174,0.3843175770115159,120,4.795790545596741,0.037037037037037035,1.9459101490553132,61,6,1421.0,41,75.74,75.38,76.06,74.85,1.0070808283233132,0.6065476073648342,55,4.02535169073515,0.01639344262295082,1.9459101490553132,-2.4399999999999977,-2.069999999999993,-3.490000000000009,-2.089999999999989,65,0.020643594414086214,0.0,0.8,1.2,0.3,0.3958333333333333,0.8,1.1,0.35,0.4192307692307692,1.2,1.2,0.4,0.3727272727272727,1.2,1.3,0.4,0.41150442477876104,D,0,0,0,0
2024-11-15,Uruguay,Colombia,False,FIFA World Cup qualification,1.0,1892.4,1988.8,-96.39999999999986,0.5051806310571122,0.4948193689428878,-0.19999999999999996,-0.19999999999999996,-0.20000000000000007,-1.2000000000000002,0.0,0.4362144022899572,0.3887742576464622,0.3160822300408531,1.4522853729453333,1.1799107006208922,6,17,14,1673.07,16,82.26,82.38,83.75,80.54,1.0228457909113482,1.6107244746800498,270,5.602118820879701,0.058823529411764705,2.70805020110221,13,6,1693.09,12,79.68,82.37,79.35,78.43,1.0502358791278847,2.0611647192788847,380,5.942799375126701,0.07692307692307693,1.9459101490553132,2.5799999999999983,0.009999999999990905,4.400000000000006,2.1099999999999994,-110,-0.018099547511312222,0.7621400520468968,1.8,0.6,0.7,0.7000000000000001,2.1,0.7,0.85,0.8216783216783219,0.6,0.6,0.5,0.5,1.5,0.6,0.65,0.6815286624203821,H,3,2,1,5
2024-11-15,Cape Verde,Egypt,False,African Cup of Nations qualification,0.85,1546.9,1670.1,-123.19999999999982,0.4666620515803134,0.5333379484196866,-0.09999999999999998,-0.050000000000000044,0.03968253968253971,-0.6000000000000001,0.19999999999999996,0.2693646809551214,0.37613534207597543,0.4891823174464638,0.9604695758230576,1.6548818295252616,4,69,0,1366.0,44,71.83,71.91,72.04,71.65,1.0036287508722959,0.19857828011475231,30,3.4339872044851463,0.014492753623188406,0.0,29,3,1565.56,25,80.93,86.04,70.5,73.27,1.174286884127201,8.288922326414538,115,4.7535901911063645,0.034482758620689655,1.3862943611198906,-9.100000000000009,-14.13000000000001,1.5400000000000063,-1.6199999999999903,-85,-0.019990004997501247,-1.3862943611198906,1.6,1.8,0.5,0.49999999999999994,1.3,1.9,0.4,0.3849557522123893,1.0,2.0,0.4,0.5396825396825397,0.8,1.7,0.35,0.4134615384615385,D,1,1,0,2
2024-11-15,Scotland,Croatia,False,UEFA Nations League,0.7,1689.2,1902.7,-213.5,0.34223310208571645,0.6577668979142836,-0.4,-0.39999999999999997,-0.22954545454545455,-0.5999999999999999,1.1999999999999997,0.47653783519372533,0.5234621648062745,0.16781424420850458,1.0,1.2972816469876407,3,43,7,1499.92,34,77.5,73.76,79.29,77.16,0.9559357179885952,2.7891994072373767,135,4.912654885736052,0.023255813953488372,2.0794415416798357,11,6,1717.07,11,80.81,78.83,81.31,81.29,0.9697379751506949,1.4260902262246042,340,5.831882477283517,0.09090909090909091,1.9459101490553132,-3.3100000000000023,-5.069999999999993,-2.019999999999996,-4.13000000000001,-205,-0.06765327695560254,0.13353139262452252,1.4,1.6,0.5,0.35454545454545455,1.5,1.2,0.6,0.5656934306569343,0.8,2.8,0.1,0.12499999999999999,1.1,2.7,0.2,0.2595419847328244,H,1,0,1,1
2024-11-16,Germany,Bosnia and Herzegovina,False,UEFA Nations League,0.7,1872.8,1644.1,228.70000000000005,0.8690003982201037,0.13099960177989634,0.6,0.45000000000000007,0.5886075949367089,1.8000000000000003,-2.0,0.6464084764108563,0.35359152358914375,0.17679576179457188,4.536958292905078,0.4926083414189843,2,10,20,1731.3,10,83.78,84.42,84.51,82.18,1.0272572402044293,1.3200126262022376,850,6.7464121285733745,0.1,3.044522437723423,65,1,1385.0,43,,,,,,,70,4.2626798770413155,0.015384615384615385,0.6931471805599453,,,,,780,0.08461538461538462,2.3513752571634776,0.4,3.4,0.0,0.0,0.4,2.4,0.1,0.12686567164179105,2.2,1.4,0.6,0.5886075949367089,1.9,1.5,0.55,0.5642201834862386,H,7,0,7,7
2024-11-18,Croatia,Portugal,False,UEFA Nations League,0.7,1869.8,2027.3,-157.5,0.4179981530713576,0.5820018469286423,-0.30000000000000004,-0.15000000000000002,-0.409071729957806,0.0,1.2000000000000002,0.39128636136944894,0.46961271652440323,0.28210080752260014,1.3306338753532294,1.6730627923106929,6,11,6,1717.07,11,80.81,78.83,81.31,81.29,0.9697379751506949,1.4260902262246042,340,5.831882477283517,0.09090909090909091,1.9459101490553132,5,8,1763.83,5,83.74,82.45,86.12,82.24,1.0025535019455254,2.182025053323941,850,6.7464121285733745,0.2,2.1972245773362196,-2.9299999999999926,-3.6200000000000045,-4.810000000000002,-0.9499999999999886,-510,-0.1090909090909091,-0.25131442828090633,1.8,0.6,0.9,0.8924050632911393,2.3,0.8,0.75,0.7620689655172415,1.8,1.8,0.6,0.48333333333333334,1.5,1.2,0.6,0.5458015267175573,D,1,1,0,2
2024-11-18,Spain,Switzerland,False,UEFA Nations League,0.7,2073.7,1804.0,269.6999999999998,0.893610610483349,0.106389389516651,0.5,0.19999999999999996,0.5893295893295893,1.4,-0.8,0.5786596313455927,0.32964572577711,0.22671930076496968,2.193662499498587,1.1859465471253519,8,2,16,1876.4,2,84.31,84.06,85.96,81.55,1.030778663396689,2.2120201927951126,920,6.825460036255307,0.5,2.833213344056216,19,12,1650.75,18,79.03,79.12,77.93,79.65,0.9933458882611425,0.8808518604169482,280,5.638354669333745,0.05263157894736842,2.5649493574615367,5.280000000000001,4.939999999999998,8.029999999999987,1.8999999999999915,640,0.4473684210526316,0.2682639865946794,1.0,2.0,0.4,0.37012987012987014,1.0,1.5,0.5,0.4862068965517241,2.4,1.2,0.9,0.9594594594594595,1.5,0.9,0.7,0.7724137931034482,H,3,2,1,5
2024-11-19,Bosnia and Herzegovina,Netherlands,False,UEFA Nations League,0.7,1629.3,1869.6,-240.29999999999995,0.30839539099474217,0.6916046090052579,-0.5,-0.45,-0.48101265822784806,-1.7999999999999998,1.6,0.32602538288946675,0.4965881192814194,0.34039918927384727,1.256582089146477,2.6086800979225813,4,65,1,1385.0,43,,,,,,,70,4.2626798770413155,0.015384615384615385,0.6931471805599453,7,10,1757.87,7,83.2,80.93,83.63,84.01,0.963337697893108,1.6793252613276926,720,6.580639137284949,0.14285714285714285,2.3978952727983707,,,,,-650,-0.12747252747252746,-1.7047480922384253,2.4,2.0,0.5,0.48101265822784806,2.2,1.4,0.5,0.4465648854961832,0.6,3.6,0.0,0.0,0.5,2.6,0.05,0.07462686567164178,D,1,1,0,2
2024-11-19,Colombia,Ecuador,False,FIFA World Cup qualification,1.0,1969.0,1787.7,181.29999999999995,0.8346975981866827,0.16530240181331735,0.39999999999999997,0.44999999999999996,0.3727272727272727,1.6,0.0,0.3814402652440116,0.4745458377831048,0.2973029259873447,0.2939002701221679,0.9360994670951664,6,13,6,1693.09,12,79.68,82.37,79.35,78.43,1.0502358791278847,2.0611647192788847,380,5.942799375126701,0.07692307692307693,1.9459101490553132,23,4,1596.48,21,79.42,73.4,81.21,78.83,0.9311175948243056,4.003028020553102,220,5.3981627015177525,0.043478260869565216,1.6094379124341003,0.2600000000000051,8.969999999999999,-1.8599999999999994,-0.3999999999999915,160,0.03344481605351171,0.33647223662121295,0.2,0.6,0.3,0.3375,0.6,0.9,0.4,0.4144736842105264,1.8,0.6,0.7,0.7102272727272727,2.1,0.7,0.85,0.8216783216783218,A,0,1,-1,1
2024-11-19,Brazil,Uruguay,False,FIFA World Cup qualification,1.0,1959.9,1912.2,47.700000000000045,0.7006152926825958,0.2993847073174042,0.29999999999999993,0.0,0.33366633366633364,0.9999999999999999,0.0,0.3933071535448259,0.3763303763029415,0.37471458895256066,0.9625199960655055,0.8160399097644911,6,6,22,1761.16,6,85.24,85.72,84.39,84.78,1.0110875206416607,0.6836909633257792,1000,6.90875477931522,0.16666666666666666,3.1354942159291497,17,14,1673.07,16,82.26,82.38,83.75,80.54,1.0228457909113482,1.6107244746800498,270,5.602118820879701,0.058823529411764705,2.70805020110221,2.9799999999999898,3.3400000000000034,0.6400000000000006,4.239999999999995,730,0.10784313725490195,0.4274440148269396,0.4,0.6,0.4,0.40659340659340665,1.3,0.6,0.6,0.6178343949044586,1.4,0.6,0.7,0.7402597402597403,1.5,1.1,0.6,0.5333333333333333,D,1,1,0,2
2024-12-28,Iraq,Saudi Arabia,True,Gulf Cup,0.45,1587.2,1607.9,-20.700000000000045,0.4702455035786411,0.529754496421359,0.0,0.10000000000000003,-0.04034319094560057,0.3999999999999999,0.40000000000000013,0.3869935561553704,0.42815157283261523,0.33404386541561293,0.8942963805296045,1.0569711603749496,5,57,1,1447.0,39,70.2,71.16,69.09,70.18,1.013964092333998,1.0354870029765348,15,2.772588722239781,0.017543859649122806,0.6931471805599453,61,6,1421.0,41,75.74,75.38,76.06,74.85,1.0070808283233132,0.6065476073648342,55,4.02535169073515,0.01639344262295082,1.9459101490553132,-5.539999999999992,-4.219999999999999,-6.969999999999999,-4.6699999999999875,-40,0.0011504170261719855,-1.252762968495368,0.8,1.2,0.3,0.3433734939759036,0.8,1.3,0.3,0.3576388888888889,1.2,1.6,0.3,0.30303030303030304,1.0,1.4,0.4,0.4019607843137255,A,1,3,-2,4
2025-01-22,Uzbekistan,Jordan,True,Friendly,0.3,1479.1,1571.6,-92.5,0.36994033094836326,0.6300596690516367,-0.09999999999999998,-0.15000000000000002,-0.09340659340659352,-0.8,-0.8,0.4137867238598924,0.4245576108221538,0.3437194916648313,0.36548328008354825,0.667133077404574,3,50,0,1465.34,37,72.62,72.67,74.08,70.68,1.02815506508206,1.7082251998297293,40,3.713572066704308,0.02,0.0,63,0,1391.0,42,70.24,72.37,69.09,67.57,1.0710374426520648,2.453188401516149,20,3.044522437723423,0.015873015873015872,0.0,2.3800000000000097,0.29999999999999716,4.989999999999995,3.1100000000000136,20,0.004126984126984128,0.0,1.6,1.6,0.6,0.5934065934065935,1.3,2.5,0.45,0.4691780821917808,0.8,0.8,0.5,0.5,0.8,1.6,0.3,0.3937007874015748,D,0,0,0,0
2025-03-20,Canada,Mexico,True,CONCACAF Nations League,0.55,1717.2,1734.1,-16.899999999999864,0.4756981084689611,0.5243018915310389,0.0,-0.15000000000000002,-0.14905149051490513,-0.19999999999999996,0.0,0.3405589687271605,0.4956880028849314,0.30919181815314145,0.5186513744196701,1.2707226565174519,6,30,2,1556.48,27,78.82,80.96,76.66,78.52,1.031074885379521,2.1565095254446076,200,5.303304908059076,0.03333333333333333,1.0986122886681098,15,17,1684.13,14,77.71,79.23,77.3,75.4,1.0507957559681698,1.9150195821453098,230,5.442417710521793,0.06666666666666667,2.8903717578961645,1.1099999999999994,1.7299999999999898,-0.6400000000000006,3.1199999999999903,-30,-0.03333333333333333,-1.7917594692280547,1.0,1.4,0.4,0.426829268292683,1.4,1.4,0.45,0.46296296296296297,0.8,1.4,0.4,0.27777777777777785,0.7,1.9,0.3,0.2524271844660194,A,0,2,-2,2
2025-03-20,United States,Panama,False,CONCACAF Nations League,0.55,1704.3,1556.1,148.20000000000005,0.8067071081206147,0.19329289187938525,0.09999999999999998,0.050000000000000044,-0.09676434676434675,0.4,-1.2,0.4516318132174868,0.48111021112847935,0.18724496445098837,1.6082991481938786,0.9701150733592296,9,16,11,1675.7,15,,,,,,,250,5.5254529391317835,0.0625,2.4849066497880004,33,1,1540.64,29,71.68,71.04,71.68,72.16,0.984478935698448,0.5619015334854749,55,4.02535169073515,0.030303030303030304,0.6931471805599453,,,,,195,0.032196969696969696,1.791759469228055,0.6,2.4,0.2,0.2698412698412698,1.0,1.8,0.35,0.37711864406779666,1.0,1.2,0.3,0.17307692307692307,1.4,1.5,0.4,0.33333333333333337,A,0,1,-1,1
2025-03-20,Croatia,France,False,UEFA Nations League,0.7,1873.9,2070.9,-197.0,0.36392310031211805,0.636076899687882,-0.19999999999999996,-0.15000000000000002,-0.27767354596622895,0.19999999999999996,1.2000000000000002,0.4580602810197889,0.4865714400984966,0.19267510080111355,1.110351672845078,1.2853513340659828,7,11,6,1717.07,11,80.81,78.83,81.31,81.29,0.9697379751506949,1.4260902262246042,340,5.831882477283517,0.09090909090909091,1.9459101490553132,1,16,1877.32,1,84.99,86.44,82.82,84.39,1.024291977722479,1.815296119094625,1280,7.155396301896734,1.0,2.833213344056216,-4.179999999999993,-7.609999999999999,-1.509999999999991,-3.0999999999999943,-940,-0.9090909090909091,-0.8873031950009029,0.8,0.4,0.6,0.5853658536585367,1.1,0.6,0.65,0.6791044776119403,1.0,1.6,0.4,0.3076923076923077,1.3,1.3,0.5,0.42578124999999994,H,2,0,2,2
2025-03-20,Netherlands,Spain,False,UEFA Nations League,0.7,1860.0,2079.0,-219.0,0.3351420214452352,0.6648579785547648,-0.5,-0.30000000000000004,-0.5,-0.6000000000000001,0.8,0.3270485601964714,0.3270485601964714,0.509427159705293,2.3217909445272134,2.3217909445272134,3,7,10,1757.87,7,83.2,80.93,83.63,84.01,0.963337697893108,1.6793252613276926,720,6.580639137284949,0.14285714285714285,2.3978952727983707,2,16,1876.4,2,84.31,84.06,85.96,81.55,1.030778663396689,2.2120201927951126,920,6.825460036255307,0.5,2.833213344056216,-1.1099999999999994,-3.1299999999999955,-2.3299999999999983,2.460000000000008,-200,-0.35714285714285715,-0.4353180712578455,2.6,0.8,1.0,1.0,1.9,0.8,0.8,0.887323943661972,2.0,1.6,0.5,0.5,2.1,1.3,0.5,0.45703124999999994,D,2,2,0,4
2025-03-20,Brazil,Colombia,False,FIFA World Cup qualification,1.0,1951.9,1935.7,16.200000000000045,0.6612570242275858,0.3387429757724142,0.0,-0.15000000000000002,0.0,-0.8,-0.4,0.47936939918012095,0.3517379341472963,0.30303248456195764,1.3122706035539813,1.0368708443188364,7,6,22,1761.16,6,85.24,85.72,84.39,84.78,1.0110875206416607,0.6836909633257792,1000,6.90875477931522,0.16666666666666666,3.1354942159291497,13,6,1693.09,12,79.68,82.37,79.35,78.43,1.0502358791278847,2.0611647192788847,380,5.942799375126701,0.07692307692307693,1.9459101490553132,5.559999999999988,3.3499999999999943,5.040000000000006,6.349999999999994,620,0.08974358974358973,1.1895840668738364,2.0,1.0,0.6,0.5934065934065935,2.2,1.0,0.75,0.6818181818181818,1.2,0.6,0.6,0.5934065934065935,1.4,1.0,0.6,0.5333333333333333,H,2,1,1,3
2025-03-21,Uruguay,Argentina,False,FIFA World Cup qualification,1.0,1920.2,1999.6,-79.39999999999986,0.5296110920377154,0.4703889079622846,-0.19999999999999996,-0.15000000000000002,-0.160178916827853,-0.3999999999999999,0.4,0.3905121088474669,0.5815338330334088,0.17688090984293825,0.5966592788293559,1.0840873515813148,6,17,14,1673.07,16,82.26,82.38,83.75,80.54,1.0228457909113482,1.6107244746800498,270,5.602118820879701,0.058823529411764705,2.70805020110221,3,18,1874.81,3,84.24,84.97,83.57,83.76,1.0144460362941738,0.7594076639065482,570,6.3473892096560105,0.3333333333333333,2.9444389791664403,-1.9799999999999898,-2.5900000000000034,0.18000000000000682,-3.219999999999999,-300,-0.2745098039215686,-0.2363887780642302,1.4,0.6,0.7,0.6761363636363636,1.1,0.5,0.75,0.7212643678160919,1.0,1.0,0.5,0.5159574468085106,1.4,0.8,0.6,0.6178343949044586,A,0,1,-1,1
2025-03-23,Spain,Netherlands,False,UEFA Nations League,0.7,2070.7,1868.3,202.39999999999986,0.8507828540908732,0.14921714590912682,0.6,0.39999999999999997,0.6164383561643836,0.8,-0.40000000000000013,0.3270485601964714,0.3270485601964714,0.509427159705293,2.3217909445272134,2.3217909445272134,3,2,16,1876.4,2,84.31,84.06,85.96,81.55,1.030778663396689,2.2120201927951126,920,6.825460036255307,0.5,2.833213344056216,7,10,1757.87,7,83.2,80.93,83.63,84.01,0.963337697893108,1.6793252613276926,720,6.580639137284949,0.14285714285714285,2.3978952727983707,1.1099999999999994,3.1299999999999955,2.3299999999999983,-2.460000000000008,200,0.35714285714285715,0.4353180712578455,1.8,1.6,0.4,0.38356164383561636,1.8,1.4,0.45,0.4375,2.6,1.2,1.0,1.0,2.2,1.0,0.85,0.9366197183098592,D,3,3,0,6
2025-03-23,France,Croatia,False,UEFA Nations League,0.7,2023.2,1921.6,101.60000000000014,0.7614240799989241,0.23857592000107586,0.39999999999999997,0.2,0.3895439569967054,0.3999999999999999,-1.0,0.4865714400984966,0.4580602810197889,0.19267510080111355,1.2853513340659828,1.110351672845078,7,1,16,1877.32,1,84.99,86.44,82.82,84.39,1.024291977722479,1.815296119094625,1280,7.155396301896734,1.0,2.833213344056216,11,6,1717.07,11,80.81,78.83,81.31,81.29,0.9697379751506949,1.4260902262246042,340,5.831882477283517,0.09090909090909091,1.9459101490553132,4.179999999999993,7.609999999999999,1.509999999999991,3.0999999999999943,940,0.9090909090909091,0.8873031950009029,0.8,1.6,0.3,0.28767123287671226,1.0,1.2,0.45,0.37109375,1.2,0.6,0.7,0.6772151898734177,1.1,0.6,0.65,0.6717557251908397,H,2,0,2,2
2025-03-23,Panama,Mexico,True,CONCACAF Nations League,0.55,1596.5,1769.8,-173.29999999999995,0.26941453741436044,0.7305854625856396,-0.39999999999999997,-0.2,-0.30332946186604726,-0.5999999999999999,2.0,0.21517973992031494,0.7500928921379321,0.1423172379019105,0.2716128599086043,1.691619627055401,10,33,1,1540.64,29,71.68,71.04,71.68,72.16,0.984478935698448,0.5619015334854749,55,4.02535169073515,0.030303030303030304,0.6931471805599453,15,17,1684.13,14,77.71,79.23,77.3,75.4,1.0507957559681698,1.9150195821453098,230,5.442417710521793,0.06666666666666667,2.8903717578961645,-6.029999999999987,-8.189999999999998,-5.61999999999999,-3.240000000000009,-175,-0.03636363636363636,-2.197224577336219,1.4,0.6,0.6,0.5731707317073171,1.4,1.4,0.45,0.46296296296296297,0.8,2.6,0.2,0.2698412698412699,0.7,2.0,0.25,0.29646017699115046,A,1,2,-1,3
2025-03-23,United States,Canada,False,CONCACAF Nations League,0.55,1664.0,1681.5,-17.5,0.616544795835776,0.38345520416422396,-0.3,0.0,-0.23241088180112576,-0.3999999999999999,0.0,0.3715113439277806,0.5210223834983208,0.2294282819824697,1.2678214187781534,1.469673454936615,9,16,11,1675.7,15,,,,,,,250,5.5254529391317835,0.0625,2.4849066497880004,30,2,1556.48,27,78.82,80.96,76.66,78.52,1.031074885379521,2.1565095254446076,200,5.303304908059076,0.03333333333333333,1.0986122886681098,,,,,50,0.029166666666666667,1.3862943611198906,1.2,1.2,0.6,0.451923076923077,0.9,1.8,0.4,0.326530612244898,0.8,1.2,0.3,0.21951219512195122,1.3,1.4,0.4,0.33333333333333337,A,1,2,-1,3
2025-03-25,Colombia,Paraguay,False,FIFA World Cup qualification,1.0,1922.1,1758.4,163.69999999999982,0.820240718073119,0.17975928192688095,0.0,0.30000000000000004,-0.03191489361702127,0.4,0.0,0.5264079481863103,0.2632623824995088,0.3419608605639352,1.500657499810129,0.8164001798661072,7,13,6,1693.09,12,79.68,82.37,79.35,78.43,1.0502358791278847,2.0611647192788847,380,5.942799375126701,0.07692307692307693,1.9459101490553132,40,8,1503.5,32,74.7,74.93,75.23,74.05,1.011883862255233,0.6132971003790402,100,4.61512051684126,0.025,2.1972245773362196,4.980000000000004,7.439999999999998,4.11999999999999,4.38000000000001,280,0.051923076923076926,-0.25131442828090633,0.6,1.2,0.4,0.425531914893617,0.4,1.0,0.35,0.32236842105263164,1.0,1.2,0.4,0.39361702127659576,1.9,0.9,0.65,0.5828025477707007,D,2,2,0,4
2025-03-25,Argentina,Brazil,False,FIFA World Cup qualification,1.0,2020.8,1965.4,55.399999999999864,0.7098291270939938,0.2901708729060062,0.0,0.0,-0.03296703296703296,0.6,0.4,0.6051900209500378,0.3438096986974668,0.20030003166959748,1.8000448108907503,0.5206055765356633,7,3,18,1874.81,3,84.24,84.97,83.57,83.76,1.0144460362941738,0.7594076639065482,570,6.3473892096560105,0.3333333333333333,2.9444389791664403,6,22,1761.16,6,85.24,85.72,84.39,84.78,1.0110875206416607,0.6836909633257792,1000,6.90875477931522,0.16666666666666666,3.1354942159291497,-1.0,-0.75,-0.8200000000000074,-1.019999999999996,-430,0.16666666666666666,-0.1910552367627094,0.6,0.6,0.5,0.5,1.5,1.0,0.65,0.6074074074074074,1.2,1.0,0.5,0.46703296703296704,1.1,0.7,0.65,0.6063218390804598,H,4,1,3,5
2025-03-25,Iran,Uzbekistan,False,FIFA World Cup qualification,1.0,1693.1,1481.7,211.39999999999986,0.8572411586188238,0.14275884138117623,0.09999999999999998,0.10000000000000003,0.10638297872340424,0.3999999999999999,0.19999999999999996,0.32778741952653156,0.2151655324313998,0.5646298142577685,0.8328399648429395,0.6351428812412022,9,21,6,1616.04,19,75.74,78.83,74.88,72.88,1.0816410537870473,3.0277879714405382,75,4.330733340286331,0.047619047619047616,1.9459101490553132,50,0,1465.34,37,72.62,72.67,74.08,70.68,1.02815506508206,1.7082251998297293,40,3.713572066704308,0.02,0.0,3.1199999999999903,6.159999999999997,0.7999999999999972,2.1999999999999886,35,0.027619047619047616,1.9459101490553132,0.8,1.0,0.4,0.39361702127659576,0.9,1.7,0.3,0.35460992907801414,1.2,1.2,0.5,0.5,1.0,1.6,0.4,0.38064516129032255,D,2,2,0,4
2025-03-25,South Korea,Jordan,False,FIFA World Cup qualification,1.0,1748.6,1569.0,179.5999999999999,0.8333429258303661,0.16665707416963393,0.09999999999999998,0.15000000000000002,0.11363636363636365,0.3999999999999999,0.0,0.39811671042711777,0.3769483183317005,0.3663513244132289,1.2624221040434394,1.164947057322279,4,25,10,1589.65,23,80.06,83.51,76.56,79.68,1.048067269076305,3.481039116892159,210,5.351858133476067,0.04,2.3978952727983707,63,0,1391.0,42,70.24,72.37,69.09,67.57,1.0710374426520648,2.453188401516149,20,3.044522437723423,0.015873015873015872,0.0,9.820000000000007,11.14,7.469999999999999,12.110000000000014,190,0.02412698412698413,2.3978952727983707,1.0,1.2,0.5,0.5,1.3,1.9,0.5,0.49062500000000003,1.4,1.2,0.6,0.6136363636363636,1.6,1.0,0.65,0.6355932203389831,D,1,1,0,2
2025-03-25,Japan,Saudi Arabia,False,FIFA World Cup qualification,1.0,1836.3,1632.6,203.70000000000005,0.8517303905628775,0.14826960943712253,0.19999999999999996,0.3,0.08794126835363952,1.9999999999999998,0.19999999999999996,0.5046163142767048,0.3536210339303705,0.2934951268564714,0.9669022864078871,0.12760086263420067,5,18,7,1661.58,17,76.86,73.58,78.41,76.46,0.9623332461417735,2.4298765400735887,290,5.673323267171493,0.05555555555555555,2.0794415416798357,61,6,1421.0,41,75.74,75.38,76.06,74.85,1.0070808283233132,0.6065476073648342,55,4.02535169073515,0.01639344262295082,1.9459101490553132,1.1200000000000045,-1.7999999999999972,2.3499999999999943,1.6099999999999994,235,0.03916211293260473,0.13353139262452252,0.8,1.0,0.4,0.3969072164948454,0.7,1.2,0.3,0.370253164556962,2.8,1.2,0.6,0.4848484848484849,2.5,1.3,0.6,0.5181818181818181,D,0,0,0,0
2025-05-30,Saudi Arabia,Jordan,False,Friendly,0.3,1646.7,1582.3,64.40000000000009,0.7203830539542119,0.27961694604578813,0.0,-0.15000000000000002,-0.07782291958531795,0.4,0.0,0.44206302587842533,0.5408826697697454,0.13947304319118634,0.9834145406979246,0.8735376414782954,7,61,6,1421.0,41,75.74,75.38,76.06,74.85,1.0070808283233132,0.6065476073648342,55,4.02535169073515,0.01639344262295082,1.9459101490553132,63,0,1391.0,42,70.24,72.37,69.09,67.57,1.0710374426520648,2.453188401516149,20,3.044522437723423,0.015873015873015872,0.0,5.5,3.009999999999991,6.969999999999999,7.280000000000001,35,0.0005204267499349484,1.9459101490553132,0.6,1.2,0.4,0.3975903614457831,1.3,1.7,0.55,0.5582191780821918,1.0,1.2,0.4,0.31976744186046513,1.0,1.2,0.4,0.41925465838509324,H,2,0,2,2
2025-06-04,Germany,Portugal,False,UEFA Nations League,0.7,1887.5,2023.2,-135.70000000000005,0.4488036230945714,0.5511963769054287,-0.20000000000000007,-0.20000000000000007,-0.22368421052631582,0.0,0.7999999999999999,0.43496352050372245,0.5650364794962776,0.18895026788607086,1.701022544518601,2.0,2,10,20,1731.3,10,83.78,84.42,84.51,82.18,1.0272572402044293,1.3200126262022376,850,6.7464121285733745,0.1,3.044522437723423,5,8,1763.83,5,83.74,82.45,86.12,82.24,1.0025535019455254,2.182025053323941,850,6.7464121285733745,0.2,2.1972245773362196,0.04000000000000625,1.9699999999999989,-1.6099999999999994,-0.05999999999998806,0,-0.1,0.8472978603872034,1.4,0.4,0.8,0.7960526315789473,2.3,0.7,0.8,0.8453237410071942,1.4,1.2,0.6,0.5723684210526315,1.8,1.3,0.6,0.6196581196581196,A,1,2,-1,3
2025-06-05,Iraq,South Korea,False,FIFA World Cup qualification,1.0,1562.5,1735.3,-172.79999999999995,0.3967391958310461,0.6032608041689539,-0.39999999999999997,-0.24999999999999994,-0.38228021978021975,-0.40000000000000013,0.40000000000000013,0.2808455732217569,0.6740522178193116,0.18552499556980992,0.5244937391475414,1.958029076080453,5,57,1,1447.0,39,70.2,71.16,69.09,70.18,1.013964092333998,1.0354870029765348,15,2.772588722239781,0.017543859649122806,0.6931471805599453,25,10,1589.65,23,80.06,83.51,76.56,79.68,1.048067269076305,3.481039116892159,210,5.351858133476067,0.04,2.3978952727983707,-9.86,-12.350000000000009,-7.469999999999999,-9.5,-195,-0.022456140350877195,-1.7047480922384253,1.6,1.2,0.7,0.7197802197802198,1.7,1.0,0.7,0.6969696969696969,1.2,1.6,0.3,0.3375,1.0,1.0,0.45,0.4396551724137931,A,0,2,-2,2
2025-06-05,Qatar,Iran,False,FIFA World Cup qualification,1.0,1532.0,1678.8,-146.79999999999995,0.4330537971218377,0.5669462028781622,-0.09999999999999998,-0.04999999999999999,-0.05443492677535233,0.19999999999999996,1.0,0.5524652937979568,0.44753470620204316,0.15105906612309342,1.5084632179552873,1.8682046831182346,4,55,1,1454.0,38,72.65,75.52,71.59,70.64,1.0690826727066818,2.587205699849418,18,2.9444389791664403,0.01818181818181818,0.6931471805599453,21,6,1616.04,19,75.74,78.83,74.88,72.88,1.0816410537870473,3.0277879714405382,75,4.330733340286331,0.047619047619047616,1.9459101490553132,-3.089999999999989,-3.3100000000000023,-3.289999999999992,-2.239999999999995,-57,-0.029437229437229435,-1.252762968495368,1.6,1.0,0.6,0.6063829787234043,1.3,1.6,0.45,0.4497041420118344,1.8,2.0,0.5,0.551948051948052,1.2,1.8,0.4,0.45199999999999996,H,1,0,1,1
2025-06-05,Australia,Japan,False,FIFA World Cup qualification,1.0,1656.6,1822.2,-165.60000000000014,0.40670009774874794,0.5932999022512521,-0.09999999999999998,-0.25,-0.05144927536231886,-1.2000000000000002,-0.19999999999999996,0.45869331637996485,0.41578226072915747,0.2788714159725077,0.8494876042482822,0.8890074478307524,4,27,6,1578.66,24,73.3,73.31,72.57,72.76,1.0075590984057174,0.3843175770115159,120,4.795790545596741,0.037037037037037035,1.9459101490553132,18,7,1661.58,17,76.86,73.58,78.41,76.46,0.9623332461417735,2.4298765400735887,290,5.673323267171493,0.05555555555555555,2.0794415416798357,-3.5600000000000023,-0.269999999999996,-5.840000000000003,-3.6999999999999886,-170,-0.018518518518518517,-0.13353139262452252,2.2,1.2,0.5,0.45,2.5,1.3,0.6,0.5181818181818182,1.0,1.0,0.4,0.39855072463768115,1.2,1.4,0.35,0.3230088495575221,H,1,0,1,1
2025-06-05,Ecuador,Brazil,False,FIFA World Cup qualification,1.0,1821.1,1945.1,-124.0,0.46551605527316847,0.5344839447268315,-0.19999999999999996,-0.2,-0.20947576222855885,-0.6000000000000001,-0.19999999999999996,0.29635464835742453,0.4580251896841232,0.39379748613716453,0.24244370698735074,0.7479110494205677,5,23,4,1596.48,21,79.42,73.4,81.21,78.83,0.9311175948243056,4.003028020553102,220,5.3981627015177525,0.043478260869565216,1.6094379124341003,6,22,1761.16,6,85.24,85.72,84.39,84.78,1.0110875206416607,0.6836909633257792,1000,6.90875477931522,0.16666666666666666,3.1354942159291497,-5.819999999999993,-12.319999999999993,-3.180000000000007,-5.950000000000003,-780,-0.12318840579710144,-1.5260563034950494,0.8,0.6,0.6,0.6030927835051546,1.6,1.1,0.65,0.6442953020134228,0.2,0.4,0.4,0.39361702127659576,0.5,0.6,0.45,0.4397590361445783,D,0,0,0,0
2025-06-05,Spain,France,True,UEFA Nations League,0.7,2053.2,2041.1,12.099999999999909,0.5174062630288059,0.4825937369711941,0.4,0.25,0.42763157894736836,1.6,0.3999999999999999,0.6164145419627763,0.3835854580372237,0.1645321010805268,3.271638735859285,2.5905962425106384,3,2,16,1876.4,2,84.31,84.06,85.96,81.55,1.030778663396689,2.2120201927951126,920,6.825460036255307,0.5,2.833213344056216,1,16,1877.32,1,84.99,86.44,82.82,84.39,1.024291977722479,1.815296119094625,1280,7.155396301896734,1.0,2.833213344056216,-0.6799999999999926,-2.3799999999999955,3.1400000000000006,-2.8400000000000034,-360,-0.5,0.0,1.0,1.0,0.5,0.48026315789473684,0.7,0.7,0.55,0.5899280575539567,2.6,1.4,0.9,0.9078947368421052,2.2,1.2,0.8,0.8848920863309352,H,5,4,1,9
2025-06-05,Paraguay,Uruguay,False,FIFA World Cup qualification,1.0,1771.2,1899.0,-127.79999999999995,0.46007774672295515,0.5399222532770449,0.0,-0.25,0.015463917525773252,-0.3999999999999999,0.0,0.4432294221694167,0.39513644359646793,0.3098113513590455,0.7212285098304706,0.2425341523709063,5,40,8,1503.5,32,74.7,74.93,75.23,74.05,1.011883862255233,0.6132971003790402,100,4.61512051684126,0.025,2.1972245773362196,17,14,1673.07,16,82.26,82.38,83.75,80.54,1.0228457909113482,1.6107244746800498,270,5.602118820879701,0.058823529411764705,2.70805020110221,-7.560000000000002,-7.449999999999989,-8.519999999999996,-6.490000000000009,-170,-0.033823529411764704,-0.5108256237659905,1.2,1.0,0.6,0.6030927835051546,1.4,0.7,0.65,0.6257309941520467,0.8,1.0,0.6,0.6185567010309279,0.6,1.1,0.4,0.3975903614457831,H,2,0,2,2
2025-06-06,Morocco,Tunisia,False,Friendly,0.3,1767.5,1735.6,31.90000000000009,0.6811968364269758,0.3188031635730242,-0.09999999999999998,-0.050000000000000044,-0.17395104895104896,0.0,0.0,0.610238061784037,0.389761938215963,0.1948809691079815,1.8768614673232002,0.0,2,8,6,1756.21,8,80.56,78.97,78.23,82.18,0.9609394013141883,2.0997698286558326,310,5.739792912179234,0.125,1.9459101490553132,44,6,1483.05,35,72.99,70.78,75.39,71.78,0.9860685427695737,2.42501546386822,80,4.394449154672439,0.022727272727272728,1.9459101490553132,7.570000000000007,8.189999999999998,2.8400000000000034,10.400000000000006,230,0.10227272727272727,0.0,1.0,1.0,0.6,0.5681818181818181,1.0,1.2,0.55,0.5294117647058824,1.0,1.0,0.5,0.39423076923076916,0.9,1.0,0.5,0.46381578947368424,H,2,0,2,2
2025-06-07,Ivory Coast,New Zealand,True,Canadian Shield,0.45,1737.6,1424.9,312.6999999999998,0.8581545219520238,0.1418454780479762,0.3,0.25,0.41346153846153844,0.6000000000000001,-0.19999999999999996,0.4005735179942115,0.5994264820057885,0.20028675899710574,0.0,1.0,1,34,3,1532.98,30,78.81,77.58,80.29,78.73,0.9853931157119268,1.3601593043953875,145,4.983606621708336,0.029411764705882353,1.3862943611198906,85,2,1281.0,48,71.79,75.19,70.01,71.34,1.0539669189795347,2.690223039080585,9,2.302585092994046,0.011764705882352941,1.0986122886681098,7.019999999999996,2.3900000000000006,10.280000000000001,7.390000000000001,136,0.01764705882352941,0.2876820724517808,0.2,1.4,0.2,0.19230769230769232,0.5,1.8,0.2,0.19565217391304346,0.8,1.2,0.5,0.6057692307692307,0.8,1.0,0.45,0.576923076923077,A,0,1,-1,1
2025-06-07,Mexico,Switzerland,True,Friendly,0.3,1783.2,1798.7,-15.5,0.4777084937505609,0.5222915062494391,0.4,0.09999999999999998,0.34859154929577474,0.3999999999999999,-1.6,0.4005735179942115,0.5994264820057885,0.20028675899710574,2.0,4.0,1,15,17,1684.13,14,77.71,79.23,77.3,75.4,1.0507957559681698,1.9150195821453098,230,5.442417710521793,0.06666666666666667,2.8903717578961645,19,12,1650.75,18,79.03,79.12,77.93,79.65,0.9933458882611425,0.8808518604169482,280,5.638354669333745,0.05263157894736842,2.5649493574615367,-1.3200000000000074,0.10999999999999943,-0.6300000000000097,-4.25,-50,0.014035087719298248,0.3254224004346278,1.0,1.6,0.4,0.4014084507042254,1.0,1.9,0.4,0.38965517241379305,1.4,0.0,0.8,0.7500000000000001,1.4,1.2,0.5,0.5290697674418605,A,2,4,-2,6
2025-06-07,United States,Turkey,False,Friendly,0.3,1633.1,1818.7,-185.60000000000014,0.3792451965745838,0.6207548034254162,-0.3,-0.3,-0.37777777777777777,-0.8,-1.4000000000000001,0.4005735179942115,0.5994264820057885,0.20028675899710574,1.0,2.0,1,16,11,1675.7,15,,,,,,,250,5.5254529391317835,0.0625,2.4849066497880004,22,2,1599.04,20,80.6,73.08,82.57,79.88,0.9148723084626941,4.891083724492965,460,6.133398042996649,0.045454545454545456,1.0986122886681098,,,,,-210,0.017045454545454544,1.3862943611198906,1.6,2.6,0.6,0.6349206349206349,1.5,2.1,0.6,0.6000000000000001,0.8,1.2,0.3,0.2571428571428571,0.9,1.5,0.3,0.25,A,1,2,-1,3
2025-06-08,Germany,France,False,UEFA Nations League,0.7,1865.1,2016.9,-151.80000000000018,0.4260012912113122,0.5739987087886878,0.09999999999999998,0.04999999999999993,0.09589041095890416,1.2000000000000002,0.0,0.4795350197742455,0.5013202101367101,0.1653009894903818,0.9490923831918627,1.1079821578361368,6,10,20,1731.3,10,83.78,84.42,84.51,82.18,1.0272572402044293,1.3200126262022376,850,6.7464121285733745,0.1,3.044522437723423,1,16,1877.32,1,84.99,86.44,82.82,84.39,1.024291977722479,1.815296119094625,1280,7.155396301896734,1.0,2.833213344056216,-1.2099999999999937,-2.019999999999996,1.690000000000012,-2.2099999999999937,-430,-0.9,0.21130909366720685,1.4,1.0,0.6,0.5753424657534245,0.9,0.5,0.65,0.653061224489796,2.6,1.0,0.7,0.6712328767123287,2.3,1.0,0.7,0.6920000000000001,A,0,2,-2,2
2025-06-08,Portugal,Spain,True,UEFA Nations League,0.7,2045.7,2077.3,-31.600000000000136,0.4546489278574164,0.5453510721425836,-0.10000000000000009,0.0,-0.1164383561643837,-1.7999999999999998,-1.2000000000000002,0.3075204245554147,0.3755536582177983,0.4706861295044943,1.100922119780034,1.2776505687732373,6,5,8,1763.83,5,83.74,82.45,86.12,82.24,1.0025535019455254,2.182025053323941,850,6.7464121285733745,0.2,2.1972245773362196,2,16,1876.4,2,84.31,84.06,85.96,81.55,1.030778663396689,2.2120201927951126,920,6.825460036255307,0.5,2.833213344056216,-0.5700000000000074,-1.6099999999999994,0.1600000000000108,0.6899999999999977,-70,-0.3,-0.6359887667199966,2.8,1.8,0.8,0.8082191780821918,2.4,1.5,0.75,0.8308823529411763,1.0,0.6,0.7,0.6917808219178081,2.1,0.8,0.75,0.7904411764705881,D,2,2,0,4
2025-06-09,Croatia,Czech Republic,False,FIFA World Cup qualification,1.0,1903.7,1704.1,199.60000000000014,0.8487250492767745,0.1512749507232255,0.3,0.25,0.3947368421052631,0.19999999999999996,-1.2000000000000002,0.46821463956480336,0.3127191654951563,0.37542577768761853,2.2016646837534495,0.5411052946331987,3,11,6,1717.07,11,80.81,78.83,81.31,81.29,0.9697379751506949,1.4260902262246042,340,5.831882477283517,0.09090909090909091,1.9459101490553132,41,9,1503.04,33,,,,,,,95,4.564348191467836,0.024390243902439025,2.302585092994046,,,,,245,0.0665188470066519,-0.35667494393873267,1.0,2.2,0.2,0.10526315789473684,0.9,1.9,0.25,0.20300751879699247,1.2,1.0,0.5,0.49999999999999994,1.2,1.2,0.5,0.42578124999999994,H,5,1,4,6
2025-06-10,Canada,Ivory Coast,False,Canadian Shield,0.45,1712.3,1707.6,4.7000000000000455,0.6462741572246844,0.3537258427753156,-0.09999999999999998,-0.20000000000000007,-0.2102842809364549,0.0,0.3999999999999999,0.400377096615795,0.400377096615795,0.39943435507630753,0.0,0.0,1,30,2,1556.48,27,78.82,80.96,76.66,78.52,1.031074885379521,2.1565095254446076,200,5.303304908059076,0.03333333333333333,1.0986122886681098,34,3,1532.98,30,78.81,77.58,80.29,78.73,0.9853931157119268,1.3601593043953875,145,4.983606621708336,0.029411764705882353,1.3862943611198906,0.009999999999990905,3.3799999999999955,-3.6300000000000097,-0.21000000000000796,55,0.00392156862745098,-0.2876820724517808,1.2,0.8,0.7,0.7211538461538463,1.0,1.0,0.55,0.6346153846153847,1.2,1.2,0.6,0.5108695652173914,0.7,1.8,0.35,0.27040816326530615,D,0,0,0,0
2025-06-10,Saudi Arabia,Australia,False,FIFA World Cup qualification,1.0,1655.1,1680.4,-25.300000000000182,0.6058755229071789,0.39412447709282106,-0.09999999999999998,-0.050000000000000044,-0.12596453228644916,-0.19999999999999996,0.19999999999999996,0.36321063133547826,0.45691265661562813,0.3324203872740199,0.5385709638024704,0.7789402407493583,4,61,6,1421.0,41,75.74,75.38,76.06,74.85,1.0070808283233132,0.6065476073648342,55,4.02535169073515,0.01639344262295082,1.9459101490553132,27,6,1578.66,24,73.3,73.31,72.57,72.76,1.0075590984057174,0.3843175770115159,120,4.795790545596741,0.037037037037037035,1.9459101490553132,2.4399999999999977,2.069999999999993,3.490000000000009,2.089999999999989,-65,-0.020643594414086214,0.0,1.0,0.8,0.5,0.4518072289156626,1.1,1.2,0.4,0.4115044247787611,0.8,1.0,0.4,0.32584269662921345,0.8,1.1,0.35,0.3571428571428571,A,1,2,-1,3
2025-06-10,Jordan,Iraq,False,FIFA World Cup qualification,1.0,1573.9,1538.7,35.200000000000045,0.685307950807767,0.31469204919223304,0.2,0.09999999999999998,0.1746987951807229,-0.7999999999999999,-1.2,0.48312904626075825,0.3788465890372518,0.2645051049517858,0.8043609285925262,0.5932957525333444,5,63,0,1391.0,42,70.24,72.37,69.09,67.57,1.0710374426520648,2.453188401516149,20,3.044522437723423,0.015873015873015872,0.0,57,1,1447.0,39,70.2,71.16,69.09,70.18,1.013964092333998,1.0354870029765348,15,2.772588722239781,0.017543859649122806,0.6931471805599453,0.03999999999999204,1.210000000000008,0.0,-2.6100000000000136,5,-0.001670843776106934,-0.6931471805599453,1.4,2.0,0.3,0.3253012048192771,1.1,1.3,0.4,0.4033613445378151,0.6,0.8,0.5,0.5,1.2,1.7,0.5,0.5343750000000002,A,0,1,-1,1
2025-06-10,Uzbekistan,Qatar,False,FIFA World Cup qualification,1.0,1496.0,1554.7,-58.700000000000045,0.5591571038861379,0.44084289611386207,-0.29999999999999993,-0.15000000000000002,-0.30729511452403024,-1.6,-1.2,0.471944427637254,0.4279754842285323,0.2508295505937413,2.1258417735875916,1.2078266222666816,4,50,0,1465.34,37,72.62,72.67,74.08,70.68,1.02815506508206,1.7082251998297293,40,3.713572066704308,0.02,0.0,55,1,1454.0,38,72.65,75.52,71.59,70.64,1.0690826727066818,2.587205699849418,18,2.9444389791664403,0.01818181818181818,0.6931471805599453,-0.030000000000001137,-2.8499999999999943,2.489999999999995,0.04000000000000625,22,0.0018181818181818195,-0.6931471805599453,2.2,2.0,0.7,0.6868131868131868,1.4,1.8,0.5,0.5625,0.6,0.8,0.4,0.37951807228915657,0.9,1.4,0.35,0.375886524822695,H,3,0,3,3
2025-06-10,Brazil,Paraguay,False,FIFA World Cup qualification,1.0,1943.7,1803.6,140.10000000000014,0.7993323407455276,0.20066765925447239,-0.19999999999999996,0.14999999999999997,-0.19999999999999996,0.0,0.7999999999999999,0.5980316719436943,0.3793378958184875,0.15833274228573807,1.793762096531162,0.4582370023494872,6,6,22,1761.16,6,85.24,85.72,84.39,84.78,1.0110875206416607,0.6836909633257792,1000,6.90875477931522,0.16666666666666666,3.1354942159291497,40,8,1503.5,32,74.7,74.93,75.23,74.05,1.011883862255233,0.6132971003790402,100,4.61512051684126,0.025,2.1972245773362196,10.539999999999992,10.789999999999992,9.159999999999997,10.730000000000004,900,0.14166666666666666,0.9382696385929301,1.0,0.6,0.7,0.7,0.8,1.1,0.45,0.4222222222222222,1.0,1.4,0.5,0.5,1.4,1.2,0.6,0.5705521472392638,H,1,0,1,1
2025-06-10,Haiti,Curaçao,True,FIFA World Cup qualification,1.0,1478.8,1419.1,59.700000000000045,0.5850795061441243,0.4149204938558757,0.30000000000000004,0.12777777777777777,0.10295040803515382,0.8,-1.2,0.37386134647237257,0.5929843864296519,0.22008494033416176,0.8689034944965468,3.9499342411129237,3,83,1,1291.0,47,69.56,70.06,68.5,69.54,1.0074777106701178,0.7943131204590139,10,2.3978952727983707,0.012048192771084338,0.6931471805599453,82,0,1294.0,46,,,,,,,12,2.5649493574615367,0.012195121951219513,0.0,,,,,-2,-0.00014692918013517464,0.6931471805599453,0.2,3.0,0.1,0.18518518518518517,0.4444444444444444,2.111111111111111,0.2222222222222222,0.24766355140186921,1.0,1.8,0.4,0.288135593220339,0.9,1.5,0.35,0.27235772357723576,A,1,5,-4,6
2025-06-10,United States,Switzerland,False,Friendly,0.3,1625.6,1813.0,-187.4000000000001,0.37680894887271554,0.6231910511272845,0.0,-0.09999999999999998,-0.09778481012658224,-0.3999999999999999,-0.8,0.37790250679738874,0.6220974932026112,0.18895125339869437,0.2298718574782827,3.5402562850434345,2,16,11,1675.7,15,,,,,,,250,5.5254529391317835,0.0625,2.4849066497880004,19,12,1650.75,18,79.03,79.12,77.93,79.65,0.9933458882611425,0.8808518604169482,280,5.638354669333745,0.05263157894736842,2.5649493574615367,,,,,-30,0.009868421052631582,-0.08004270767353638,1.2,2.0,0.3,0.3227848101265822,1.0,2.1,0.3,0.29310344827586204,0.8,1.2,0.3,0.22499999999999998,0.8,1.7,0.2,0.13043478260869565,A,0,4,-4,4
2025-06-10,Sweden,Algeria,False,Friendly,0.3,1683.8,1770.6,-86.79999999999995,0.5189871922607888,0.4810128077392112,-0.3,-0.24999999999999994,-0.40405405405405403,-0.40000000000000013,1.0,0.6335278441214959,0.3664721558785042,0.1832360779392521,3.3658062955118258,2.048709443267738,2,38,12,1514.77,31,79.87,84.25,74.43,75.32,1.1185608072225173,5.430920732251576,140,4.948759890378168,0.02631578947368421,2.5649493574615367,28,4,1564.26,26,77.52,79.27,75.35,77.16,1.02734577501296,1.9619123323940861,160,5.081404364984463,0.03571428571428571,1.6094379124341003,2.3500000000000085,4.980000000000004,-0.9199999999999875,-1.8400000000000034,-20,-0.009398496240601503,0.9555114450274365,1.6,1.0,0.6,0.6,1.8,1.0,0.7,0.6233766233766234,1.2,2.0,0.3,0.19594594594594594,1.4,1.6,0.45,0.34701492537313433,H,4,3,1,7
2025-06-10,Mexico,Turkey,True,Friendly,0.3,1768.9,1826.3,-57.399999999999864,0.4181382004267017,0.5818617995732983,0.5,0.09999999999999998,0.4655405405405406,0.6000000000000001,-2.4,0.599622903384205,0.400377096615795,0.2001885483078975,1.0,0.0,1,15,17,1684.13,14,77.71,79.23,77.3,75.4,1.0507957559681698,1.9150195821453098,230,5.442417710521793,0.06666666666666667,2.8903717578961645,22,2,1599.04,20,80.6,73.08,82.57,79.88,0.9148723084626941,4.891083724492965,460,6.133398042996649,0.045454545454545456,1.0986122886681098,-2.8900000000000006,6.150000000000006,-5.269999999999996,-4.47999999999999,-230,0.02121212121212121,1.7917594692280547,1.2,2.6,0.4,0.45945945945945943,1.4,2.2,0.5,0.5000000000000001,1.8,0.2,0.9,0.925,1.4,1.0,0.6,0.6208791208791209,H,1,0,1,1
2025-06-10,England,Senegal,False,Friendly,0.3,1935.0,1750.7,184.29999999999995,0.8370666335487401,0.1629333664512599,0.09999999999999998,0.15000000000000002,0.16346153846153832,0.20000000000000018,-0.6000000000000001,0.45173023110643024,0.5482697688935697,0.1830439239336123,1.639541534320875,2.0406876985186875,2,4,16,1825.97,4,84.06,85.32,85.54,81.18,1.0509977827050996,2.456203031781639,1300,7.170888478512505,0.25,2.833213344056216,14,3,1686.41,13,79.32,80.15,76.69,79.3,1.0107187894073142,1.8030622100563654,260,5.564520407322694,0.07142857142857142,1.3862943611198906,4.740000000000009,5.1699999999999875,8.850000000000009,1.8800000000000097,1040,0.17857142857142858,1.4469189829363256,1.4,1.6,0.5,0.5000000000000001,1.2,1.3,0.5,0.5,1.6,1.0,0.6,0.6634615384615384,1.6,0.8,0.65,0.6169354838709677,A,1,3,-2,4
2025-06-10,Argentina,Colombia,False,FIFA World Cup qualification,1.0,2041.1,1909.3,131.79999999999995,0.7915589456200709,0.2084410543799291,0.39999999999999997,0.09999999999999998,0.3682825180960737,0.19999999999999996,-0.8,0.3995163608859277,0.37881711702788384,0.3496237643278885,1.00068848731219,1.0015699244973322,8,3,18,1874.81,3,84.24,84.97,83.57,83.76,1.0144460362941738,0.7594076639065482,570,6.3473892096560105,0.3333333333333333,2.9444389791664403,13,6,1693.09,12,79.68,82.37,79.35,78.43,1.0502358791278847,2.0611647192788847,380,5.942799375126701,0.07692307692307693,1.9459101490553132,4.559999999999988,2.5999999999999943,4.219999999999999,5.329999999999998,190,0.2564102564102564,0.998528830111127,1.0,1.6,0.2,0.2061855670103093,1.9,1.1,0.55,0.5,1.2,0.8,0.6,0.574468085106383,1.1,0.7,0.65,0.6063218390804599,D,1,1,0,2
2025-06-15,Haiti,Saudi Arabia,True,Gold Cup,0.55,1434.9,1630.8,-195.89999999999986,0.24458746124896272,0.7554125387510373,-0.19999999999999996,-0.2,-0.12666666666666665,0.19999999999999996,1.2000000000000002,0.40004908019820823,0.5999509198017917,0.20002454009910411,0.0,1.0,1,83,1,1291.0,47,69.56,70.06,68.5,69.54,1.0074777106701178,0.7943131204590139,10,2.3978952727983707,0.012048192771084338,0.6931471805599453,61,6,1421.0,41,75.74,75.38,76.06,74.85,1.0070808283233132,0.6065476073648342,55,4.02535169073515,0.01639344262295082,1.9459101490553132,-6.179999999999993,-5.319999999999993,-7.560000000000002,-5.309999999999988,-45,-0.0043452498518664825,-1.252762968495368,1.0,0.6,0.6,0.4666666666666667,0.9,0.9,0.45,0.4319727891156462,1.2,1.8,0.4,0.34,0.7,1.6,0.25,0.18292682926829268,A,0,1,-1,1
2025-06-19,United States,Saudi Arabia,False,Gold Cup,0.55,1611.4,1639.4,-28.0,0.6021580931747169,0.3978419068252831,-0.39999999999999997,-0.25,-0.31666666666666665,-0.3999999999999999,0.7999999999999999,0.5514414999300292,0.3673001110788277,0.2649084445305569,0.693826461906788,0.0,2,16,11,1675.7,15,,,,,,,250,5.5254529391317835,0.0625,2.4849066497880004,61,6,1421.0,41,75.74,75.38,76.06,74.85,1.0070808283233132,0.6065476073648342,55,4.02535169073515,0.01639344262295082,1.9459101490553132,,,,,195,0.046106557377049176,0.5389965007326871,1.2,0.6,0.6,0.4666666666666667,1.0,0.9,0.45,0.40189873417721517,0.8,1.4,0.2,0.15,0.8,1.4,0.2,0.13043478260869565,H,1,0,1,1
2025-06-21,Curaçao,Canada,True,Gold Cup,0.55,1463.0,1707.2,-244.20000000000005,0.1969087058994823,0.8030912941005177,-0.7,-0.25,-0.65,-0.7999999999999999,2.4,0.3377748376305449,0.49260750189941815,0.33850507928530954,0.5227846839312944,1.8980563892409938,3,82,0,1294.0,46,,,,,,,12,2.5649493574615367,0.012195121951219513,0.0,30,2,1556.48,27,78.82,80.96,76.66,78.52,1.031074885379521,2.1565095254446076,200,5.303304908059076,0.03333333333333333,1.0986122886681098,,,,,-188,-0.02113821138211382,-1.0986122886681098,1.2,1.0,0.7,0.65,0.8,1.5,0.45,0.3640776699029126,0.4,3.4,0.0,0.0,0.5,2.1,0.2,0.2245762711864407,D,1,1,0,2
2025-06-22,United States,Haiti,False,Gold Cup,0.55,1625.4,1426.3,199.10000000000014,0.8483551397068528,0.15164486029314717,-0.4,-0.1,-0.288135593220339,-0.9999999999999999,-0.3999999999999999,0.6235404514941281,0.376459548505872,0.188229774252936,1.7657369816325332,0.7657369816325333,2,16,11,1675.7,15,,,,,,,250,5.5254529391317835,0.0625,2.4849066497880004,83,1,1291.0,47,69.56,70.06,68.5,69.54,1.0074777106701178,0.7943131204590139,10,2.3978952727983707,0.012048192771084338,0.6931471805599453,,,,,240,0.050451807228915665,1.791759469228055,1.4,2.6,0.4,0.288135593220339,0.8,2.0,0.25,0.17045454545454544,0.4,2.2,0.0,0.0,0.7,1.7,0.15,0.09782608695652174,H,2,1,1,3
2025-06-28,Mexico,Saudi Arabia,True,Gold Cup,0.55,1780.6,1625.5,155.0999999999999,0.7094732976542099,0.29052670234579014,0.0,-0.050000000000000044,0.2295454545454545,0.20000000000000018,0.4,0.6348005176827444,0.3651994823172556,0.1825997411586278,2.0,0.315853132706518,2,15,17,1684.13,14,77.71,79.23,77.3,75.4,1.0507957559681698,1.9150195821453098,230,5.442417710521793,0.06666666666666667,2.8903717578961645,61,6,1421.0,41,75.74,75.38,76.06,74.85,1.0070808283233132,0.6065476073648342,55,4.02535169073515,0.01639344262295082,1.9459101490553132,1.9699999999999989,3.8500000000000085,1.2399999999999949,0.5500000000000114,175,0.05027322404371584,0.9444616088408513,1.4,0.6,0.7,0.5454545454545455,1.1,0.8,0.55,0.4570552147239263,1.6,1.0,0.7,0.775,1.3,1.4,0.5,0.5290697674418605,H,2,0,2,2
2025-07-06,United States,Mexico,False,Gold Cup,0.55,1630.7,1795.8,-165.0999999999999,0.40739478702674947,0.5926052129732505,-0.6000000000000001,-0.35,-0.6055555555555556,-1.2000000000000002,0.8,0.46032287936138394,0.4405605693471523,0.2089240279939869,1.2646380603690555,1.0420859802399014,10,16,11,1675.7,15,,,,,,,250,5.5254529391317835,0.0625,2.4849066497880004,15,17,1684.13,14,77.71,79.23,77.3,75.4,1.0507957559681698,1.9150195821453098,230,5.442417710521793,0.06666666666666667,2.8903717578961645,,,,,20,-0.004166666666666666,-0.40546510810816416,1.8,1.0,0.8,0.8500000000000001,1.4,1.2,0.6,0.6358024691358024,0.6,1.8,0.2,0.24444444444444446,0.7,1.5,0.25,0.23255813953488372,A,1,2,-1,3
2025-09-04,Paraguay,Ecuador,False,FIFA World Cup qualification,1.0,1795.6,1822.4,-26.800000000000182,0.603811767208289,0.396188232791711,0.30000000000000004,0.10000000000000003,0.30000000000000004,0.9999999999999999,0.19999999999999996,0.3614011405435663,0.35254985378194004,0.4379323305313391,0.4405557776936394,0.39544985278988565,4,40,8,1503.5,32,74.7,74.93,75.23,74.05,1.011883862255233,0.6132971003790402,100,4.61512051684126,0.025,2.1972245773362196,23,4,1596.48,21,79.42,73.4,81.21,78.83,0.9311175948243056,4.003028020553102,220,5.3981627015177525,0.043478260869565216,1.6094379124341003,-4.719999999999999,1.5300000000000011,-5.97999999999999,-4.780000000000001,-120,-0.018478260869565215,0.5877866649021193,0.4,0.4,0.5,0.5,0.4,0.5,0.45,0.4833333333333333,1.4,0.6,0.8,0.8,1.0,1.0,0.55,0.5333333333333333,D,0,0,0,0
2025-09-05,Australia,New Zealand,False,Soccer Ashes,0.45,1704.6,1455.0,249.5999999999999,0.882099038058154,0.11790096194184596,0.3,0.25,0.32364975450081834,0.6000000000000001,-0.5999999999999999,0.7379099456726588,0.2620900543273412,0.1310450271636706,1.8796099958558867,0.2953850601117501,5,27,6,1578.66,24,73.3,73.31,72.57,72.76,1.0075590984057174,0.3843175770115159,120,4.795790545596741,0.037037037037037035,1.9459101490553132,85,2,1281.0,48,71.79,75.19,70.01,71.34,1.0539669189795347,2.690223039080585,9,2.302585092994046,0.011764705882352941,1.0986122886681098,1.509999999999991,-1.8799999999999955,2.559999999999988,1.4200000000000017,111,0.025272331154684094,0.8472978603872034,0.2,1.4,0.2,0.1923076923076923,0.4,1.8,0.15,0.1521739130434783,0.8,0.8,0.5,0.5159574468085106,0.9,1.1,0.4,0.47637795275590544,H,1,0,1,1
2025-09-06,Mexico,Japan,True,Friendly,0.3,1810.1,1798.5,11.599999999999909,0.5166875417167768,0.4833124582832232,0.4,0.09999999999999998,0.44113475177304967,0.8,0.0,0.4233008178975366,0.375712858227493,0.38884275298871696,0.3828872318678606,0.0,2,15,17,1684.13,14,77.71,79.23,77.3,75.4,1.0507957559681698,1.9150195821453098,230,5.442417710521793,0.06666666666666667,2.8903717578961645,18,7,1661.58,17,76.86,73.58,78.41,76.46,0.9623332461417735,2.4298765400735887,290,5.673323267171493,0.05555555555555555,2.0794415416798357,0.8499999999999943,5.650000000000006,-1.1099999999999994,-1.059999999999988,-60,0.011111111111111113,0.8109302162163288,1.0,1.0,0.4,0.425531914893617,2.4,1.2,0.6,0.5161290322580645,1.8,1.0,0.8,0.8666666666666667,1.6,0.8,0.7,0.7267441860465117,D,0,0,0,0
2025-09-06,United States,South Korea,False,Friendly,0.3,1616.4,1759.1,-142.69999999999982,0.43885729468470397,0.561142705315296,-0.29999999999999993,-0.4,-0.22387706855791956,-0.6000000000000001,0.6000000000000001,0.3944856242024512,0.6055143757975487,0.1972428121012256,0.0,2.0,1,16,11,1675.7,15,,,,,,,250,5.5254529391317835,0.0625,2.4849066497880004,25,10,1589.65,23,80.06,83.51,76.56,79.68,1.048067269076305,3.481039116892159,210,5.351858133476067,0.04,2.3978952727983707,,,,,40,0.0225,0.08701137698962969,1.6,1.2,0.7,0.7127659574468085,1.7,0.9,0.75,0.6986301369863014,1.0,1.8,0.4,0.48888888888888893,0.9,1.5,0.35,0.3875,A,0,2,-2,2
2025-09-07,Turkey,Spain,False,FIFA World Cup qualification,1.0,1814.6,2075.1,-260.5,0.28416141370972153,0.7158385862902785,-0.20000000000000007,-0.35,-0.25945945945945936,-2.0,-0.7999999999999998,0.3222284050565291,0.494745040711884,0.3441407567598514,1.0295601740524802,3.9408796518950395,2,22,2,1599.04,20,80.6,73.08,82.57,79.88,0.9148723084626941,4.891083724492965,460,6.133398042996649,0.045454545454545456,1.0986122886681098,2,16,1876.4,2,84.31,84.06,85.96,81.55,1.030778663396689,2.2120201927951126,920,6.825460036255307,0.5,2.833213344056216,-3.710000000000008,-10.980000000000004,-3.3900000000000006,-1.6700000000000017,-460,-0.45454545454545453,-1.7346010553881064,3.4,2.4,0.8,0.7999999999999999,2.9,1.8,0.85,0.8819444444444445,1.4,1.6,0.6,0.5405405405405406,1.4,2.2,0.5,0.5,A,0,6,-6,6
2025-09-08,Czech Republic,Saudi Arabia,False,Friendly,0.3,1692.7,1610.2,82.5,0.7408813543326925,0.25911864566730747,-0.3,-0.2,-0.2970588235294119,0.3999999999999999,1.2000000000000002,0.39434880723943344,0.39434880723943344,0.4084767891408498,1.0,1.0,1,41,9,1503.04,33,,,,,,,95,4.564348191467836,0.024390243902439025,2.302585092994046,61,6,1421.0,41,75.74,75.38,76.06,74.85,1.0070808283233132,0.6065476073648342,55,4.02535169073515,0.01639344262295082,1.9459101490553132,,,,,40,0.007996801279488205,0.35667494393873267,0.8,0.6,0.5,0.39705882352941185,0.9,0.9,0.45,0.3538961038961039,1.2,1.8,0.2,0.09999999999999999,1.0,2.0,0.25,0.2076923076923077,D,1,1,0,2
2025-09-09,Bosnia and Herzegovina,Austria,False,FIFA World Cup qualification,1.0,1638.9,1813.2,-174.29999999999995,0.39467444608005575,0.6053255539199442,-0.3,-0.5,-0.28169014084507044,-0.6,2.8000000000000003,0.3290000632015365,0.4742437062927322,0.3511056680368328,0.9440293836373382,1.323649846241578,4,65,1,1385.0,43,,,,,,,70,4.2626798770413155,0.015384615384615385,0.6931471805599453,24,7,1593.45,22,78.91,78.39,79.48,78.32,1.0008937691521962,0.6504613747179809,195,5.278114659230517,0.041666666666666664,2.0794415416798357,,,,,-125,-0.02628205128205128,-1.3862943611198904,1.2,1.6,0.3,0.28169014084507044,2.1,1.3,0.55,0.49253731343283585,0.6,4.4,0.0,0.0,0.5,3.1,0.05,0.0704225352112676,A,1,2,-1,3
2025-09-09,DR Congo,Senegal,False,FIFA World Cup qualification,1.0,1604.4,1775.8,-171.39999999999986,0.39866962184425336,0.6013303781557466,0.0,-0.25000000000000006,0.030062671367019178,-0.6,-0.8,0.2865092085488432,0.44015446742985936,0.41659092829571903,1.359840482665894,1.7196809653317886,3,46,1,1478.35,36,74.39,76.91,71.1,74.48,1.032626208378088,2.9179159229376954,65,4.189654742026425,0.021739130434782608,0.6931471805599453,14,3,1686.41,13,79.32,80.15,76.69,79.3,1.0107187894073142,1.8030622100563654,260,5.564520407322694,0.07142857142857142,1.3862943611198906,-4.929999999999993,-3.240000000000009,-5.590000000000003,-4.819999999999993,-195,-0.049689440993788817,-0.6931471805599453,1.2,1.6,0.4,0.35507246376811596,1.3,1.3,0.55,0.5645161290322581,0.6,0.8,0.4,0.38513513513513514,0.6,1.2,0.3,0.3143939393939394,A,2,3,-1,5
2025-09-09,Ecuador,Argentina,False,FIFA World Cup qualification,1.0,1826.6,2029.5,-202.9000000000001,0.3560981264709218,0.6439018735290782,-0.09999999999999998,-0.25,-0.08762886597938147,-1.4000000000000001,-0.8,0.3718481423672996,0.49100944282620096,0.2581657428123545,0.5601759349441328,1.1054746234136885,8,23,4,1596.48,21,79.42,73.4,81.21,78.83,0.9311175948243056,4.003028020553102,220,5.3981627015177525,0.043478260869565216,1.6094379124341003,3,18,1874.81,3,84.24,84.97,83.57,83.76,1.0144460362941738,0.7594076639065482,570,6.3473892096560105,0.3333333333333333,2.9444389791664403,-4.819999999999993,-11.569999999999993,-2.3599999999999994,-4.930000000000007,-350,-0.28985507246376807,-1.33500106673234,1.6,1.0,0.6,0.5876288659793815,1.5,0.6,0.75,0.721264367816092,0.2,0.2,0.5,0.5,0.4,0.4,0.5,0.5388888888888889,H,1,0,1,1
2025-09-09,United States,Japan,False,Friendly,0.3,1603.2,1798.8,-195.5999999999999,0.3657906714678579,0.6342093285321422,0.0,-0.25,0.07651775486827034,0.19999999999999996,1.0,0.5572699525837921,0.44273004741620803,0.18137152395059658,1.4172462793911174,0.5827537206088825,2,16,11,1675.7,15,,,,,,,250,5.5254529391317835,0.0625,2.4849066497880004,18,7,1661.58,17,76.86,73.58,78.41,76.46,0.9623332461417735,2.4298765400735887,290,5.673323267171493,0.05555555555555555,2.0794415416798357,,,,,-40,0.0069444444444444475,0.4054651081081646,0.8,0.8,0.4,0.4123711340206186,2.3,1.1,0.6,0.463768115942029,1.0,1.8,0.4,0.48888888888888893,0.9,1.5,0.35,0.3647058823529412,H,2,0,2,2
2025-09-09,New Zealand,Australia,False,Soccer Ashes,0.45,1450.8,1708.7,-257.9000000000001,0.2872156760930448,0.7127843239069551,-0.19999999999999996,-0.25,-0.19547977795400479,-0.6,0.19999999999999996,0.2620900543273412,0.7379099456726588,0.1310450271636706,0.2953850601117501,1.8796099958558867,5,85,2,1281.0,48,71.79,75.19,70.01,71.34,1.0539669189795347,2.690223039080585,9,2.302585092994046,0.011764705882352941,1.0986122886681098,27,6,1578.66,24,73.3,73.31,72.57,72.76,1.0075590984057174,0.3843175770115159,120,4.795790545596741,0.037037037037037035,1.9459101490553132,-1.509999999999991,1.8799999999999955,-2.559999999999988,-1.4200000000000017,-111,-0.025272331154684094,-0.8472978603872034,1.0,0.8,0.6,0.6185567010309279,1.0,1.0,0.5,0.5709219858156028,0.4,1.0,0.4,0.4230769230769231,0.4,1.5,0.25,0.27083333333333337,A,1,3,-2,4
2025-09-09,Mexico,South Korea,True,Friendly,0.3,1809.7,1772.2,37.5,0.5537582446446209,0.44624175535537913,0.10000000000000009,0.050000000000000044,0.14501718213058412,0.19999999999999996,0.19999999999999996,0.43606624108241454,0.36708071119873126,0.3803934033182199,2.174467467157569,1.91496589102882,3,15,17,1684.13,14,77.71,79.23,77.3,75.4,1.0507957559681698,1.9150195821453098,230,5.442417710521793,0.06666666666666667,2.8903717578961645,25,10,1589.65,23,80.06,83.51,76.56,79.68,1.048067269076305,3.481039116892159,210,5.351858133476067,0.04,2.3978952727983707,-2.3500000000000085,-4.280000000000001,0.7399999999999949,-4.280000000000001,20,0.026666666666666665,0.49247648509779385,1.6,1.0,0.7,0.7216494845360826,1.8,0.9,0.75,0.725,1.8,1.2,0.8,0.8666666666666667,1.6,0.6,0.8,0.8076923076923077,D,2,2,0,4
2025-10-09,Czech Republic,Croatia,False,FIFA World Cup qualification,1.0,1687.9,1915.0,-227.0999999999999,0.32483353738474985,0.6751664626152502,-0.3,-0.35,-0.40909090909090906,0.19999999999999996,1.4,0.3127191654951563,0.46821463956480336,0.37542577768761853,0.5411052946331987,2.2016646837534495,3,41,9,1503.04,33,,,,,,,95,4.564348191467836,0.024390243902439025,2.302585092994046,11,6,1717.07,11,80.81,78.83,81.31,81.29,0.9697379751506949,1.4260902262246042,340,5.831882477283517,0.09090909090909091,1.9459101490553132,,,,,-245,-0.0665188470066519,0.35667494393873267,1.0,1.0,0.5,0.49999999999999994,1.2,1.3,0.5,0.43599999999999994,1.2,2.4,0.2,0.09090909090909091,0.9,2.4,0.15,0.09558823529411765,D,0,0,0,0
2025-10-10,Canada,Australia,False,Friendly,0.3,1696.6,1723.8,-27.200000000000045,0.6032608041689539,0.3967391958310461,-0.20000000000000007,-0.09999999999999998,-0.20551345701593937,-0.19999999999999996,0.4,0.39214207968610376,0.6078579203138962,0.19607103984305188,0.0,1.0,1,30,2,1556.48,27,78.82,80.96,76.66,78.52,1.031074885379521,2.1565095254446076,200,5.303304908059076,0.03333333333333333,1.0986122886681098,27,6,1578.66,24,73.3,73.31,72.57,72.76,1.0075590984057174,0.3843175770115159,120,4.795790545596741,0.037037037037037035,1.9459101490553132,5.519999999999996,7.6499999999999915,4.090000000000003,5.759999999999991,80,-0.003703703703703702,-0.8472978603872034,1.0,0.4,0.8,0.7752808988764045,1.1,0.8,0.6,0.6215277777777778,0.8,0.8,0.6,0.5697674418604651,0.8,1.1,0.5,0.39622641509433965,A,0,1,-1,1
2025-10-10,Japan,Paraguay,False,Kirin Cup,0.45,1779.8,1791.4,-11.600000000000136,0.6245418448917341,0.37545815510826586,-0.09999999999999998,0.0,-0.09999999999999998,-0.6,-0.4,0.46555817757172585,0.3447797926364597,0.36205192611004416,2.5819371000339792,1.5806367112053663,4,18,7,1661.58,17,76.86,73.58,78.41,76.46,0.9623332461417735,2.4298765400735887,290,5.673323267171493,0.05555555555555555,2.0794415416798357,40,8,1503.5,32,74.7,74.93,75.23,74.05,1.011883862255233,0.6132971003790402,100,4.61512051684126,0.025,2.1972245773362196,2.1599999999999966,-1.3500000000000085,3.1799999999999926,2.4099999999999966,190,0.03055555555555555,-0.11778303565638382,1.2,0.8,0.6,0.6,1.0,1.0,0.55,0.5333333333333333,0.6,0.4,0.5,0.5,1.9,1.0,0.55,0.4420289855072464,D,2,2,0,4
2025-10-10,South Korea,Brazil,False,Friendly,0.3,1773.3,1951.8,-178.5,0.38891331985220867,0.6110866801477913,0.5,0.19999999999999996,0.48372093023255813,1.2,-0.7999999999999999,0.3247683604086874,0.6752316395913127,0.1623841802043437,0.40319309101639783,4.608949813069251,4,25,10,1589.65,23,80.06,83.51,76.56,79.68,1.048067269076305,3.481039116892159,210,5.351858133476067,0.04,2.3978952727983707,6,22,1761.16,6,85.24,85.72,84.39,84.78,1.0110875206416607,0.6836909633257792,1000,6.90875477931522,0.16666666666666666,3.1354942159291497,-5.179999999999993,-2.2099999999999937,-7.829999999999998,-5.099999999999994,-790,-0.12666666666666665,-0.737598943130779,0.8,1.4,0.4,0.4,1.1,1.0,0.55,0.5480225988700564,2.0,0.6,0.9,0.8837209302325582,1.6,0.9,0.75,0.7250000000000001,A,0,5,-5,5
2025-10-10,United States,Ecuador,False,Friendly,0.3,1622.3,1852.3,-230.0,0.3211830802052434,0.6788169197947567,-0.19999999999999996,-0.15000000000000002,-0.11111111111111105,0.6000000000000001,1.8,0.40994351671670143,0.38065799384088694,0.3997274863628551,1.0,0.8773042124129811,2,16,11,1675.7,15,,,,,,,250,5.5254529391317835,0.0625,2.4849066497880004,23,4,1596.48,21,79.42,73.4,81.21,78.83,0.9311175948243056,4.003028020553102,220,5.3981627015177525,0.043478260869565216,1.6094379124341003,,,,,30,0.019021739130434784,0.8754687373539001,0.2,0.0,0.6,0.6,0.2,0.3,0.45,0.4833333333333333,0.8,1.8,0.4,0.48888888888888893,0.8,1.6,0.3,0.3294117647058824,D,1,1,0,2
2025-10-10,Sweden,Switzerland,False,FIFA World Cup qualification,1.0,1693.4,1827.2,-133.79999999999995,0.45151076440367793,0.548489235596322,-0.10000000000000003,0.04999999999999999,-0.10807656395891693,-0.19999999999999996,0.19999999999999973,0.3341174661001613,0.6658825338998388,0.15729255002216572,0.5333383501604178,2.855988497155934,3,38,12,1514.77,31,79.87,84.25,74.43,75.32,1.1185608072225173,5.430920732251576,140,4.948759890378168,0.02631578947368421,2.5649493574615367,19,12,1650.75,18,79.03,79.12,77.93,79.65,0.9933458882611425,0.8808518604169482,280,5.638354669333745,0.05263157894736842,2.5649493574615367,0.8400000000000034,5.1299999999999955,-3.5,-4.3300000000000125,-140,-0.02631578947368421,0.0,1.8,2.2,0.4,0.3382352941176471,1.2,2.2,0.3,0.25182481751824815,1.6,2.4,0.3,0.23015873015873015,1.5,2.1,0.35,0.22083333333333335,A,0,2,-2,2
2025-10-11,Mexico,Colombia,True,Friendly,0.3,1808.7,1921.0,-112.29999999999995,0.34378979447121577,0.6562102055287842,0.39999999999999997,0.30000000000000004,0.47500000000000003,0.0,-0.8,0.32355890884967053,0.6764410911503295,0.16177945442483527,0.990400963755455,3.504799518122272,3,15,17,1684.13,14,77.71,79.23,77.3,75.4,1.0507957559681698,1.9150195821453098,230,5.442417710521793,0.06666666666666667,2.8903717578961645,13,6,1693.09,12,79.68,82.37,79.35,78.43,1.0502358791278847,2.0611647192788847,380,5.942799375126701,0.07692307692307693,1.9459101490553132,-1.970000000000013,-3.1400000000000006,-2.049999999999997,-3.030000000000001,-150,-0.010256410256410262,0.9444616088408513,1.4,1.8,0.3,0.3,1.6,1.2,0.5,0.4837837837837837,1.4,1.0,0.7,0.775,1.6,0.6,0.8,0.85,A,0,4,-4,4
2025-10-13,Uzbekistan,Uruguay,True,Friendly,0.3,1526.8,1866.6,-339.79999999999995,0.12389559456453897,0.876104405435461,-0.09999999999999998,-0.15000000000000002,-0.11627906976744184,0.0,0.19999999999999996,0.38281458173555233,0.6171854182644476,0.19140729086777616,0.9007279142729903,2.0992720857270095,2,50,0,1465.34,37,72.62,72.67,74.08,70.68,1.02815506508206,1.7082251998297293,40,3.713572066704308,0.02,0.0,17,14,1673.07,16,82.26,82.38,83.75,80.54,1.0228457909113482,1.6107244746800498,270,5.602118820879701,0.058823529411764705,2.70805020110221,-9.64,-9.709999999999994,-9.670000000000002,-9.86,-230,-0.0388235294117647,-2.70805020110221,0.8,0.8,0.5,0.5,1.0,0.8,0.55,0.5459459459459459,0.8,1.0,0.4,0.38372093023255816,1.1,1.5,0.4,0.41447368421052627,A,1,2,-1,3
2025-10-14,Saudi Arabia,Iraq,False,FIFA World Cup qualification,1.0,1615.0,1566.1,48.90000000000009,0.7020622076692186,0.29793779233078144,0.30000000000000004,0.10000000000000003,0.17185652345289715,-0.19999999999999996,-1.2000000000000002,0.42815157283261523,0.3869935561553704,0.33404386541561293,1.0569711603749496,0.8942963805296045,5,61,6,1421.0,41,75.74,75.38,76.06,74.85,1.0070808283233132,0.6065476073648342,55,4.02535169073515,0.01639344262295082,1.9459101490553132,57,1,1447.0,39,70.2,71.16,69.09,70.18,1.013964092333998,1.0354870029765348,15,2.772588722239781,0.017543859649122806,0.6931471805599453,5.539999999999992,4.219999999999999,6.969999999999999,4.6699999999999875,40,-0.0011504170261719855,1.252762968495368,1.0,2.2,0.1,0.11627906976744184,0.9,1.5,0.3,0.3,0.8,1.0,0.4,0.288135593220339,0.8,1.0,0.4,0.31081081081081074,D,0,0,0,0
2025-10-14,United States,Australia,False,Friendly,0.3,1625.8,1735.9,-110.10000000000014,0.48546902461416536,0.5145309753858347,-0.30000000000000004,-0.35000000000000003,-0.24957264957264957,-0.19999999999999996,0.6,0.6081360977714696,0.39186390222853046,0.19593195111426523,2.0,1.0,1,16,11,1675.7,15,,,,,,,250,5.5254529391317835,0.0625,2.4849066497880004,27,6,1578.66,24,73.3,73.31,72.57,72.76,1.0075590984057174,0.3843175770115159,120,4.795790545596741,0.037037037037037035,1.9459101490553132,,,,,130,0.025462962962962965,0.5389965007326871,1.4,0.4,0.9,0.8717948717948718,1.2,0.7,0.65,0.6496598639455783,1.2,1.0,0.6,0.6222222222222222,0.8,1.6,0.3,0.3294117647058824,H,2,1,1,3
2025-10-14,Norway,New Zealand,False,Friendly,0.3,1708.0,1435.7,272.29999999999995,0.8950251551227245,0.10497484487727549,0.09999999999999998,0.2,0.05192307692307685,2.0,0.3999999999999999,0.39186390222853046,0.39186390222853046,0.41220414665720423,1.0,1.0,1,31,3,1550.94,28,82.05,84.71,81.34,77.67,1.0906398867001414,3.521065179743194,320,5.771441123130016,0.03225806451612903,1.3862943611198906,85,2,1281.0,48,71.79,75.19,70.01,71.34,1.0539669189795347,2.690223039080585,9,2.302585092994046,0.011764705882352941,1.0986122886681098,10.259999999999991,9.519999999999996,11.329999999999998,6.329999999999998,311,0.02049335863377609,0.2876820724517808,0.4,1.0,0.4,0.4230769230769231,0.4,1.5,0.25,0.26,2.4,1.4,0.5,0.4749999999999999,1.8,1.7,0.45,0.397887323943662,D,1,1,0,2
2025-10-14,Mexico,Ecuador,False,Friendly,0.3,1795.8,1848.8,-53.0,0.5672288443429522,0.4327711556570478,0.10000000000000009,0.25,0.15000000000000002,0.9999999999999999,0.6,0.3203183647418893,0.345731844588415,0.4819494756775843,0.823002066311379,0.8852898147572812,5,15,17,1684.13,14,77.71,79.23,77.3,75.4,1.0507957559681698,1.9150195821453098,230,5.442417710521793,0.06666666666666667,2.8903717578961645,23,4,1596.48,21,79.42,73.4,81.21,78.83,0.9311175948243056,4.003028020553102,220,5.3981627015177525,0.043478260869565216,1.6094379124341003,-1.710000000000008,5.829999999999998,-3.9099999999999966,-3.4299999999999926,10,0.02318840579710145,1.2809338454620642,0.4,0.0,0.7,0.7,0.3,0.3,0.5,0.5388888888888889,1.4,0.6,0.8,0.85,1.5,0.8,0.75,0.8125,D,1,1,0,2
2025-10-14,South Korea,Paraguay,False,Friendly,0.3,1757.8,1795.8,-38.0,0.5882899718631628,0.4117100281368372,0.20000000000000007,0.19999999999999996,0.21944444444444444,0.8,0.19999999999999996,0.5634705909818052,0.3630828450774219,0.25498798647948395,2.0,0.5364306903857627,2,25,10,1589.65,23,80.06,83.51,76.56,79.68,1.048067269076305,3.481039116892159,210,5.351858133476067,0.04,2.3978952727983707,40,8,1503.5,32,74.7,74.93,75.23,74.05,1.011883862255233,0.6132971003790402,100,4.61512051684126,0.025,2.1972245773362196,5.359999999999999,8.579999999999998,1.3299999999999983,5.63000000000001,110,0.015,0.2006706954621511,1.2,0.8,0.6,0.6,0.9,1.0,0.5,0.5154639175257733,2.0,1.0,0.8,0.8194444444444444,1.7,1.1,0.7,0.70625,H,2,0,2,2
2025-10-14,Canada,Colombia,True,Friendly,0.3,1684.5,1933.9,-249.4000000000001,0.19221804193221662,0.8077819580677834,0.39999999999999997,0.04999999999999999,0.3625,-0.19999999999999996,-0.8,0.39186390222853046,0.39186390222853046,0.41220414665720423,0.0,0.0,1,30,2,1556.48,27,78.82,80.96,76.66,78.52,1.031074885379521,2.1565095254446076,200,5.303304908059076,0.03333333333333333,1.0986122886681098,13,6,1693.09,12,79.68,82.37,79.35,78.43,1.0502358791278847,2.0611647192788847,380,5.942799375126701,0.07692307692307693,1.9459101490553132,-0.8600000000000136,-1.4100000000000108,-2.6899999999999977,0.0899999999999892,-180,-0.043589743589743594,-0.8472978603872034,1.2,1.8,0.2,0.2,1.5,1.2,0.45,0.43882978723404253,1.0,1.0,0.6,0.5625,0.9,1.2,0.5,0.4009009009009009,D,0,0,0,0
2025-10-14,Japan,Brazil,False,Kirin Cup,0.45,1775.4,1967.3,-191.89999999999986,0.3707457372265772,0.6292542627734228,-0.3,-0.14999999999999997,-0.2805555555555555,-0.8,-0.3999999999999999,0.5636063676573145,0.4363936323426854,0.18158516766261637,2.197287037228019,1.7324290124093398,2,18,7,1661.58,17,76.86,73.58,78.41,76.46,0.9623332461417735,2.4298765400735887,290,5.673323267171493,0.05555555555555555,2.0794415416798357,6,22,1761.16,6,85.24,85.72,84.39,84.78,1.0110875206416607,0.6836909633257792,1000,6.90875477931522,0.16666666666666666,3.1354942159291497,-8.379999999999995,-12.14,-5.980000000000004,-8.320000000000007,-710,-0.1111111111111111,-1.056052674249314,1.0,1.2,0.6,0.6,1.1,0.9,0.6,0.5968586387434555,0.2,0.8,0.3,0.3194444444444445,1.5,1.0,0.45,0.3985507246376812,H,3,2,1,5
2025-11-13,Canada,Ecuador,False,Friendly,0.3,1690.7,1850.1,-159.39999999999986,0.41533978957724044,0.5846602104227596,-0.29999999999999993,-0.050000000000000044,-0.29505813953488363,0.0,0.8,0.38976102932428375,0.38976102932428375,0.4153584560135744,0.0,0.0,1,30,2,1556.48,27,78.82,80.96,76.66,78.52,1.031074885379521,2.1565095254446076,200,5.303304908059076,0.03333333333333333,1.0986122886681098,23,4,1596.48,21,79.42,73.4,81.21,78.83,0.9311175948243056,4.003028020553102,220,5.3981627015177525,0.043478260869565216,1.6094379124341003,-0.6000000000000085,7.559999999999988,-4.549999999999997,-0.3100000000000023,-20,-0.010144927536231883,-0.5108256237659905,0.6,0.2,0.7,0.7325581395348837,0.4,0.3,0.55,0.5555555555555556,0.6,1.0,0.4,0.43750000000000006,0.9,1.1,0.5,0.445,D,0,0,0,0
2025-11-13,Iran,Cape Verde,True,Al Ain International Cup,0.45,1656.2,1548.2,108.0,0.6506046279338725,0.3493953720661275,0.09999999999999998,0.25,0.05600445806631382,0.8,-0.40000000000000013,0.38976102932428375,0.38976102932428375,0.4153584560135744,0.0,0.0,1,21,6,1616.04,19,75.74,78.83,74.88,72.88,1.0816410537870473,3.0277879714405382,75,4.330733340286331,0.047619047619047616,1.9459101490553132,69,0,1366.0,44,71.83,71.91,72.04,71.65,1.0036287508722959,0.19857828011475231,30,3.4339872044851463,0.014492753623188406,0.0,3.9099999999999966,6.920000000000002,2.839999999999989,1.2299999999999898,45,0.03312629399585921,1.9459101490553132,0.8,1.6,0.4,0.45945945945945943,0.5,1.8,0.25,0.32173913043478264,1.6,1.2,0.5,0.5154639175257733,1.5,1.6,0.5,0.4699453551912568,D,0,0,0,0
2025-11-14,Japan,Ghana,False,Kirin Cup,0.45,1797.5,1635.4,162.0999999999999,0.818878683581269,0.18112131641873097,0.09999999999999998,0.2,-0.002969826562128741,-0.4,-1.4,0.6251493340921916,0.3748506659078083,0.17675309287943555,2.3424367115662545,0.38977174924386604,3,18,7,1661.58,17,76.86,73.58,78.41,76.46,0.9623332461417735,2.4298765400735887,290,5.673323267171493,0.05555555555555555,2.0794415416798357,74,4,1346.0,45,75.83,76.81,77.55,73.19,1.0494603087853533,2.3331523739353166,130,4.875197323201151,0.013513513513513514,1.6094379124341003,1.0300000000000011,-3.230000000000004,0.8599999999999994,3.269999999999996,160,0.04204204204204204,0.47000362924573547,0.8,2.4,0.2,0.2898550724637681,0.9,2.3,0.2,0.20472440944881895,0.4,1.0,0.3,0.2868852459016394,1.3,1.1,0.4,0.3794326241134752,H,2,0,2,2
2025-11-14,Saudi Arabia,Ivory Coast,False,Friendly,0.3,1606.9,1712.7,-105.79999999999995,0.49165390432297684,0.5083460956770232,-0.3,-0.04999999999999999,-0.38998459167950683,-0.4,0.3999999999999999,0.6103095689823415,0.3896904310176585,0.19484521550882924,1.0,0.0,1,61,6,1421.0,41,75.74,75.38,76.06,74.85,1.0070808283233132,0.6065476073648342,55,4.02535169073515,0.01639344262295082,1.9459101490553132,34,3,1532.98,30,78.81,77.58,80.29,78.73,0.9853931157119268,1.3601593043953875,145,4.983606621708336,0.029411764705882353,1.3862943611198906,-3.0700000000000074,-2.200000000000003,-4.230000000000004,-3.8800000000000097,-90,-0.013018322082931532,0.5596157879354227,1.0,0.8,0.6,0.6272727272727272,1.0,1.1,0.5,0.5887850467289719,0.6,1.2,0.3,0.23728813559322035,0.8,0.9,0.45,0.3656716417910447,H,1,0,1,1
2025-11-14,Tunisia,Jordan,False,Friendly,0.3,1726.0,1546.5,179.5,0.8332629632987802,0.16673703670121975,0.2,0.09999999999999998,0.18055555555555552,0.2,-0.19999999999999996,0.6103095689823415,0.3896904310176585,0.19484521550882924,3.0,2.0,1,44,6,1483.05,35,72.99,70.78,75.39,71.78,0.9860685427695737,2.42501546386822,80,4.394449154672439,0.022727272727272728,1.9459101490553132,63,0,1391.0,42,70.24,72.37,69.09,67.57,1.0710374426520648,2.453188401516149,20,3.044522437723423,0.015873015873015872,0.0,2.75,-1.5900000000000034,6.299999999999997,4.210000000000008,60,0.006854256854256856,1.9459101490553132,0.2,1.0,0.3,0.3194444444444445,1.1,1.3,0.5,0.5343750000000002,0.4,0.8,0.5,0.5,0.9,0.7,0.6,0.5571428571428572,H,3,2,1,5
2025-11-14,Uzbekistan,Egypt,True,Al Ain International Cup,0.45,1524.3,1668.8,-144.5,0.3032627311199926,0.6967372688800074,-0.09999999999999998,0.0,-0.12318840579710144,-0.40000000000000013,-0.3999999999999999,0.6103095689823415,0.3896904310176585,0.19484521550882924,2.0,0.0,1,50,0,1465.34,37,72.62,72.67,74.08,70.68,1.02815506508206,1.7082251998297293,40,3.713572066704308,0.02,0.0,29,3,1565.56,25,80.93,86.04,70.5,73.27,1.174286884127201,8.288922326414538,115,4.7535901911063645,0.034482758620689655,1.3862943611198906,-8.310000000000002,-13.370000000000005,3.5799999999999983,-2.589999999999989,-75,-0.014482758620689654,-1.3862943611198906,1.8,1.4,0.6,0.6231884057971014,1.6,1.8,0.5,0.5499999999999999,1.4,1.0,0.5,0.5,1.4,1.2,0.5,0.5,H,2,0,2,2
2025-11-15,Brazil,Senegal,True,Friendly,0.3,1945.3,1791.8,153.5,0.707571197346835,0.29242880265316495,0.09999999999999998,0.04999999999999993,0.09661733615221979,0.0,-0.19999999999999996,0.5341758954031585,0.4348317168651571,0.2014808028187405,1.9025538612844355,1.2778387418035964,3,6,22,1761.16,6,85.24,85.72,84.39,84.78,1.0110875206416607,0.6836909633257792,1000,6.90875477931522,0.16666666666666666,3.1354942159291497,14,3,1686.41,13,79.32,80.15,76.69,79.3,1.0107187894073142,1.8030622100563654,260,5.564520407322694,0.07142857142857142,1.3862943611198906,5.920000000000002,5.569999999999993,7.700000000000003,5.480000000000004,740,0.09523809523809523,1.749199854809259,1.8,1.2,0.6,0.5545454545454546,1.5,1.4,0.55,0.5212765957446809,1.8,1.0,0.7,0.6511627906976744,1.2,0.8,0.6,0.5722222222222222,H,2,0,2,2
2025-11-15,Colombia,New Zealand,True,Friendly,0.3,1927.7,1443.6,484.10000000000014,0.9419530687038952,0.05804693129610483,0.10000000000000003,0.25,-0.005366726296958835,1.0,-0.40000000000000013,0.6103801996969204,0.3896198003030797,0.19480990015153984,2.0,1.0,1,13,6,1693.09,12,79.68,82.37,79.35,78.43,1.0502358791278847,2.0611647192788847,380,5.942799375126701,0.07692307692307693,1.9459101490553132,85,2,1281.0,48,71.79,75.19,70.01,71.34,1.0539669189795347,2.690223039080585,9,2.302585092994046,0.011764705882352941,1.0986122886681098,7.890000000000001,7.180000000000007,9.33999999999999,7.090000000000003,371,0.06515837104072399,0.8472978603872034,0.6,1.6,0.3,0.3076923076923077,0.5,1.6,0.25,0.24999999999999997,1.6,1.2,0.4,0.3023255813953489,1.8,1.1,0.5,0.45197740112994345,H,2,1,1,3
2025-11-15,Mexico,Uruguay,False,Friendly,0.3,1794.4,1869.1,-74.69999999999982,0.5363454072336477,0.46365459276635235,0.19999999999999996,0.24999999999999994,0.29999999999999993,0.3999999999999999,0.19999999999999996,0.3124665016859184,0.5104885184241459,0.3332782307328949,0.05460773749936425,1.944437796440849,4,15,17,1684.13,14,77.71,79.23,77.3,75.4,1.0507957559681698,1.9150195821453098,230,5.442417710521793,0.06666666666666667,2.8903717578961645,17,14,1673.07,16,82.26,82.38,83.75,80.54,1.0228457909113482,1.6107244746800498,270,5.602118820879701,0.058823529411764705,2.70805020110221,-4.550000000000011,-3.1499999999999915,-6.450000000000003,-5.140000000000001,-40,0.00784313725490196,0.18232155679395445,0.8,1.2,0.4,0.4,0.7,0.9,0.45,0.44680851063829785,1.2,1.4,0.6,0.7,1.5,1.2,0.7,0.775,D,0,0,0,0
2025-11-15,United States,Paraguay,False,Friendly,0.3,1636.1,1783.4,-147.30000000000018,0.4323472755456057,0.5676527244543943,0.0,-0.20000000000000007,0.0,0.0,0.19999999999999996,0.6188867636825932,0.3811132363174068,0.1905566181587034,1.9081773857862327,0.9081773857862325,2,16,11,1675.7,15,,,,,,,250,5.5254529391317835,0.0625,2.4849066497880004,40,8,1503.5,32,74.7,74.93,75.23,74.05,1.011883862255233,0.6132971003790402,100,4.61512051684126,0.025,2.1972245773362196,,,,,150,0.0375,0.2876820724517808,1.2,1.0,0.5,0.5,1.0,1.0,0.55,0.5618279569892474,1.2,1.2,0.5,0.5,0.9,1.5,0.35,0.3647058823529412,H,2,1,1,3
2025-11-15,Switzerland,Sweden,False,FIFA World Cup qualification,1.0,1854.3,1666.3,188.0,0.8399506946347535,0.16004930536524653,0.2,-0.04999999999999999,0.12949039264828735,0.7999999999999998,-0.7999999999999998,0.6658825338998388,0.3341174661001613,0.15729255002216572,2.855988497155934,0.5333383501604178,3,19,12,1650.75,18,79.03,79.12,77.93,79.65,0.9933458882611425,0.8808518604169482,280,5.638354669333745,0.05263157894736842,2.5649493574615367,38,12,1514.77,31,79.87,84.25,74.43,75.32,1.1185608072225173,5.430920732251576,140,4.948759890378168,0.02631578947368421,2.5649493574615367,-0.8400000000000034,-5.1299999999999955,3.5,4.3300000000000125,140,0.02631578947368421,0.0,1.6,2.8,0.3,0.2301587301587302,1.8,2.2,0.45,0.29017857142857145,2.4,2.0,0.5,0.35964912280701755,1.6,2.0,0.4,0.2956204379562044,H,4,1,3,5
2025-11-17,Cape Verde,Egypt,True,Al Ain International Cup,0.45,1553.5,1632.2,-78.70000000000005,0.3886397389733851,0.6113602610266149,-0.09999999999999998,-0.25000000000000006,-0.12318840579710144,-0.6000000000000001,0.19999999999999996,0.2693646809551214,0.37613534207597543,0.4891823174464638,0.9604695758230576,1.6548818295252616,4,69,0,1366.0,44,71.83,71.91,72.04,71.65,1.0036287508722959,0.19857828011475231,30,3.4339872044851463,0.014492753623188406,0.0,29,3,1565.56,25,80.93,86.04,70.5,73.27,1.174286884127201,8.288922326414538,115,4.7535901911063645,0.034482758620689655,1.3862943611198906,-9.100000000000009,-14.13000000000001,1.5400000000000063,-1.6199999999999903,-85,-0.019990004997501247,-1.3862943611198906,1.6,1.2,0.6,0.6231884057971014,1.6,1.5,0.55,0.5702479338842976,1.0,1.4,0.5,0.5,0.6,1.7,0.3,0.36111111111111116,D,1,1,0,2
2025-11-18,Austria,Bosnia and Herzegovina,False,FIFA World Cup qualification,1.0,1829.0,1623.1,205.9000000000001,0.8533225870644546,0.14667741293554537,0.30000000000000004,0.45000000000000007,0.27950183748468754,1.2,-2.0,0.4742437062927322,0.3290000632015365,0.3511056680368328,1.323649846241578,0.9440293836373382,4,24,7,1593.45,22,78.91,78.39,79.48,78.32,1.0008937691521962,0.6504613747179809,195,5.278114659230517,0.041666666666666664,2.0794415416798357,65,1,1385.0,43,,,,,,,70,4.2626798770413155,0.015384615384615385,0.6931471805599453,,,,,125,0.02628205128205128,1.3862943611198904,0.8,3.6,0.1,0.11290322580645162,0.5,2.9,0.1,0.11971830985915494,2.0,1.6,0.4,0.39240506329113917,2.4,1.4,0.55,0.4809160305343512,D,1,1,0,2
2025-11-18,Colombia,Australia,True,Friendly,0.3,1928.9,1725.6,203.30000000000018,0.7631972270032228,0.2368027729967772,-0.5,-0.3,-0.5972222222222222,0.0,0.6,0.5972683312091969,0.3809103071991184,0.2122765151912438,2.725147982015077,0.0,2,13,6,1693.09,12,79.68,82.37,79.35,78.43,1.0502358791278847,2.0611647192788847,380,5.942799375126701,0.07692307692307693,1.9459101490553132,27,6,1578.66,24,73.3,73.31,72.57,72.76,1.0075590984057174,0.3843175770115159,120,4.795790545596741,0.037037037037037035,1.9459101490553132,6.38000000000001,9.060000000000002,6.780000000000001,5.670000000000002,260,0.03988603988603989,0.0,1.6,0.4,1.0,1.0,1.3,0.6,0.75,0.6904761904761905,1.6,1.0,0.5,0.4027777777777778,1.3,1.1,0.45,0.3975903614457831,H,3,0,3,3
2025-11-18,Spain,Turkey,False,FIFA World Cup qualification,1.0,2099.2,1790.5,308.6999999999998,0.9131459275598678,0.08685407244013221,0.09999999999999998,0.35,0.06507936507936496,1.6,1.4000000000000001,0.494745040711884,0.3222284050565291,0.3441407567598514,3.9408796518950395,1.0295601740524802,2,2,16,1876.4,2,84.31,84.06,85.96,81.55,1.030778663396689,2.2120201927951126,920,6.825460036255307,0.5,2.833213344056216,22,2,1599.04,20,80.6,73.08,82.57,79.88,0.9148723084626941,4.891083724492965,460,6.133398042996649,0.045454545454545456,1.0986122886681098,3.710000000000008,10.980000000000004,3.3900000000000006,1.6700000000000017,460,0.45454545454545453,1.7346010553881064,1.4,1.2,0.6,0.634920634920635,1.4,2.1,0.5,0.5478260869565217,3.0,2.6,0.7,0.7,2.8,1.7,0.85,0.861842105263158,D,2,2,0,4
2025-11-18,Iran,Uzbekistan,True,Al Ain International Cup,0.45,1650.9,1560.9,90.0,0.626699081666732,0.37330091833326795,0.09999999999999998,0.04999999999999999,0.04166666666666663,-0.40000000000000013,-0.5999999999999999,0.32778741952653156,0.2151655324313998,0.5646298142577685,0.8328399648429395,0.6351428812412022,9,21,6,1616.04,19,75.74,78.83,74.88,72.88,1.0816410537870473,3.0277879714405382,75,4.330733340286331,0.047619047619047616,1.9459101490553132,50,0,1465.34,37,72.62,72.67,74.08,70.68,1.02815506508206,1.7082251998297293,40,3.713572066704308,0.02,0.0,3.1199999999999903,6.159999999999997,0.7999999999999972,2.1999999999999886,35,0.027619047619047616,1.9459101490553132,1.6,1.4,0.4,0.45833333333333337,1.2,1.1,0.45,0.48192771084337344,1.2,0.8,0.5,0.5,1.3,1.1,0.5,0.4699453551912568,D,0,0,0,0
2025-11-18,United States,Uruguay,False,Friendly,0.3,1647.5,1869.8,-222.29999999999995,0.3309225657132162,0.6690774342867838,0.0,0.0,0.009966777408637773,0.0,-0.19999999999999996,0.4849548465557544,0.4253108453434241,0.24437527090331165,2.374688213810368,0.8366515963434172,4,16,11,1675.7,15,,,,,,,250,5.5254529391317835,0.0625,2.4849066497880004,17,14,1673.07,16,82.26,82.38,83.75,80.54,1.0228457909113482,1.6107244746800498,270,5.602118820879701,0.058823529411764705,2.70805020110221,,,,,-20,0.003676470588235295,-0.2231435513142097,1.2,1.4,0.5,0.4186046511627907,0.8,1.0,0.45,0.41242937853107337,1.2,1.2,0.5,0.4285714285714285,1.1,1.5,0.45,0.4625,H,5,1,4,6
2025-11-18,Saudi Arabia,Algeria,False,Friendly,0.3,1617.1,1760.9,-143.80000000000018,0.4372985482781985,0.5627014517218015,-0.29999999999999993,-0.15000000000000002,-0.2750385208012327,-1.8000000000000003,-0.3999999999999999,0.40319983719685903,0.596800162803141,0.19030586544710462,0.18919870831391583,1.810801291686084,2,61,6,1421.0,41,75.74,75.38,76.06,74.85,1.0070808283233132,0.6065476073648342,55,4.02535169073515,0.01639344262295082,1.9459101490553132,28,4,1564.26,26,77.52,79.27,75.35,77.16,1.02734577501296,1.9619123323940861,160,5.081404364984463,0.03571428571428571,1.6094379124341003,-1.7800000000000011,-3.8900000000000006,0.710000000000008,-2.3100000000000023,-105,-0.019320843091334892,0.33647223662121295,2.2,1.2,0.7,0.6818181818181819,1.9,1.2,0.65,0.564935064935065,0.4,0.8,0.4,0.4067796610169492,0.8,0.7,0.5,0.4402985074626865,A,0,2,-2,2
2025-11-18,South Korea,Ghana,False,Friendly,0.3,1770.1,1625.9,144.19999999999982,0.8030912941005175,0.1969087058994825,0.5,0.4,0.5436259143155696,0.7999999999999999,-0.7999999999999998,0.5598425677014227,0.4401574322985771,0.1785209371594826,1.2906989637128345,0.8720968911385036,2,25,10,1589.65,23,80.06,83.51,76.56,79.68,1.048067269076305,3.481039116892159,210,5.351858133476067,0.04,2.3978952727983707,74,4,1346.0,45,75.83,76.81,77.55,73.19,1.0494603087853533,2.3331523739353166,130,4.875197323201151,0.013513513513513514,1.6094379124341003,4.230000000000004,6.700000000000003,-0.9899999999999949,6.490000000000009,80,0.026486486486486487,0.7884573603642704,0.6,2.4,0.1,0.12878787878787878,1.1,2.4,0.25,0.27165354330708663,1.4,1.6,0.6,0.6724137931034484,1.5,1.4,0.65,0.7013422818791947,H,1,0,1,1
2025-11-18,Brazil,Tunisia,True,Friendly,0.3,1954.1,1729.3,224.79999999999995,0.7848323813890992,0.21516761861090083,0.0,0.050000000000000044,-0.020000000000000073,1.4,0.9999999999999999,0.4378376044928944,0.3585213539363136,0.3829017185389488,2.1212469551182545,1.0,2,6,22,1761.16,6,85.24,85.72,84.39,84.78,1.0110875206416607,0.6836909633257792,1000,6.90875477931522,0.16666666666666666,3.1354942159291497,44,6,1483.05,35,72.99,70.78,75.39,71.78,0.9860685427695737,2.42501546386822,80,4.394449154672439,0.022727272727272728,1.9459101490553132,12.25,14.939999999999998,9.0,13.0,920,0.14393939393939392,1.1895840668738364,0.4,0.4,0.5,0.5000000000000001,0.7,0.9,0.5,0.5,1.8,1.4,0.5,0.48000000000000004,1.3,1.0,0.55,0.5494186046511628,D,1,1,0,2
2025-11-18,Mexico,Paraguay,True,Friendly,0.3,1793.7,1772.1,21.600000000000136,0.5310449119964186,0.46895508800358143,0.09999999999999998,0.09999999999999998,0.11142857142857138,0.19999999999999996,0.6000000000000001,0.3764461507328833,0.6235538492671168,0.17472543915044367,1.0178408036930349,1.7488727207777255,3,15,17,1684.13,14,77.71,79.23,77.3,75.4,1.0507957559681698,1.9150195821453098,230,5.442417710521793,0.06666666666666667,2.8903717578961645,40,8,1503.5,32,74.7,74.93,75.23,74.05,1.011883862255233,0.6132971003790402,100,4.61512051684126,0.025,2.1972245773362196,3.009999999999991,4.299999999999997,2.069999999999993,1.3500000000000085,130,0.041666666666666664,0.693147180559945,0.8,1.0,0.4,0.46,0.9,0.8,0.55,0.5971428571428571,1.0,1.6,0.5,0.5714285714285714,1.4,1.3,0.65,0.7375,A,1,2,-1,3
2025-11-18,Ecuador,New Zealand,True,Friendly,0.3,1848.4,1442.5,405.9000000000001,0.9118590526592818,0.0881409473407182,0.19999999999999996,0.25000000000000006,0.2542735042735043,-0.20000000000000007,-0.7999999999999999,0.6105922862730547,0.3894077137269453,0.19470385686347266,2.0,0.0,1,23,4,1596.48,21,79.42,73.4,81.21,78.83,0.9311175948243056,4.003028020553102,220,5.3981627015177525,0.043478260869565216,1.6094379124341003,85,2,1281.0,48,71.79,75.19,70.01,71.34,1.0539669189795347,2.690223039080585,9,2.302585092994046,0.011764705882352941,1.0986122886681098,7.6299999999999955,-1.789999999999992,11.199999999999989,7.489999999999995,211,0.031713554987212275,0.5108256237659905,0.8,1.2,0.4,0.38461538461538464,0.5,1.3,0.3,0.2884615384615385,0.6,0.4,0.6,0.638888888888889,0.5,0.4,0.55,0.5591715976331361,H,2,0,2,2
2025-12-07,Qatar,Tunisia,False,Arab Cup,0.45,1523.8,1735.0,-211.20000000000005,0.34521971756866787,0.6547802824313321,0.30000000000000004,0.0,0.2872340425531914,1.6,1.0,0.38805772869609423,0.6119422713039058,0.19402886434804711,0.0,3.0,1,55,1,1454.0,38,72.65,75.52,71.59,70.64,1.0690826727066818,2.587205699849418,18,2.9444389791664403,0.01818181818181818,0.6931471805599453,44,6,1483.05,35,72.99,70.78,75.39,71.78,0.9860685427695737,2.42501546386822,80,4.394449154672439,0.022727272727272728,1.9459101490553132,-0.3399999999999892,4.739999999999995,-3.799999999999997,-1.1400000000000006,-62,-0.004545454545454547,-1.252762968495368,0.6,0.8,0.5,0.5000000000000001,1.0,1.0,0.6,0.6428571428571428,2.2,1.8,0.8,0.7872340425531915,1.4,1.6,0.6,0.6655172413793103,A,0,3,-3,3
2025-12-08,Morocco,Saudi Arabia,True,Arab Cup,0.45,1777.1,1604.0,173.0999999999999,0.7303587931279523,0.26964120687204773,-0.10000000000000003,-0.15000000000000002,-0.12169312169312166,0.19999999999999996,0.3999999999999999,0.6365196129216886,0.36348038707831143,0.18174019353915571,1.0,0.0,2,8,6,1756.21,8,80.56,78.97,78.23,82.18,0.9609394013141883,2.0997698286558326,310,5.739792912179234,0.125,1.9459101490553132,61,6,1421.0,41,75.74,75.38,76.06,74.85,1.0070808283233132,0.6065476073648342,55,4.02535169073515,0.01639344262295082,1.9459101490553132,4.820000000000007,3.5900000000000034,2.1700000000000017,7.3300000000000125,255,0.10860655737704918,0.0,0.4,0.8,0.4,0.3518518518518518,0.9,0.7,0.55,0.4583333333333333,0.6,1.2,0.3,0.23015873015873015,0.7,1.1,0.4,0.3389261744966443,H,1,0,1,1
2025-12-09,Egypt,Jordan,True,Arab Cup,0.45,1628.3,1543.2,85.09999999999991,0.6200769800385352,0.3799230199614648,0.2,0.0,0.24612932604735877,1.2,0.5999999999999999,0.4266878961512617,0.5733121038487385,0.18167110230945874,0.6953027233722637,2.5364648510851575,2,29,3,1565.56,25,80.93,86.04,70.5,73.27,1.174286884127201,8.288922326414538,115,4.7535901911063645,0.034482758620689655,1.3862943611198906,63,0,1391.0,42,70.24,72.37,69.09,67.57,1.0710374426520648,2.453188401516149,20,3.044522437723423,0.015873015873015872,0.0,10.690000000000012,13.670000000000002,1.4099999999999966,5.700000000000003,95,0.018609742747673783,1.3862943611198906,0.2,0.8,0.3,0.3194444444444445,0.9,1.2,0.45,0.4723926380368099,1.4,1.4,0.5,0.5655737704918032,1.4,1.6,0.45,0.5080645161290323,A,0,3,-3,3
2025-12-09,Algeria,Iraq,True,Arab Cup,0.45,1774.1,1574.2,199.89999999999986,0.7596418373403061,0.2403581626596939,0.3,0.25000000000000006,0.2538304392236977,1.8,0.19999999999999996,0.6120850549298849,0.3879149450701152,0.1939574725350576,2.0,0.0,1,28,4,1564.26,26,77.52,79.27,75.35,77.16,1.02734577501296,1.9619123323940861,160,5.081404364984463,0.03571428571428571,1.6094379124341003,57,1,1447.0,39,70.2,71.16,69.09,70.18,1.013964092333998,1.0354870029765348,15,2.772588722239781,0.017543859649122806,0.6931471805599453,7.319999999999993,8.11,6.259999999999991,6.97999999999999,145,0.018170426065162906,0.916290731874155,0.8,1.6,0.3,0.33707865168539325,0.8,1.4,0.3,0.3546099290780142,2.6,1.8,0.6,0.5909090909090909,2.0,1.6,0.55,0.46621621621621623,H,2,0,2,2
2025-12-12,Jordan,Iraq,True,Arab Cup,0.45,1581.2,1561.6,19.600000000000136,0.5281767831930432,0.4718232168069568,-0.2,0.0,-0.22530027121270824,0.19999999999999996,0.3999999999999999,0.48312904626075825,0.3788465890372518,0.2645051049517858,0.8043609285925262,0.5932957525333444,5,63,0,1391.0,42,70.24,72.37,69.09,67.57,1.0710374426520648,2.453188401516149,20,3.044522437723423,0.015873015873015872,0.0,57,1,1447.0,39,70.2,71.16,69.09,70.18,1.013964092333998,1.0354870029765348,15,2.772588722239781,0.017543859649122806,0.6931471805599453,0.03999999999999204,1.210000000000008,0.0,-2.6100000000000136,5,-0.001670843776106934,-0.6931471805599453,0.4,1.0,0.4,0.449438202247191,0.8,1.3,0.35,0.3870967741935484,0.6,1.4,0.2,0.22413793103448276,0.8,1.3,0.35,0.3947368421052631,H,1,0,1,1
2025-12-15,Saudi Arabia,Jordan,True,Arab Cup,0.45,1594.6,1597.7,-3.1000000000001364,0.4955388597674405,0.5044611402325595,0.10000000000000003,0.10000000000000003,0.07627969220475078,-0.7999999999999999,-0.3999999999999999,0.44206302587842533,0.5408826697697454,0.13947304319118634,0.9834145406979246,0.8735376414782954,7,61,6,1421.0,41,75.74,75.38,76.06,74.85,1.0070808283233132,0.6065476073648342,55,4.02535169073515,0.01639344262295082,1.9459101490553132,63,0,1391.0,42,70.24,72.37,69.09,67.57,1.0710374426520648,2.453188401516149,20,3.044522437723423,0.015873015873015872,0.0,5.5,3.009999999999991,6.969999999999999,7.280000000000001,35,0.0005204267499349484,1.9459101490553132,1.2,1.4,0.3,0.3114754098360656,0.9,1.3,0.35,0.3611111111111111,0.4,1.0,0.4,0.38775510204081637,0.6,0.8,0.45,0.39316239316239315,A,0,1,-1,1
2025-12-18,Jordan,Morocco,True,Arab Cup,0.45,1615.0,1786.5,-171.5,0.27145888734659385,0.7285411126534062,0.0,0.0,0.08222222222222214,0.19999999999999996,0.0,0.36290862690731895,0.6370913730926809,0.18145431345365948,1.5411281352683113,3.229435932365845,2,63,0,1391.0,42,70.24,72.37,69.09,67.57,1.0710374426520648,2.453188401516149,20,3.044522437723423,0.015873015873015872,0.0,8,6,1756.21,8,80.56,78.97,78.23,82.18,0.9609394013141883,2.0997698286558326,310,5.739792912179234,0.125,1.9459101490553132,-10.320000000000007,-6.599999999999994,-9.14,-14.610000000000014,-290,-0.10912698412698413,-1.9459101490553132,1.0,1.2,0.4,0.2777777777777778,0.9,1.1,0.45,0.34444444444444444,1.2,1.2,0.4,0.35999999999999993,0.9,1.0,0.45,0.4485294117647059,A,2,3,-1,5
2025-12-26,Egypt,South Africa,True,African Cup of Nations,0.85,1590.3,1668.9,-78.60000000000014,0.38877652065473695,0.6112234793452631,-0.19999999999999996,0.0,-0.12306158617634028,0.7999999999999999,1.4000000000000001,0.5940087706850624,0.4059912293149377,0.18726510273394817,0.8746271006326088,0.1253728993673911,2,29,3,1565.56,25,80.93,86.04,70.5,73.27,1.174286884127201,8.288922326414538,115,4.7535901911063645,0.034482758620689655,1.3862943611198906,60,3,1429.0,40,71.74,72.79,72.69,69.92,1.0410469107551488,1.6288953311984171,35,3.58351893845611,0.016666666666666666,1.3862943611198906,9.190000000000012,13.25,-2.1899999999999977,3.3499999999999943,80,0.017816091954022988,0.0,0.6,0.2,0.6,0.6148648648648648,0.7,1.0,0.5,0.48928571428571427,1.4,1.6,0.4,0.4918032786885245,1.4,1.4,0.5,0.5314960629921259,H,1,0,1,1
2025-12-27,Senegal,DR Congo,True,African Cup of Nations,0.85,1783.0,1588.4,194.5999999999999,0.7540272309414713,0.24597276905852872,0.19999999999999996,0.3,0.24151844532279326,1.0,0.3999999999999999,0.44015446742985936,0.2865092085488432,0.41659092829571903,1.7196809653317886,1.359840482665894,3,14,3,1686.41,13,79.32,80.15,76.69,79.3,1.0107187894073142,1.8030622100563654,260,5.564520407322694,0.07142857142857142,1.3862943611198906,46,1,1478.35,36,74.39,76.91,71.1,74.48,1.032626208378088,2.9179159229376954,65,4.189654742026425,0.021739130434782608,0.6931471805599453,4.929999999999993,3.240000000000009,5.590000000000003,4.819999999999993,195,0.049689440993788817,0.6931471805599453,0.6,0.8,0.4,0.4034090909090909,0.6,1.2,0.3,0.33219178082191786,1.6,1.2,0.6,0.6449275362318841,1.7,1.5,0.6,0.5838709677419355,D,1,1,0,2
2026-01-06,Algeria,DR Congo,True,African Cup of Nations,0.85,1786.7,1597.3,189.4000000000001,0.7484333219019252,0.25156667809807476,0.3,0.25000000000000006,0.29420579420579407,1.9999999999999998,0.6000000000000001,0.5932875712452222,0.37282524486835333,0.22029980632060103,1.0,0.133230780949197,2,28,4,1564.26,26,77.52,79.27,75.35,77.16,1.02734577501296,1.9619123323940861,160,5.081404364984463,0.03571428571428571,1.6094379124341003,46,1,1478.35,36,74.39,76.91,71.1,74.48,1.032626208378088,2.9179159229376954,65,4.189654742026425,0.021739130434782608,0.6931471805599453,3.1299999999999955,2.3599999999999994,4.25,2.6799999999999926,95,0.013975155279503104,0.916290731874155,0.8,1.2,0.3,0.29670329670329676,0.8,1.4,0.3,0.303125,2.8,1.8,0.6,0.5909090909090908,1.9,1.6,0.55,0.46621621621621623,H,1,0,1,1
2026-01-10,Egypt,Ivory Coast,True,African Cup of Nations,0.85,1611.7,1702.5,-90.79999999999995,0.3722241811532089,0.6277758188467911,-0.19999999999999996,0.0,-0.12888637648388918,0.19999999999999996,0.7999999999999999,0.574291836993336,0.3604474449309346,0.24548444054119653,2.2985361173419787,1.5323574115613192,2,29,3,1565.56,25,80.93,86.04,70.5,73.27,1.174286884127201,8.288922326414538,115,4.7535901911063645,0.034482758620689655,1.3862943611198906,34,3,1532.98,30,78.81,77.58,80.29,78.73,0.9853931157119268,1.3601593043953875,145,4.983606621708336,0.029411764705882353,1.3862943611198906,2.1200000000000045,8.460000000000008,-9.790000000000006,-5.460000000000008,-30,0.005070993914807302,0.0,0.8,0.6,0.6,0.6206896551724137,0.7,1.0,0.45,0.51010101010101,1.0,1.4,0.4,0.4918032786885245,1.3,1.6,0.45,0.49615384615384617,H,3,2,1,5
2026-01-14,Senegal,Egypt,True,African Cup of Nations,0.85,1774.1,1633.7,140.39999999999986,0.6917273737159098,0.30827262628409025,0.19999999999999996,0.09999999999999998,0.15312425754335962,1.0,0.0,0.5654071054978571,0.37674646477278145,0.21615807289327804,0.6783408159849269,0.16393351489664587,4,14,3,1686.41,13,79.32,80.15,76.69,79.3,1.0107187894073142,1.8030622100563654,260,5.564520407322694,0.07142857142857142,1.3862943611198906,29,3,1565.56,25,80.93,86.04,70.5,73.27,1.174286884127201,8.288922326414538,115,4.7535901911063645,0.034482758620689655,1.3862943611198906,-1.6100000000000136,-5.890000000000001,6.189999999999998,6.030000000000001,145,0.03694581280788177,0.0,0.6,1.4,0.4,0.4918032786885245,1.2,1.4,0.5,0.5615384615384615,1.6,1.4,0.6,0.6449275362318841,1.7,1.5,0.6,0.6418439716312058,H,1,0,1,1
2026-01-18,Morocco,Senegal,False,African Cup of Nations,0.85,1796.0,1784.9,11.099999999999909,0.6546501499928119,0.3453498500071881,0.0,-0.10000000000000003,-0.16310935441370233,-0.6000000000000001,-0.5999999999999999,0.6323331273571486,0.36766687264285136,0.18383343632142568,3.0,0.17040614976566273,2,8,6,1756.21,8,80.56,78.97,78.23,82.18,0.9609394013141883,2.0997698286558326,310,5.739792912179234,0.125,1.9459101490553132,14,3,1686.41,13,79.32,80.15,76.69,79.3,1.0107187894073142,1.8030622100563654,260,5.564520407322694,0.07142857142857142,1.3862943611198906,1.240000000000009,-1.1800000000000068,1.5400000000000063,2.8800000000000097,50,0.053571428571428575,0.5596157879354227,1.6,1.4,0.6,0.6449275362318841,1.5,1.5,0.55,0.5724637681159421,1.0,0.8,0.6,0.4818181818181818,0.9,1.1,0.45,0.2862903225806452,H,3,0,3,3
2026-01-22,Panama,Mexico,False,Friendly,0.3,1583.0,1783.1,-200.0999999999999,0.3598023924704648,0.6401976075295353,0.0,-0.3,0.09122807017543866,0.20000000000000007,0.6000000000000001,0.21517973992031494,0.7500928921379321,0.1423172379019105,0.2716128599086043,1.691619627055401,10,33,1,1540.64,29,71.68,71.04,71.68,72.16,0.984478935698448,0.5619015334854749,55,4.02535169073515,0.030303030303030304,0.6931471805599453,15,17,1684.13,14,77.71,79.23,77.3,75.4,1.0507957559681698,1.9150195821453098,230,5.442417710521793,0.06666666666666667,2.8903717578961645,-6.029999999999987,-8.189999999999998,-5.61999999999999,-3.240000000000009,-175,-0.03636363636363636,-2.197224577336219,0.6,1.4,0.4,0.39999999999999997,1.2,1.3,0.6,0.6799999999999999,0.8,2.0,0.4,0.4912280701754386,0.7,1.9,0.3,0.3451327433628319,A,0,1,-1,1
2026-03-26,Brazil,France,True,Friendly,0.3,1948.4,2048.9,-100.5,0.35927217575442516,0.6407278242455748,0.09999999999999998,0.0,0.08852459016393466,0.0,-1.0,0.38008785643752735,0.6199121435624727,0.19004392821876367,1.0,2.0,1,6,22,1761.16,6,85.24,85.72,84.39,84.78,1.0110875206416607,0.6836909633257792,1000,6.90875477931522,0.16666666666666666,3.1354942159291497,1,16,1877.32,1,84.99,86.44,82.82,84.39,1.024291977722479,1.815296119094625,1280,7.155396301896734,1.0,2.833213344056216,0.25,-0.7199999999999989,1.5700000000000074,0.39000000000000057,-280,-0.8333333333333334,0.3022808718729335,2.0,1.6,0.6,0.5999999999999999,1.3,1.0,0.6,0.6,2.0,0.6,0.7,0.6885245901639345,1.5,1.0,0.6,0.5714285714285713,A,1,2,-1,3
2026-03-26,Colombia,Croatia,True,Friendly,0.3,1937.2,1908.0,29.200000000000045,0.5419235161248138,0.4580764838751862,0.19999999999999996,-0.10000000000000003,0.06397459165154273,0.19999999999999996,-0.19999999999999996,0.38008785643752735,0.6199121435624727,0.19004392821876367,1.0,2.0,1,13,6,1693.09,12,79.68,82.37,79.35,78.43,1.0502358791278847,2.0611647192788847,380,5.942799375126701,0.07692307692307693,1.9459101490553132,11,6,1717.07,11,80.81,78.83,81.31,81.29,0.9697379751506949,1.4260902262246042,340,5.831882477283517,0.09090909090909091,1.9459101490553132,-1.1299999999999955,3.5400000000000063,-1.960000000000008,-2.8599999999999994,40,-0.013986013986013984,0.0,1.6,1.0,0.5,0.5394736842105263,1.7,1.4,0.55,0.5147058823529412,1.8,0.8,0.7,0.6034482758620691,1.4,1.2,0.45,0.3548387096774193,A,1,2,-1,3
2026-03-27,Austria,Ghana,False,Friendly,0.3,1814.9,1621.9,193.0,0.8437822479242926,0.15621775207570743,0.5,0.30000000000000004,0.4674057649667406,1.7999999999999998,-0.7999999999999998,0.6199870296221222,0.38001297037787785,0.19000648518893892,5.0,1.0,1,24,7,1593.45,22,78.91,78.39,79.48,78.32,1.0008937691521962,0.6504613747179809,195,5.278114659230517,0.041666666666666664,2.0794415416798357,74,4,1346.0,45,75.83,76.81,77.55,73.19,1.0494603087853533,2.3331523739353166,130,4.875197323201151,0.013513513513513514,1.6094379124341003,3.0799999999999983,1.5799999999999983,1.9300000000000068,5.1299999999999955,65,0.02815315315315315,0.47000362924573547,0.6,2.4,0.1,0.15454545454545454,1.0,2.2,0.25,0.27165354330708663,2.4,1.6,0.6,0.6219512195121951,2.3,1.4,0.55,0.4925373134328358,H,5,1,4,6
2026-03-27,England,Uruguay,False,Friendly,0.3,1909.9,1844.8,65.10000000000014,0.7211940049794847,0.2788059950205153,0.19999999999999996,0.14999999999999997,0.2837301587301587,1.2000000000000002,0.19999999999999996,0.38001297037787785,0.38001297037787785,0.4299805444331833,1.0,1.0,1,4,16,1825.97,4,84.06,85.32,85.54,81.18,1.0509977827050996,2.456203031781639,1300,7.170888478512505,0.25,2.833213344056216,17,14,1673.07,16,82.26,82.38,83.75,80.54,1.0228457909113482,1.6107244746800498,270,5.602118820879701,0.058823529411764705,2.70805020110221,1.7999999999999972,2.9399999999999977,1.7900000000000063,0.6400000000000006,1030,0.19117647058823528,0.1251631429540061,0.6,1.0,0.4,0.26388888888888895,0.8,1.0,0.45,0.4066265060240963,1.8,1.2,0.6,0.5476190476190477,1.7,1.0,0.6,0.5495867768595043,D,1,1,0,2
2026-03-27,Morocco,Ecuador,True,Friendly,0.3,1817.2,1851.1,-33.899999999999864,0.4513682102813189,0.5486317897186811,0.09999999999999998,0.0,-0.11206896551724144,0.7999999999999999,0.6,0.38001297037787785,0.38001297037787785,0.4299805444331833,1.0,1.0,1,8,6,1756.21,8,80.56,78.97,78.23,82.18,0.9609394013141883,2.0997698286558326,310,5.739792912179234,0.125,1.9459101490553132,23,4,1596.48,21,79.42,73.4,81.21,78.83,0.9311175948243056,4.003028020553102,220,5.3981627015177525,0.043478260869565216,1.6094379124341003,1.1400000000000006,5.569999999999993,-2.9799999999999898,3.3500000000000085,90,0.08152173913043478,0.33647223662121295,0.6,0.4,0.6,0.6724137931034483,0.4,0.3,0.55,0.5632911392405066,1.4,1.0,0.7,0.5603448275862069,1.2,1.1,0.55,0.3938053097345133,D,1,1,0,2
2026-03-27,Netherlands,Norway,False,Friendly,0.3,1885.8,1700.1,185.70000000000005,0.8381627919497782,0.16183720805022184,0.2,0.04999999999999999,0.16911764705882354,0.6000000000000001,-0.7999999999999998,0.6083157438783857,0.3375242719178137,0.22292212016270727,1.8333289998355808,0.8225933050684362,3,7,10,1757.87,7,83.2,80.93,83.63,84.01,0.963337697893108,1.6793252613276926,720,6.580639137284949,0.14285714285714285,2.3978952727983707,31,3,1550.94,28,82.05,84.71,81.34,77.67,1.0906398867001414,3.521065179743194,320,5.771441123130016,0.03225806451612903,1.3862943611198906,1.1500000000000057,-3.779999999999987,2.289999999999992,6.340000000000003,400,0.11059907834101382,1.01160091167848,1.4,2.4,0.3,0.33088235294117646,1.9,2.0,0.45,0.41544117647058826,2.0,1.6,0.5,0.5,1.9,1.4,0.5,0.46180555555555564,H,2,1,1,3
2026-03-27,Saudi Arabia,Egypt,False,Friendly,0.3,1577.2,1622.9,-45.700000000000045,0.5775138906920453,0.4224861093079547,-0.09999999999999998,-0.15000000000000002,-0.22689222183467034,-0.6,-0.8,0.39421274903144576,0.6057872509685542,0.1856547005490735,0.177972191665424,3.7330417125018642,2,61,6,1421.0,41,75.74,75.38,76.06,74.85,1.0070808283233132,0.6065476073648342,55,4.02535169073515,0.01639344262295082,1.9459101490553132,29,3,1565.56,25,80.93,86.04,70.5,73.27,1.174286884127201,8.288922326414538,115,4.7535901911063645,0.034482758620689655,1.3862943611198906,-5.190000000000012,-10.66000000000001,5.560000000000002,1.5799999999999983,-60,-0.018089315997738834,0.5596157879354227,1.0,1.6,0.5,0.6311475409836065,1.3,1.4,0.55,0.6269230769230769,0.4,0.8,0.4,0.40425531914893614,0.6,0.9,0.4,0.33962264150943394,A,0,4,-4,4
2026-03-27,South Africa,Panama,False,Friendly,0.3,1647.5,1575.8,71.70000000000005,0.7287687426641603,0.27123125733583975,0.39999999999999997,0.25000000000000006,0.39470333587980644,0.4,-1.6,0.3062734253490537,0.5003182363866846,0.34654505093878857,1.0,1.5008213544973321,2,60,3,1429.0,40,71.74,72.79,72.69,69.92,1.0410469107551488,1.6288953311984171,35,3.58351893845611,0.016666666666666666,1.3862943611198906,33,1,1540.64,29,71.68,71.04,71.68,72.16,0.984478935698448,0.5619015334854749,55,4.02535169073515,0.030303030303030304,0.6931471805599453,0.05999999999998806,1.75,1.009999999999991,-2.239999999999995,-20,-0.013636363636363637,0.6931471805599453,0.6,2.2,0.2,0.21568627450980396,0.8,2.0,0.3,0.3451327433628319,1.0,0.6,0.6,0.6103896103896104,1.0,1.2,0.55,0.5658914728682171,D,1,1,0,2
2026-03-27,Switzerland,Germany,False,Friendly,0.3,1865.5,1833.1,32.40000000000009,0.6818215690855987,0.31817843091440134,-0.09999999999999998,-0.19999999999999996,-0.16666666666666663,0.0,0.8,0.3080101438110223,0.502515200902193,0.34347972719229586,2.210544228681239,2.717094577100994,4,19,12,1650.75,18,79.03,79.12,77.93,79.65,0.9933458882611425,0.8808518604169482,280,5.638354669333745,0.05263157894736842,2.5649493574615367,10,20,1731.3,10,83.78,84.42,84.51,82.18,1.0272572402044293,1.3200126262022376,850,6.7464121285733745,0.1,3.044522437723423,-4.75,-5.299999999999997,-6.579999999999998,-2.530000000000001,-570,-0.04736842105263159,-0.4795730802618863,2.6,1.0,0.7,0.7,2.4,1.0,0.7,0.650375939849624,2.6,1.8,0.6,0.5333333333333333,1.8,1.9,0.5,0.4416058394160584,A,3,4,-1,7
2026-03-28,United States,Belgium,False,Friendly,0.3,1672.6,1859.6,-187.0,0.3773498042127379,0.6226501957872621,0.29999999999999993,0.050000000000000044,0.29859154929577475,0.19999999999999996,-0.6000000000000001,0.3799380523240161,0.6200619476759839,0.18996902616200806,2.0,5.0,1,16,11,1675.7,15,,,,,,,250,5.5254529391317835,0.0625,2.4849066497880004,9,13,1734.71,9,82.71,82.46,84.06,79.53,1.0368414434804476,2.2973100211624318,600,6.398594934535208,0.1111111111111111,2.6390573296152584,,,,,-350,-0.048611111111111105,-0.15415067982725805,1.2,1.6,0.4,0.4014084507042253,1.3,1.3,0.5,0.4635761589403974,1.4,1.0,0.7,0.7000000000000001,1.2,1.4,0.55,0.5733333333333334,A,2,5,-3,7
2026-03-28,Scotland,Japan,False,Friendly,0.3,1722.1,1807.0,-84.90000000000009,0.5217169749208757,0.47828302507912435,-0.2,-0.25,-0.12605263157894728,-0.19999999999999996,0.6000000000000001,0.3799380523240161,0.6200619476759839,0.18996902616200806,0.0,1.0,1,43,7,1499.92,34,77.5,73.76,79.29,77.16,0.9559357179885952,2.7891994072373767,135,4.912654885736052,0.023255813953488372,2.0794415416798357,18,7,1661.58,17,76.86,73.58,78.41,76.46,0.9623332461417735,2.4298765400735887,290,5.673323267171493,0.05555555555555555,2.0794415416798357,0.6400000000000006,0.18000000000000682,0.8800000000000097,0.7000000000000028,-155,-0.03229974160206718,0.0,1.0,1.4,0.4,0.3299999999999999,1.0,1.2,0.4,0.3923611111111111,0.8,2.0,0.2,0.20394736842105263,0.9,2.6,0.15,0.18749999999999997,A,0,1,-1,1
2026-03-28,Mexico,Portugal,False,Friendly,0.3,1790.3,2047.9,-257.60000000000014,0.287569349773031,0.712430650226969,-0.5,-0.25,-0.49999999999999994,-0.5999999999999999,1.0,0.3799380523240161,0.3799380523240161,0.4300929215139758,0.0,0.0,1,15,17,1684.13,14,77.71,79.23,77.3,75.4,1.0507957559681698,1.9150195821453098,230,5.442417710521793,0.06666666666666667,2.8903717578961645,5,8,1763.83,5,83.74,82.45,86.12,82.24,1.0025535019455254,2.182025053323941,850,6.7464121285733745,0.2,2.1972245773362196,-6.030000000000001,-3.219999999999999,-8.820000000000007,-6.839999999999989,-620,-0.13333333333333336,0.693147180559945,1.4,0.8,0.8,0.7999999999999999,1.8,0.9,0.75,0.7857142857142856,0.8,1.8,0.3,0.3,1.1,1.4,0.5,0.5714285714285714,D,0,0,0,0
2026-03-28,Ivory Coast,South Korea,True,Friendly,0.3,1680.5,1774.0,-93.5,0.36859959629981476,0.6314004037001852,-0.19999999999999996,-0.29999999999999993,-0.2103481624758219,-1.0,-0.7999999999999999,0.6200619476759839,0.3799380523240161,0.18996902616200806,4.0,0.0,1,34,3,1532.98,30,78.81,77.58,80.29,78.73,0.9853931157119268,1.3601593043953875,145,4.983606621708336,0.029411764705882353,1.3862943611198906,25,10,1589.65,23,80.06,83.51,76.56,79.68,1.048067269076305,3.481039116892159,210,5.351858133476067,0.04,2.3978952727983707,-1.25,-5.930000000000007,3.730000000000004,-0.9500000000000028,-65,-0.010588235294117648,-1.01160091167848,1.6,1.4,0.7,0.7954545454545454,1.6,1.3,0.7,0.7391304347826086,0.6,0.6,0.5,0.5851063829787235,0.7,1.1,0.4,0.47727272727272724,H,4,0,4,4
2026-03-28,Haiti,Tunisia,True,Friendly,0.3,1421.0,1756.2,-335.20000000000005,0.12679859104391203,0.873201408956088,-0.09999999999999998,-0.30000000000000004,-0.211864406779661,0.3999999999999999,1.0,0.3799380523240161,0.6200619476759839,0.18996902616200806,0.0,1.0,1,83,1,1291.0,47,69.56,70.06,68.5,69.54,1.0074777106701178,0.7943131204590139,10,2.3978952727983707,0.012048192771084338,0.6931471805599453,44,6,1483.05,35,72.99,70.78,75.39,71.78,0.9860685427695737,2.42501546386822,80,4.394449154672439,0.022727272727272728,1.9459101490553132,-3.4299999999999926,-0.7199999999999989,-6.890000000000001,-2.239999999999995,-70,-0.01067907995618839,-1.252762968495368,0.8,1.0,0.5,0.5,1.0,1.1,0.55,0.5389610389610391,1.2,2.0,0.4,0.288135593220339,0.8,2.0,0.25,0.17045454545454544,A,0,1,-1,1
2026-03-29,Colombia,France,True,Friendly,0.3,1926.3,2056.1,-129.79999999999995,0.3214341418561116,0.6785658581438885,0.20000000000000007,-0.04999999999999993,0.10454545454545461,0.0,-1.2000000000000002,0.393028313309439,0.6069716866905611,0.1858993947552611,1.1655953459242818,2.917202327037859,2,13,6,1693.09,12,79.68,82.37,79.35,78.43,1.0502358791278847,2.0611647192788847,380,5.942799375126701,0.07692307692307693,1.9459101490553132,1,16,1877.32,1,84.99,86.44,82.82,84.39,1.024291977722479,1.815296119094625,1280,7.155396301896734,1.0,2.833213344056216,-5.309999999999988,-4.069999999999993,-3.469999999999999,-5.959999999999994,-900,-0.9230769230769231,-0.8873031950009029,2.0,1.6,0.6,0.5999999999999999,1.4,1.0,0.6,0.5921052631578948,2.0,0.4,0.8,0.7045454545454545,1.7,1.1,0.55,0.4236111111111111,A,1,3,-2,4
2026-03-30,Germany,Ghana,False,Friendly,0.3,1846.8,1616.1,230.70000000000005,0.8703054560999076,0.12969454390009238,0.5,0.35,0.4454545454545453,1.6,-1.2000000000000002,0.6202118797472028,0.3797881202527972,0.1898940601263986,2.0,1.0,1,10,20,1731.3,10,83.78,84.42,84.51,82.18,1.0272572402044293,1.3200126262022376,850,6.7464121285733745,0.1,3.044522437723423,74,4,1346.0,45,75.83,76.81,77.55,73.19,1.0494603087853533,2.3331523739353166,130,4.875197323201151,0.013513513513513514,1.6094379124341003,7.950000000000003,7.609999999999999,6.960000000000008,8.990000000000009,720,0.08648648648648649,1.4350845252893227,0.6,2.2,0.1,0.15454545454545454,1.0,2.0,0.25,0.27165354330708663,2.2,1.0,0.6,0.5999999999999999,2.2,1.2,0.6,0.5709219858156028,H,2,1,1,3
2026-03-31,Australia,Curaçao,False,FIFA Series,0.45,1717.3,1473.6,243.70000000000005,0.8785207692423188,0.12147923075768119,0.6000000000000001,0.35000000000000003,0.5410169491525424,0.40000000000000013,-2.4000000000000004,0.6202868937549253,0.37971310624507465,0.18985655312253732,5.0,1.0,1,27,6,1578.66,24,73.3,73.31,72.57,72.76,1.0075590984057174,0.3843175770115159,120,4.795790545596741,0.037037037037037035,1.9459101490553132,82,0,1294.0,46,,,,,,,12,2.5649493574615367,0.012195121951219513,0.0,,,,,108,0.024841915085817522,1.9459101490553132,1.2,3.2,0.2,0.3389830508474576,1.0,2.1,0.3,0.3661417322834646,1.6,0.8,0.8,0.88,1.2,0.8,0.65,0.6423611111111112,H,5,1,4,6
2026-03-31,United States,Portugal,False,Friendly,0.3,1659.4,2043.7,-384.29999999999995,0.16293336645125983,0.8370666335487402,0.20000000000000007,-0.04999999999999993,0.20000000000000007,1.0,-0.19999999999999996,0.37971310624507465,0.6202868937549253,0.18985655312253732,0.0,2.0,1,16,11,1675.7,15,,,,,,,250,5.5254529391317835,0.0625,2.4849066497880004,5,8,1763.83,5,83.74,82.45,86.12,82.24,1.0025535019455254,2.182025053323941,850,6.7464121285733745,0.2,2.1972245773362196,,,,,-600,-0.1375,0.2876820724517808,1.4,1.0,0.7,0.7,1.5,0.9,0.7,0.7482269503546098,2.4,0.8,0.9,0.9,1.6,1.3,0.65,0.6533333333333332,A,0,2,-2,2
2026-03-31,Spain,Egypt,False,Friendly,0.3,2082.7,1644.6,438.0999999999999,0.9567916790963993,0.04320832090360072,0.19999999999999996,0.35,0.16571319603356227,2.6,0.8000000000000003,0.37971310624507465,0.37971310624507465,0.43043034063238794,0.0,0.0,1,2,16,1876.4,2,84.31,84.06,85.96,81.55,1.030778663396689,2.2120201927951126,920,6.825460036255307,0.5,2.833213344056216,29,3,1565.56,25,80.93,86.04,70.5,73.27,1.174286884127201,8.288922326414538,115,4.7535901911063645,0.034482758620689655,1.3862943611198906,3.3799999999999955,-1.980000000000004,15.459999999999994,8.280000000000001,805,0.46551724137931033,1.4469189829363256,1.0,1.4,0.5,0.5579710144927535,1.2,1.4,0.5,0.5615384615384615,3.6,2.2,0.7,0.7236842105263158,3.1,1.7,0.85,0.8645161290322579,D,0,0,0,0
2026-03-31,Norway,Switzerland,False,Friendly,0.3,1696.9,1851.8,-154.89999999999986,0.42164361857980315,0.5783563814201969,-0.4,-0.19999999999999996,-0.3405103668261564,-1.6,1.2,0.37971310624507465,0.37971310624507465,0.43043034063238794,0.0,0.0,1,31,3,1550.94,28,82.05,84.71,81.34,77.67,1.0906398867001414,3.521065179743194,320,5.771441123130016,0.03225806451612903,1.3862943611198906,19,12,1650.75,18,79.03,79.12,77.93,79.65,0.9933458882611425,0.8808518604169482,280,5.638354669333745,0.05263157894736842,2.5649493574615367,3.019999999999996,5.589999999999989,3.4099999999999966,-1.980000000000004,40,-0.020373514431239387,-1.1786549963416462,3.2,1.2,0.8,0.787878787878788,2.1,1.4,0.6,0.5875912408759125,1.6,2.4,0.4,0.4473684210526316,1.8,2.0,0.4,0.35546874999999994,D,0,0,0,0
2026-03-31,Netherlands,Ecuador,False,Friendly,0.3,1889.1,1850.1,39.0,0.6900062072803139,0.3099937927196861,-0.29999999999999993,-0.2,-0.39545454545454534,0.6000000000000001,1.4,0.3489446847768798,0.3489446847768798,0.4765829728346803,1.0,1.0,2,7,10,1757.87,7,83.2,80.93,83.63,84.01,0.963337697893108,1.6793252613276926,720,6.580639137284949,0.14285714285714285,2.3978952727983707,23,4,1596.48,21,79.42,73.4,81.21,78.83,0.9311175948243056,4.003028020553102,220,5.3981627015177525,0.043478260869565216,1.6094379124341003,3.780000000000001,7.530000000000001,2.4200000000000017,5.180000000000007,500,0.09937888198757763,0.7884573603642704,1.0,0.4,0.7,0.7954545454545453,0.6,0.2,0.65,0.6597222222222223,1.6,1.8,0.4,0.39999999999999997,1.8,1.7,0.45,0.4440789473684211,D,1,1,0,2
2026-03-31,Morocco,Paraguay,True,Friendly,0.3,1818.2,1782.7,35.5,0.550911554629481,0.44908844537051895,0.6000000000000001,0.15000000000000002,0.469191633691351,1.2000000000000002,-0.5999999999999999,0.5722179874059409,0.35028737771954505,0.2526383237342867,1.4823774128453624,0.7411887064226812,2,8,6,1756.21,8,80.56,78.97,78.23,82.18,0.9609394013141883,2.0997698286558326,310,5.739792912179234,0.125,1.9459101490553132,40,8,1503.5,32,74.7,74.93,75.23,74.05,1.011883862255233,0.6132971003790402,100,4.61512051684126,0.025,2.1972245773362196,5.859999999999999,4.039999999999992,3.0,8.13000000000001,210,0.1,-0.25131442828090633,0.6,1.4,0.2,0.2377049180327869,1.0,1.0,0.5,0.5869565217391304,1.8,0.8,0.8,0.7068965517241379,1.4,0.9,0.65,0.5590909090909091,H,2,1,1,3
2026-03-31,South Africa,Panama,False,Friendly,0.3,1643.0,1580.4,62.59999999999991,0.7182911384345088,0.28170886156549124,0.3,0.35000000000000003,0.22499999999999998,0.4,-0.5999999999999999,0.3062734253490537,0.5003182363866846,0.34654505093878857,1.0,1.5008213544973321,2,60,3,1429.0,40,71.74,72.79,72.69,69.92,1.0410469107551488,1.6288953311984171,35,3.58351893845611,0.016666666666666666,1.3862943611198906,33,1,1540.64,29,71.68,71.04,71.68,72.16,0.984478935698448,0.5619015334854749,55,4.02535169073515,0.030303030303030304,0.6931471805599453,0.05999999999998806,1.75,1.009999999999991,-2.239999999999995,-20,-0.013636363636363637,0.6931471805599453,0.6,1.4,0.2,0.275,0.6,2.0,0.2,0.25925925925925924,1.0,0.8,0.5,0.5,1.0,0.8,0.55,0.5214285714285715,A,1,2,-1,3
2026-03-31,Ivory Coast,Scotland,True,Friendly,0.3,1704.2,1711.6,-7.399999999999864,0.4893521540054761,0.5106478459945238,-0.10000000000000003,0.15000000000000002,-0.18070533372194691,0.0,0.19999999999999996,0.6202868937549253,0.37971310624507465,0.18985655312253732,1.0,0.0,1,34,3,1532.98,30,78.81,77.58,80.29,78.73,0.9853931157119268,1.3601593043953875,145,4.983606621708336,0.029411764705882353,1.3862943611198906,43,7,1499.92,34,77.5,73.76,79.29,77.16,0.9559357179885952,2.7891994072373767,135,4.912654885736052,0.023255813953488372,2.0794415416798357,1.3100000000000023,3.819999999999993,1.0,1.5700000000000074,10,0.006155950752393981,-0.6931471805599452,0.8,1.0,0.4,0.40410958904109584,0.9,2.3,0.25,0.27941176470588236,0.8,1.2,0.3,0.22340425531914893,0.8,1.2,0.4,0.4242424242424243,H,1,0,1,1
2026-03-31,England,Japan,False,Friendly,0.3,1905.4,1817.4,88.0,0.7469129214289432,0.25308707857105683,-0.09999999999999998,0.0,-0.15384615384615385,0.20000000000000018,0.19999999999999996,0.37971310624507465,0.6202868937549253,0.18985655312253732,0.0,1.0,1,4,16,1825.97,4,84.06,85.32,85.54,81.18,1.0509977827050996,2.456203031781639,1300,7.170888478512505,0.25,2.833213344056216,18,7,1661.58,17,76.86,73.58,78.41,76.46,0.9623332461417735,2.4298765400735887,290,5.673323267171493,0.05555555555555555,2.0794415416798357,7.200000000000003,11.739999999999995,7.13000000000001,4.720000000000013,1010,0.19444444444444445,0.7537718023763804,1.4,1.2,0.6,0.6538461538461539,1.1,1.0,0.5,0.48161764705882354,1.6,1.4,0.5,0.5,1.5,1.3,0.5,0.4345794392523365,A,0,1,-1,1
2026-03-31,Canada,Tunisia,False,Friendly,0.3,1692.4,1758.7,-66.29999999999995,0.5483466735156153,0.4516533264843847,-0.09999999999999998,-0.04999999999999993,-0.06686046511627908,-0.7999999999999999,-0.4,0.37971310624507465,0.37971310624507465,0.43043034063238794,0.0,0.0,1,30,2,1556.48,27,78.82,80.96,76.66,78.52,1.031074885379521,2.1565095254446076,200,5.303304908059076,0.03333333333333333,1.0986122886681098,44,6,1483.05,35,72.99,70.78,75.39,71.78,0.9860685427695737,2.42501546386822,80,4.394449154672439,0.022727272727272728,1.9459101490553132,5.829999999999998,10.179999999999993,1.269999999999996,6.739999999999995,120,0.010606060606060605,-0.8472978603872034,1.4,1.0,0.6,0.625,1.2,1.0,0.6,0.59375,0.6,0.6,0.5,0.5581395348837209,0.9,0.9,0.55,0.5337078651685392,D,0,0,0,0
2026-03-31,Brazil,Croatia,True,Friendly,0.3,1941.2,1918.9,22.299999999999955,0.5320482824981083,0.4679517175018917,0.09999999999999998,0.050000000000000044,0.12272963155163474,0.6000000000000001,0.0,0.5783946275254666,0.34140791993710234,0.2509014125059823,2.4291116664518215,0.9347955095896678,3,6,22,1761.16,6,85.24,85.72,84.39,84.78,1.0110875206416607,0.6836909633257792,1000,6.90875477931522,0.16666666666666666,3.1354942159291497,11,6,1717.07,11,80.81,78.83,81.31,81.29,0.9697379751506949,1.4260902262246042,340,5.831882477283517,0.09090909090909091,1.9459101490553132,4.429999999999993,6.890000000000001,3.0799999999999983,3.489999999999995,660,0.07575757575757575,1.1895840668738364,1.6,0.8,0.6,0.6219512195121951,1.3,1.2,0.5,0.48299319727891155,2.2,0.8,0.7,0.7446808510638299,1.5,1.1,0.55,0.5102040816326531,H,3,1,2,4
2026-03-31,Austria,South Korea,False,Friendly,0.3,1820.7,1750.4,70.29999999999995,0.7271728183835752,0.27282718161642483,-0.19999999999999996,-0.09999999999999998,-0.1823529411764706,0.6000000000000001,0.0,0.6202868937549253,0.37971310624507465,0.18985655312253732,1.0,0.0,1,24,7,1593.45,22,78.91,78.39,79.48,78.32,1.0008937691521962,0.6504613747179809,195,5.278114659230517,0.041666666666666664,2.0794415416798357,25,10,1589.65,23,80.06,83.51,76.56,79.68,1.048067269076305,3.481039116892159,210,5.351858133476067,0.04,2.3978952727983707,-1.1500000000000057,-5.1200000000000045,2.9200000000000017,-1.3600000000000136,-15,0.0016666666666666635,-0.3184537311185349,1.4,1.4,0.7,0.7000000000000001,1.5,1.2,0.7,0.7165354330708662,2.0,1.4,0.5,0.5176470588235295,2.2,1.2,0.6,0.5547445255474452,H,1,0,1,1
2026-03-31,Algeria,Uruguay,True,Friendly,0.3,1795.5,1849.2,-53.700000000000045,0.42332905126558495,0.576670948734415,0.3,0.2,0.4698275862068966,1.6,-0.19999999999999996,0.37971310624507465,0.37971310624507465,0.43043034063238794,0.0,0.0,1,28,4,1564.26,26,77.52,79.27,75.35,77.16,1.02734577501296,1.9619123323940861,160,5.081404364984463,0.03571428571428571,1.6094379124341003,17,14,1673.07,16,82.26,82.38,83.75,80.54,1.0228457909113482,1.6107244746800498,270,5.602118820879701,0.058823529411764705,2.70805020110221,-4.740000000000009,-3.1099999999999994,-8.400000000000006,-3.3800000000000097,-110,-0.023109243697478993,-1.0986122886681098,0.6,1.8,0.3,0.15517241379310345,0.9,1.4,0.45,0.4354838709677419,2.2,1.6,0.6,0.625,2.0,1.3,0.65,0.6590909090909091,D,0,0,0,0
2026-03-31,Mexico,Belgium,True,Friendly,0.3,1794.5,1872.8,-78.29999999999995,0.38918697071828,0.61081302928172,0.2,0.09999999999999998,0.23088235294117646,-0.20000000000000007,-0.20000000000000018,0.37971310624507465,0.37971310624507465,0.43043034063238794,1.0,1.0,1,15,17,1684.13,14,77.71,79.23,77.3,75.4,1.0507957559681698,1.9150195821453098,230,5.442417710521793,0.06666666666666667,2.8903717578961645,9,13,1734.71,9,82.71,82.46,84.06,79.53,1.0368414434804476,2.2973100211624318,600,6.398594934535208,0.1111111111111111,2.6390573296152584,-5.0,-3.2299999999999898,-6.760000000000005,-4.1299999999999955,-370,-0.04444444444444444,0.2513144282809061,0.8,1.6,0.2,0.1691176470588235,1.4,1.3,0.5,0.4827586206896552,0.6,1.4,0.4,0.39999999999999997,1.0,1.0,0.6,0.6571428571428571,D,1,1,0,2
2026-05-22,Mexico,Ghana,False,Friendly,0.3,1796.7,1613.5,183.20000000000005,0.8362011777069337,0.1637988222930663,0.4,0.4,0.34545454545454546,-0.20000000000000007,-1.7999999999999998,0.6626159983274623,0.3373840016725377,0.16869200083626884,2.0,0.0,2,15,17,1684.13,14,77.71,79.23,77.3,75.4,1.0507957559681698,1.9150195821453098,230,5.442417710521793,0.06666666666666667,2.8903717578961645,74,4,1346.0,45,75.83,76.81,77.55,73.19,1.0494603087853533,2.3331523739353166,130,4.875197323201151,0.013513513513513514,1.6094379124341003,1.8799999999999955,2.4200000000000017,-0.25,2.210000000000008,100,0.05315315315315315,1.2809338454620642,0.8,2.4,0.1,0.15454545454545457,0.9,2.5,0.15,0.22440944881889766,0.6,0.6,0.5,0.5,0.9,1.0,0.55,0.6142857142857142,H,2,0,2,2
2026-05-30,Scotland,Curaçao,False,Friendly,0.3,1701.4,1465.6,235.80000000000018,0.8735833320594004,0.12641666794059958,0.0,0.0,-0.09349371241115362,-0.7999999999999999,-1.6,0.6248460591479037,0.3751539408520963,0.18757697042604815,4.0,1.0,1,43,7,1499.92,34,77.5,73.76,79.29,77.16,0.9559357179885952,2.7891994072373767,135,4.912654885736052,0.023255813953488372,2.0794415416798357,82,0,1294.0,46,,,,,,,12,2.5649493574615367,0.012195121951219513,0.0,,,,,123,0.01106069200226886,2.0794415416798357,1.4,2.6,0.3,0.43220338983050843,1.0,2.2,0.25,0.32283464566929126,0.6,1.0,0.3,0.3387096774193548,0.9,2.2,0.25,0.304,H,4,1,3,5
2026-05-30,Mexico,Australia,True,Friendly,0.3,1801.6,1725.3,76.29999999999995,0.6080727054120965,0.39192729458790354,-0.09999999999999998,-0.09999999999999998,-0.16666666666666663,-0.6,-0.6,0.5627388587803677,0.3378651388630983,0.2683285717880832,1.306522612285729,0.6130452245714579,2,15,17,1684.13,14,77.71,79.23,77.3,75.4,1.0507957559681698,1.9150195821453098,230,5.442417710521793,0.06666666666666667,2.8903717578961645,27,6,1578.66,24,73.3,73.31,72.57,72.76,1.0075590984057174,0.3843175770115159,120,4.795790545596741,0.037037037037037035,1.9459101490553132,4.409999999999997,5.920000000000002,4.730000000000004,2.6400000000000006,110,0.02962962962962963,0.9444616088408513,1.2,1.2,0.6,0.6666666666666666,1.1,1.0,0.6,0.631578947368421,0.6,0.6,0.5,0.5,0.8,1.1,0.5,0.5384615384615384,H,1,0,1,1
2026-05-30,Ecuador,Saudi Arabia,True,Friendly,0.3,1853.9,1555.6,298.3000000000002,0.8477617396603885,0.15223826033961152,0.3,0.35000000000000003,0.28,0.8,-0.20000000000000007,0.5771057504746973,0.3464909371025447,0.24964878097403026,1.5022879367467985,0.7511439683733993,2,23,4,1596.48,21,79.42,73.4,81.21,78.83,0.9311175948243056,4.003028020553102,220,5.3981627015177525,0.043478260869565216,1.6094379124341003,61,6,1421.0,41,75.74,75.38,76.06,74.85,1.0070808283233132,0.6065476073648342,55,4.02535169073515,0.01639344262295082,1.9459101490553132,3.680000000000007,-1.9799999999999898,5.1499999999999915,3.980000000000004,165,0.027084818246614396,-0.33647223662121295,0.2,0.8,0.3,0.31999999999999995,0.4,1.0,0.3,0.2752293577981651,1.0,0.6,0.6,0.6,0.7,0.3,0.65,0.676923076923077,H,2,1,1,3
2026-05-31,Brazil,Panama,False,Friendly,0.3,1955.2,1594.7,360.5,0.9340634275048122,0.0659365724951878,0.2,0.30000000000000004,0.1045454545454545,1.4000000000000001,0.0,0.6073678979122377,0.36454045646030636,0.2103618738576092,5.481549160483765,1.896309832096753,2,6,22,1761.16,6,85.24,85.72,84.39,84.78,1.0110875206416607,0.6836909633257792,1000,6.90875477931522,0.16666666666666666,3.1354942159291497,33,1,1540.64,29,71.68,71.04,71.68,72.16,0.984478935698448,0.5619015334854749,55,4.02535169073515,0.030303030303030304,0.6931471805599453,13.559999999999988,14.679999999999993,12.709999999999994,12.620000000000005,945,0.13636363636363635,2.4423470353692043,0.8,1.2,0.3,0.35000000000000003,0.7,1.8,0.25,0.30097087378640774,2.2,1.2,0.5,0.45454545454545453,1.6,1.2,0.55,0.5639097744360902,H,6,2,4,8
2026-05-31,Switzerland,Jordan,False,Friendly,0.3,1850.3,1605.5,244.79999999999995,0.8791949266557016,0.12080507334429835,0.20000000000000007,0.10000000000000003,0.3871177618737801,2.0,0.5999999999999999,0.624923013759203,0.37507698624079705,0.18753849312039853,4.0,1.0,1,19,12,1650.75,18,79.03,79.12,77.93,79.65,0.9933458882611425,0.8808518604169482,280,5.638354669333745,0.05263157894736842,2.5649493574615367,63,0,1391.0,42,70.24,72.37,69.09,67.57,1.0710374426520648,2.453188401516149,20,3.044522437723423,0.015873015873015872,0.0,8.790000000000006,6.75,8.840000000000003,12.080000000000013,260,0.036758563074352546,2.5649493574615367,1.4,0.8,0.6,0.5094339622641509,0.8,0.9,0.45,0.4,3.4,1.4,0.8,0.896551724137931,2.3,1.7,0.55,0.5656934306569343,H,4,1,3,5
2026-05-31,United States,Senegal,False,Friendly,0.3,1654.5,1763.8,-109.29999999999995,0.48661941973105693,0.5133805802689431,0.0,0.09999999999999998,-0.08030303030303021,0.7999999999999998,0.6000000000000001,0.624923013759203,0.37507698624079705,0.18753849312039853,3.0,2.0,1,16,11,1675.7,15,,,,,,,250,5.5254529391317835,0.0625,2.4849066497880004,14,3,1686.41,13,79.32,80.15,76.69,79.3,1.0107187894073142,1.8030622100563654,260,5.564520407322694,0.07142857142857142,1.3862943611198906,,,,,-10,-0.008928571428571425,1.0986122886681098,1.6,1.2,0.7,0.7803030303030303,1.4,1.4,0.55,0.5629629629629629,2.4,1.8,0.7,0.7000000000000001,1.8,1.4,0.65,0.6533333333333332,H,3,2,1,5
